Name,Goals,Big chances missed,Successful dribbles %,Total shots,Headed goals,Set piece conversion %,Tackles,Interceptions,Penalty committed,Clearances,Errors lead to goal,Dribbled past,Big chances created,Assists,Total passes,Accurate passes %,Accurate final third passes,Accurate long balls %,Saves,Clean sheets,Penalties faced,Penalties saved,Goals conceded inside the box,Goals conceded outside the box,Yellow cards,Red cards,Aerial duels won %,Total duels won %,Was fouled,Fouls,Appearances,Age Range,Position,League,Level
Malcom,0.85,0.26,57.33,3.89,0.04,0.37,0.67,0.19,0.0,0.56,0.0,0.3,0.22,0.26,42.11,83.55,19.89,83.33,0.0,0.22,0.0,0.0,0.52,0.07,0.04,0.0,32.35,50.18,2.11,0.67,27,2,4,Rusia Premier Liga,4
Quincy Promes,0.74,0.41,50.0,3.67,0.07,0.0,0.33,0.07,0.0,0.11,0.0,0.15,0.48,0.26,38.78,83.29,18.85,64.29,0.0,0.19,0.0,0.0,0.96,0.26,0.22,0.0,40.0,43.11,0.74,0.3,27,3,4,Rusia Premier Liga,4
Nikita Alekseev,0.0,0.0,0.0,0.0,0.0,0.0,1.0,0.0,1.0,1.0,0.0,0.0,0.0,0.0,22.0,81.82,0.0,72.73,2.0,1.0,1.0,1.0,0.0,0.0,0.0,0.0,0.0,50.0,0.0,1.0,1,1,1,Rusia Premier Liga,4
Maksim Kutovoi,1.0,0.0,0.0,1.0,0.0,0.0,0.0,0.0,0.0,0.0,0.0,0.0,0.0,0.0,2.0,0.0,0.0,0.0,0.0,0.0,0.0,0.0,0.0,0.0,0.0,0.0,100.0,100.0,0.0,0.0,1,1,4,Rusia Premier Liga,4
Guillermo Varela,0.0,0.0,100.0,0.0,0.0,0.0,2.0,1.0,0.0,9.0,0.0,0.0,0.0,0.0,28.0,75.0,5.0,66.67,0.0,0.0,0.0,0.0,1.0,0.0,0.0,0.0,50.0,63.64,2.0,0.0,1,2,2,Rusia Premier Liga,4
Artem Dzyuba,0.73,0.27,55.56,2.09,0.09,0.0,0.45,0.0,0.09,2.09,0.0,0.27,0.45,0.45,23.64,54.62,6.27,40.0,0.0,0.0,0.0,0.0,0.82,0.09,0.18,0.0,53.25,44.7,0.73,0.91,11,3,4,Rusia Premier Liga,4
Claudinho,0.21,0.08,49.21,2.29,0.0,0.0,1.67,1.0,0.0,0.29,0.0,0.75,0.21,0.38,53.21,86.22,20.63,72.58,0.0,0.08,0.0,0.0,0.58,0.08,0.13,0.0,43.75,52.8,1.46,1.0,24,2,3,Rusia Premier Liga,4
Douglas Santos,0.0,0.0,60.0,0.82,0.0,0.0,2.21,1.36,0.0,0.93,0.0,0.57,0.11,0.11,70.68,85.5,21.61,51.53,0.0,0.46,0.0,0.0,0.57,0.11,0.07,0.0,56.52,62.56,0.68,0.5,28,2,2,Rusia Premier Liga,4
Gabriel Florentín,0.1,0.1,72.09,1.65,0.0,0.0,1.75,0.75,0.05,0.45,0.0,0.65,0.15,0.2,49.7,83.6,16.05,72.22,0.0,0.0,0.0,0.0,1.3,0.25,0.2,0.0,63.64,57.46,1.2,1.05,20,1,3,Rusia Premier Liga,4
Eduard Spertsyan,0.36,0.07,55.26,2.46,0.0,0.45,1.07,0.46,0.04,0.57,0.0,0.71,0.29,0.39,44.39,85.04,13.64,59.26,0.0,0.25,0.0,0.0,1.29,0.14,0.21,0.0,52.17,51.95,1.75,1.18,28,1,3,Rusia Premier Liga,4
Maksim Osipenko,0.23,0.08,66.67,0.81,0.0,0.0,1.5,2.46,0.0,4.85,0.0,0.12,0.12,0.08,64.19,78.67,6.92,49.73,0.0,0.19,0.0,0.0,1.31,0.08,0.08,0.0,71.09,72.6,0.65,0.46,26,2,2,Rusia Premier Liga,4
Fedor Chalov,0.63,0.43,52.5,3.13,0.1,0.0,0.73,0.17,0.0,0.4,0.0,0.5,0.27,0.17,24.03,73.93,7.27,54.84,0.0,0.07,0.0,0.0,0.63,0.13,0.07,0.0,32.38,39.7,0.97,0.63,30,2,4,Rusia Premier Liga,4
Wendel,0.32,0.08,64.71,1.76,0.0,0.0,1.32,0.84,0.0,0.4,0.04,0.68,0.2,0.12,65.6,91.71,23.36,74.68,0.0,0.2,0.0,0.0,0.48,0.08,0.12,0.0,25.0,56.12,1.68,0.6,25,2,3,Rusia Premier Liga,4
Christian Noboa,0.42,0.15,70.0,1.81,0.0,0.0,1.46,0.96,0.0,0.85,0.0,0.69,0.15,0.08,56.0,76.1,15.73,61.67,0.0,0.12,0.0,0.0,1.42,0.38,0.19,0.0,58.33,53.06,0.92,0.81,26,3,3,Rusia Premier Liga,4
Jesús Medina,0.32,0.2,41.94,2.2,0.04,0.0,1.08,0.44,0.04,0.44,0.0,0.76,0.16,0.28,30.12,76.63,10.0,62.34,0.0,0.2,0.0,0.0,0.56,0.2,0.08,0.0,26.32,40.86,0.72,0.64,25,2,3,Rusia Premier Liga,4
Dejan Lovren,0.07,0.07,100.0,1.27,0.0,0.0,0.87,1.33,0.0,2.87,0.0,0.13,0.07,0.07,61.27,87.16,6.4,59.57,0.0,0.6,0.0,0.0,0.4,0.0,0.07,0.0,73.91,68.29,0.53,0.6,15,3,2,Rusia Premier Liga,4
Arsen Zakharyan,0.15,0.0,55.26,1.37,0.0,1.23,1.41,0.7,0.0,0.7,0.0,0.7,0.19,0.26,40.33,77.69,12.48,60.75,0.0,0.15,0.0,0.0,1.15,0.0,0.19,0.04,26.53,45.22,1.22,1.07,27,1,3,Rusia Premier Liga,4
Stanislav Agkatsev,0.0,0.0,0.0,0.0,0.0,0.0,0.0,0.0,0.0,0.0,0.0,0.33,0.0,0.0,43.67,61.07,1.0,39.76,3.0,0.67,0.33,0.33,1.0,0.0,0.0,0.0,0.0,50.0,0.33,0.0,3,1,1,Rusia Premier Liga,4
Daniil Utkin,0.11,0.07,72.0,1.93,0.0,0.41,1.19,0.78,0.0,0.81,0.04,0.41,0.26,0.22,42.07,77.55,8.19,52.21,0.0,0.15,0.0,0.0,1.22,0.07,0.15,0.0,58.62,62.68,1.74,0.48,27,1,3,Rusia Premier Liga,4
Konstantin Kuchaev,0.14,0.07,53.85,0.71,0.07,0.0,1.29,1.36,0.0,0.71,0.0,0.5,0.5,0.29,26.29,81.79,6.57,61.76,0.0,0.07,0.0,0.0,0.36,0.07,0.14,0.0,43.75,51.85,0.71,0.71,14,2,3,Rusia Premier Liga,4
Nikolay Komlichenko,0.38,0.15,62.5,1.58,0.12,0.0,0.5,0.15,0.0,0.85,0.0,0.08,0.19,0.23,18.85,67.35,5.19,59.09,0.0,0.04,0.0,0.0,1.0,0.12,0.15,0.0,51.63,50.64,2.38,2.0,26,2,4,Rusia Premier Liga,4
Evgeni Frolov,0.0,0.0,0.0,0.0,0.0,0.0,0.0,0.0,0.0,1.0,0.0,0.33,0.0,0.0,21.0,68.25,1.0,47.37,3.0,0.33,0.33,0.33,0.67,0.0,0.33,0.0,0.0,0.0,0.0,0.0,3,3,1,Rusia Premier Liga,4
Jorge Carrascal,0.23,0.12,58.49,2.27,0.0,0.0,1.08,0.35,0.0,0.04,0.0,0.62,0.23,0.08,27.23,73.16,10.19,61.29,0.0,0.04,0.0,0.0,0.69,0.15,0.23,0.0,43.75,52.75,1.54,0.81,26,2,3,Rusia Premier Liga,4
Daler Kuzyaev,0.19,0.12,61.54,1.08,0.0,0.0,2.04,1.08,0.0,0.35,0.0,0.38,0.12,0.15,44.04,86.9,13.35,68.25,0.0,0.19,0.0,0.0,0.42,0.08,0.12,0.0,48.72,59.24,0.81,0.65,26,2,3,Rusia Premier Liga,4
Willyan Rocha,0.14,0.0,77.78,0.95,0.09,0.0,2.14,1.77,0.0,4.27,0.0,0.68,0.0,0.0,40.59,73.46,4.86,48.48,0.0,0.23,0.0,0.0,0.77,0.09,0.14,0.05,71.76,68.02,0.91,0.91,22,2,2,Rusia Premier Liga,4
Kady Borges,0.43,0.14,42.86,1.57,0.14,0.0,1.14,0.43,0.0,0.29,0.0,0.57,0.14,0.14,32.43,80.18,13.14,72.73,0.0,0.0,0.0,0.0,0.86,0.0,0.14,0.0,36.36,43.1,1.0,1.57,7,2,3,Rusia Premier Liga,4
Jhon Córdoba,0.61,0.3,41.67,2.91,0.09,0.0,0.26,0.17,0.0,0.65,0.0,0.04,0.22,0.22,15.39,78.25,4.65,69.23,0.0,0.04,0.0,0.0,1.26,0.22,0.3,0.0,45.68,43.58,2.35,1.57,23,2,4,Rusia Premier Liga,4
Renato Gojković,0.04,0.08,100.0,0.79,0.04,0.0,1.83,2.21,0.0,4.67,0.0,0.17,0.08,0.08,38.13,78.36,1.88,45.28,0.0,0.21,0.0,0.0,1.38,0.17,0.21,0.0,71.07,71.15,0.54,0.79,24,2,2,Rusia Premier Liga,4
Nikolay Kalinskiy,0.19,0.0,66.67,1.71,0.0,0.0,0.62,1.0,0.0,0.38,0.0,0.71,0.24,0.19,29.62,77.81,7.57,40.43,0.0,0.1,0.0,0.0,1.05,0.1,0.14,0.0,38.46,44.87,0.48,0.38,21,2,3,Rusia Premier Liga,4
Nikola Moro,0.0,0.17,55.56,1.17,0.0,0.0,1.33,1.83,0.0,1.5,0.0,0.5,0.17,0.33,43.83,80.61,6.83,69.09,0.0,0.33,0.0,0.0,0.67,0.0,0.0,0.17,57.14,55.0,0.83,0.5,6,2,3,Rusia Premier Liga,4
Vladislav Torop,0.0,0.0,100.0,0.0,0.0,0.0,0.0,0.0,0.0,0.0,0.0,0.0,0.0,0.0,22.0,63.64,0.0,27.27,1.0,1.0,0.0,0.0,0.0,0.0,0.0,0.0,0.0,100.0,0.0,0.0,1,1,1,Rusia Premier Liga,4
Aleks Matsukatov,0.0,0.0,0.0,0.0,0.0,0.0,2.0,0.0,0.0,0.0,0.0,0.0,0.0,0.0,9.0,100.0,5.0,100.0,0.0,0.0,0.0,0.0,0.0,0.0,0.0,0.0,0.0,100.0,0.0,0.0,1,1,3,Rusia Premier Liga,4
Rizvan Tashaev,0.0,0.0,0.0,0.0,0.0,0.0,0.0,0.0,0.0,0.0,0.0,0.0,0.0,0.0,20.0,60.0,3.0,55.56,5.0,0.0,0.0,0.0,1.0,0.0,0.0,0.0,0.0,0.0,0.0,0.0,1,1,1,Rusia Premier Liga,4
Alexis Beka Beka,0.0,0.0,87.5,2.0,0.0,0.0,4.0,1.0,0.0,0.0,0.0,0.0,0.0,0.0,28.5,82.46,7.5,33.33,0.0,0.0,0.0,0.0,1.0,0.0,0.5,0.5,0.0,68.18,0.0,2.0,2,1,3,Rusia Premier Liga,4
Maksim Glushenkov,0.34,0.31,49.06,2.79,0.0,0.0,0.66,0.31,0.0,0.55,0.0,0.31,0.34,0.31,22.86,73.76,7.66,54.9,0.0,0.0,0.0,0.0,0.86,0.03,0.21,0.0,33.33,41.75,1.14,0.97,29,1,3,Rusia Premier Liga,4
Ilya Lantratov,0.0,0.0,0.0,0.0,0.0,0.0,0.0,0.04,0.0,0.85,0.04,0.07,0.04,0.0,32.7,59.91,2.26,40.52,4.22,0.26,0.3,0.07,1.33,0.04,0.04,0.0,50.0,62.5,0.15,0.0,27,2,1,Rusia Premier Liga,4
Wílmar Barrios,0.04,0.0,62.96,0.54,0.0,0.0,2.21,1.57,0.0,1.07,0.0,0.46,0.07,0.07,60.89,85.4,13.11,55.56,0.0,0.39,0.0,0.0,0.5,0.07,0.11,0.0,51.52,66.34,1.43,0.61,28,2,3,Rusia Premier Liga,4
Aleksandr Maksimenko,0.0,0.0,0.0,0.0,0.0,0.0,0.0,0.0,0.0,1.67,0.0,0.0,0.0,0.0,25.33,73.68,0.33,40.63,4.67,0.0,0.0,0.0,1.0,0.33,0.33,0.0,0.0,100.0,0.0,0.0,3,2,1,Rusia Premier Liga,4
Ivan Oblyakov,0.29,0.11,48.57,1.54,0.0,0.0,0.89,0.43,0.04,0.86,0.0,0.5,0.29,0.14,28.82,72.37,8.43,52.94,0.0,0.21,0.0,0.0,0.43,0.04,0.07,0.04,46.88,46.63,0.93,0.96,28,2,3,Rusia Premier Liga,4
Aleksandr Sobolev,0.5,0.35,31.25,3.27,0.15,0.0,0.38,0.19,0.0,0.62,0.0,0.04,0.23,0.23,24.12,66.35,6.58,55.0,0.0,0.08,0.0,0.0,0.92,0.31,0.35,0.04,63.16,45.68,1.65,1.73,26,2,4,Rusia Premier Liga,4
Junior Alonso,0.08,0.0,100.0,0.33,0.08,0.0,1.42,1.25,0.0,4.33,0.0,0.42,0.0,0.0,75.67,86.12,11.58,58.87,0.0,0.25,0.0,0.0,1.17,0.25,0.0,0.0,66.67,64.71,0.17,0.67,12,2,2,Rusia Premier Liga,4
Brian Mansilla,0.18,0.14,50.0,2.77,0.05,0.0,1.59,0.77,0.0,0.36,0.0,0.64,0.36,0.23,17.0,74.33,5.55,64.71,0.0,0.05,0.0,0.0,0.82,0.09,0.23,0.05,34.29,42.33,0.91,1.55,22,2,4,Rusia Premier Liga,4
Sergey Bozhin,0.1,0.0,50.0,0.43,0.1,0.0,1.33,2.48,0.0,5.57,0.05,0.33,0.0,0.05,31.67,71.28,2.52,42.78,0.0,0.19,0.0,0.0,1.38,0.24,0.24,0.0,65.0,67.79,0.9,0.57,21,2,2,Rusia Premier Liga,4
Rodrigão Prado,0.05,0.0,100.0,0.45,0.0,0.0,1.45,0.91,0.05,1.95,0.0,0.32,0.0,0.0,62.18,83.85,6.95,44.0,0.0,0.5,0.0,0.0,0.41,0.09,0.14,0.0,63.16,63.85,0.41,0.55,22,2,2,Rusia Premier Liga,4
Guilherme Marinato,0.0,0.0,0.0,0.0,0.0,0.0,0.0,0.0,0.0,0.33,0.0,0.0,0.0,0.0,37.0,61.26,0.33,41.67,3.67,0.33,0.67,0.0,1.0,0.33,0.0,0.0,0.0,100.0,0.67,0.0,3,3,1,Rusia Premier Liga,4
Bakhtiyar Zaynutdinov,0.05,0.14,80.0,0.86,0.0,0.0,1.62,1.71,0.05,2.67,0.0,0.19,0.1,0.1,39.71,79.74,5.95,40.0,0.0,0.24,0.0,0.0,0.62,0.24,0.14,0.0,79.45,69.44,1.0,1.19,21,2,3,Rusia Premier Liga,4
Egor Filipenko,0.08,0.0,100.0,0.46,0.08,0.0,1.62,2.0,0.15,4.15,0.0,0.31,0.08,0.08,41.15,82.43,2.92,52.38,0.0,0.15,0.0,0.0,1.08,0.08,0.15,0.0,63.64,66.32,0.46,0.69,13,3,2,Rusia Premier Liga,4
Fedor Smolov,0.42,0.17,45.0,2.5,0.0,0.0,0.75,0.08,0.0,0.75,0.0,0.25,0.08,0.08,25.33,72.37,8.21,63.16,0.0,0.21,0.0,0.0,1.08,0.04,0.13,0.0,35.38,42.03,0.79,1.13,24,3,4,Rusia Premier Liga,4
Lucas Vera,0.07,0.04,73.08,1.26,0.0,0.0,1.04,0.59,0.0,0.26,0.0,0.56,0.37,0.26,45.52,80.39,13.78,56.83,0.0,0.07,0.0,0.0,1.48,0.15,0.11,0.0,22.22,53.61,0.7,0.41,27,2,3,Rusia Premier Liga,4
Fernando Costanza,0.23,0.0,50.0,1.54,0.23,0.0,2.54,1.08,0.08,1.77,0.0,0.54,0.0,0.0,31.0,78.41,7.08,56.36,0.0,0.23,0.0,0.0,0.85,0.15,0.15,0.0,50.0,61.24,2.08,0.77,13,2,3,Rusia Premier Liga,4
Georgiy Harutyunyan,0.0,0.0,100.0,0.0,0.0,0.0,2.0,0.5,0.0,2.0,0.0,0.0,0.0,0.0,78.5,89.17,1.0,57.14,0.0,0.5,0.0,0.0,0.5,0.5,0.5,0.0,62.5,62.5,0.0,1.5,2,1,2,Rusia Premier Liga,4
Alexander Dovbnya,0.0,0.0,0.0,0.0,0.0,0.0,0.17,0.0,0.0,0.5,0.17,0.0,0.0,0.0,23.5,42.55,0.83,34.19,5.0,0.0,0.0,0.0,1.33,0.0,0.0,0.0,0.0,100.0,0.33,0.0,6,3,1,Rusia Premier Liga,4
Jimmy Marín,0.28,0.16,32.26,2.16,0.08,0.0,0.48,0.08,0.0,0.08,0.0,0.24,0.12,0.12,13.2,82.12,5.88,81.82,0.0,0.0,0.0,0.0,1.12,0.16,0.04,0.0,30.0,37.96,0.64,0.36,25,2,4,Rusia Premier Liga,4
Andrey Mostovoy,0.28,0.14,44.26,1.72,0.0,0.0,0.45,0.45,0.0,0.1,0.0,0.38,0.14,0.17,26.03,84.5,12.9,81.58,0.0,0.0,0.0,0.0,0.38,0.07,0.0,0.0,42.86,50.84,1.45,0.45,29,2,4,Rusia Premier Liga,4
Igor Diveev,0.1,0.0,62.5,0.8,0.1,0.0,0.75,1.0,0.0,3.4,0.0,0.35,0.1,0.05,41.65,77.91,3.55,55.95,0.0,0.35,0.0,0.0,0.6,0.2,0.05,0.0,68.6,63.7,0.35,0.6,20,1,2,Rusia Premier Liga,4
Artem Timofeev,0.31,0.04,64.29,1.62,0.12,0.0,2.12,1.73,0.0,1.15,0.0,1.62,0.04,0.04,30.88,71.61,7.38,35.79,0.0,0.12,0.0,0.0,1.12,0.19,0.19,0.04,51.72,53.92,0.92,0.5,26,2,3,Rusia Premier Liga,4
Germán Conti,0.0,0.0,0.0,0.33,0.0,0.0,1.33,2.0,0.0,6.0,0.0,1.0,0.0,0.0,36.0,73.15,1.33,11.76,0.0,0.33,0.0,0.0,1.0,0.0,0.0,0.0,61.9,60.0,0.33,0.33,3,2,2,Rusia Premier Liga,4
Nene Bi Junior Gbamble,0.2,0.0,60.0,1.0,0.2,0.0,1.8,0.4,0.0,0.0,0.0,0.2,0.2,0.0,13.0,73.85,5.6,66.67,0.0,0.0,0.0,0.0,0.2,0.0,0.0,0.0,0.0,52.17,0.6,1.2,5,1,4,Rusia Premier Liga,4
Darko Todorović,0.07,0.0,75.0,0.93,0.0,0.0,1.79,2.0,0.0,1.79,0.0,0.93,0.21,0.29,24.36,68.62,4.71,20.0,0.0,0.14,0.0,0.0,1.0,0.14,0.29,0.0,63.64,58.33,0.29,0.5,14,2,2,Rusia Premier Liga,4
Roman Akbashev,0.21,0.07,40.0,1.61,0.04,0.0,0.96,0.71,0.0,0.39,0.0,0.75,0.11,0.14,21.71,73.85,6.5,45.59,0.0,0.14,0.0,0.0,1.04,0.21,0.25,0.0,46.51,41.62,0.57,1.0,28,3,4,Rusia Premier Liga,4
Ivan Sergeev,0.38,0.15,33.33,1.42,0.08,0.0,0.19,0.0,0.0,0.08,0.0,0.15,0.15,0.15,9.46,68.29,3.08,66.67,0.0,0.0,0.0,0.0,0.31,0.0,0.0,0.0,44.44,39.44,0.23,0.19,26,2,4,Rusia Premier Liga,4
Damien Le Tallec,0.0,0.0,100.0,0.0,0.0,0.0,1.33,2.89,0.0,3.33,0.0,0.22,0.0,0.0,26.22,70.76,2.89,39.02,0.0,0.0,0.0,0.0,0.89,0.11,0.22,0.0,50.0,56.0,0.22,0.67,9,3,2,Rusia Premier Liga,4
Sergey Pinyaev,0.25,0.15,57.45,2.7,0.0,0.0,0.85,0.5,0.0,0.15,0.0,0.25,0.05,0.05,19.6,70.66,6.3,54.05,0.0,0.0,0.0,0.0,0.85,0.05,0.1,0.0,53.33,50.82,0.5,0.3,20,1,3,Rusia Premier Liga,4
Lazar Ranđelović,0.17,0.22,50.0,1.39,0.0,0.0,0.39,0.44,0.0,0.0,0.0,0.72,0.33,0.22,18.94,68.91,6.22,41.38,0.0,0.0,0.0,0.0,0.61,0.06,0.17,0.0,17.39,26.88,0.56,0.61,18,2,3,Rusia Premier Liga,4
Roman Zobnin,0.1,0.14,55.93,1.83,0.0,0.0,1.48,1.24,0.0,1.21,0.0,0.69,0.07,0.03,40.62,82.85,13.66,65.82,0.0,0.24,0.0,0.0,1.0,0.24,0.1,0.0,40.91,51.2,1.9,0.9,29,2,3,Rusia Premier Liga,4
Ruslan Litvinov,0.12,0.08,20.0,1.24,0.04,0.0,1.44,1.24,0.0,1.76,0.0,0.4,0.04,0.04,59.44,85.4,10.64,63.52,0.0,0.2,0.0,0.0,0.64,0.2,0.2,0.04,49.18,47.62,0.56,1.32,25,1,2,Rusia Premier Liga,4
Artem Karpukas,0.07,0.04,56.25,0.48,0.0,0.0,3.93,1.44,0.0,1.19,0.04,1.52,0.04,0.04,43.93,81.2,7.56,37.1,0.0,0.15,0.0,0.0,0.96,0.11,0.19,0.0,52.0,60.0,1.44,0.89,27,1,3,Rusia Premier Liga,4
Lucas Fasson,0.0,0.33,100.0,1.33,0.0,0.0,1.0,0.33,0.0,1.33,0.0,0.0,0.0,0.0,44.33,88.72,9.33,75.0,0.0,0.0,0.0,0.0,0.67,0.0,0.0,0.0,72.73,68.42,0.33,1.0,3,1,2,Rusia Premier Liga,4
Vladimir Pisarskiy,0.54,0.19,40.43,2.88,0.12,0.0,0.35,0.08,0.0,0.81,0.0,0.19,0.15,0.08,13.54,71.02,4.12,60.0,0.0,0.08,0.0,0.0,1.31,0.23,0.12,0.04,32.74,35.23,1.58,1.31,26,2,4,Rusia Premier Liga,4
Daniil Glebov,0.14,0.0,63.64,0.71,0.0,0.0,1.46,1.75,0.0,1.96,0.0,0.39,0.04,0.11,45.11,80.84,6.68,51.24,0.0,0.18,0.0,0.0,1.21,0.11,0.14,0.04,35.09,56.71,0.93,0.39,28,1,3,Rusia Premier Liga,4
Ivan Kuzmichev,0.0,0.0,83.33,0.2,0.0,0.0,1.25,1.8,0.0,3.4,0.0,0.1,0.0,0.0,43.5,82.41,2.1,47.33,0.0,0.2,0.0,0.0,1.2,0.15,0.1,0.0,69.23,66.87,0.35,0.8,20,1,2,Rusia Premier Liga,4
Dmitriy Barinov,0.07,0.0,50.0,0.78,0.04,0.0,1.56,1.63,0.07,2.04,0.0,0.52,0.22,0.15,47.74,81.77,7.04,49.67,0.0,0.15,0.0,0.0,1.26,0.15,0.3,0.04,59.57,57.06,0.74,1.07,27,2,3,Rusia Premier Liga,4
Vanja Drkušić,0.04,0.04,0.0,0.96,0.04,0.0,1.19,1.85,0.0,3.96,0.0,0.19,0.04,0.04,45.62,78.33,2.19,52.55,0.0,0.19,0.0,0.0,1.27,0.31,0.19,0.04,73.2,68.78,0.77,1.08,26,1,2,Rusia Premier Liga,4
Lechi Sadulaev,0.09,0.0,53.62,1.32,0.0,0.0,1.32,0.95,0.0,0.5,0.0,0.64,0.14,0.14,14.64,67.08,4.82,34.62,0.0,0.05,0.0,0.0,0.73,0.09,0.18,0.05,50.91,50.19,1.59,1.18,22,1,3,Rusia Premier Liga,4
Aleksey Evseev,0.0,0.0,0.0,1.0,0.0,0.0,1.0,0.0,0.0,0.0,0.0,0.0,0.0,0.0,8.0,87.5,3.0,100.0,0.0,0.0,0.0,0.0,0.0,0.0,0.0,0.0,0.0,100.0,0.0,0.0,1,2,3,Rusia Premier Liga,4
Nikita Krivtsov,0.3,0.15,70.0,1.35,0.1,0.0,1.05,1.05,0.05,0.5,0.0,1.4,0.2,0.15,30.4,78.95,8.7,57.63,0.0,0.1,0.0,0.0,0.95,0.2,0.25,0.0,44.44,45.22,0.85,0.95,20,1,3,Rusia Premier Liga,4
Cristian Ramírez,0.07,0.04,54.55,1.41,0.0,0.0,1.7,1.22,0.07,1.96,0.0,0.37,0.07,0.11,53.11,84.59,11.74,50.86,0.0,0.26,0.0,0.0,1.22,0.19,0.15,0.04,64.29,59.59,0.89,0.96,27,2,2,Rusia Premier Liga,4
Daniil Fomin,0.18,0.07,50.0,1.68,0.0,0.0,1.93,1.21,0.0,0.82,0.0,0.46,0.11,0.07,42.39,80.54,10.96,54.1,0.0,0.18,0.0,0.0,1.39,0.11,0.18,0.0,54.1,49.53,0.46,1.57,28,2,3,Rusia Premier Liga,4
Artur Yusupov,0.12,0.08,62.5,1.12,0.0,0.0,1.27,0.65,0.0,0.46,0.04,0.88,0.12,0.15,41.35,79.63,11.08,69.31,0.0,0.12,0.0,0.0,1.31,0.31,0.15,0.0,44.12,38.6,0.12,1.12,26,3,4,Rusia Premier Liga,4
Nikita Burmistrov,0.0,0.05,56.52,1.29,0.0,0.0,0.95,0.67,0.0,0.24,0.0,0.24,0.33,0.24,22.1,73.28,6.38,50.0,0.0,0.0,0.0,0.0,0.67,0.14,0.05,0.0,47.22,44.53,0.33,0.67,21,3,4,Rusia Premier Liga,4
Egor Baburin,0.0,0.0,0.0,0.0,0.0,0.0,0.0,0.0,0.05,0.8,0.0,0.05,0.0,0.0,31.6,51.9,0.75,38.93,4.5,0.15,0.65,0.2,1.95,0.35,0.1,0.0,71.43,69.23,0.2,0.05,20,2,1,Rusia Premier Liga,4
Danijel Miškić,0.11,0.04,78.57,1.81,0.07,0.0,1.07,1.11,0.0,1.04,0.04,0.78,0.11,0.0,47.19,80.53,10.67,64.67,0.0,0.19,0.0,0.0,1.3,0.11,0.3,0.0,58.82,48.84,0.52,1.15,27,2,3,Rusia Premier Liga,4
Kaio,0.0,0.0,66.67,0.25,0.0,0.0,1.45,1.45,0.1,3.5,0.0,0.15,0.05,0.05,50.3,87.38,2.95,50.4,0.0,0.2,0.0,0.0,1.0,0.1,0.2,0.05,80.3,72.99,0.6,0.6,20,2,2,Rusia Premier Liga,4
Mateo Cassierra,0.08,0.08,68.75,1.81,0.04,0.0,0.19,0.15,0.0,0.35,0.0,0.08,0.19,0.23,14.96,81.23,6.54,66.67,0.0,0.0,0.0,0.0,0.31,0.12,0.0,0.0,47.95,48.48,0.5,0.35,26,2,4,Rusia Premier Liga,4
Wilson Isidor,0.4,0.2,46.43,1.95,0.05,0.0,0.35,0.15,0.0,0.5,0.0,0.5,0.15,0.05,13.6,63.24,4.4,28.0,0.0,0.05,0.0,0.0,1.0,0.15,0.1,0.0,33.33,45.26,1.5,0.8,20,1,4,Rusia Premier Liga,4
Milson,0.13,0.0,59.38,0.94,0.06,0.0,0.69,0.44,0.0,0.06,0.0,0.44,0.13,0.13,15.81,75.49,6.13,85.71,0.0,0.0,0.0,0.0,0.94,0.0,0.25,0.0,0.0,50.33,2.94,1.13,16,1,4,Rusia Premier Liga,4
Georgi Gongadze,0.32,0.07,33.33,2.0,0.04,0.0,0.43,0.07,0.0,0.39,0.0,0.18,0.11,0.11,9.54,64.42,2.96,52.0,0.0,0.0,0.0,0.0,0.79,0.07,0.14,0.0,37.0,45.74,1.21,0.57,28,2,4,Rusia Premier Liga,4
Nikolay Zabolotnyi,0.0,0.0,0.0,0.0,0.0,0.0,0.0,0.2,0.0,1.2,0.0,0.0,0.0,0.0,29.0,60.69,2.4,52.89,2.8,0.2,0.2,0.0,0.8,0.2,0.0,0.0,100.0,100.0,0.2,0.0,5,3,1,Rusia Premier Liga,4
Aleksandr Chernikov,0.0,0.0,66.67,0.62,0.0,0.0,1.46,1.69,0.0,0.85,0.0,0.46,0.0,0.08,48.38,87.44,11.92,75.0,0.0,0.15,0.0,0.0,0.38,0.08,0.08,0.08,68.42,64.38,0.85,0.69,13,1,3,Rusia Premier Liga,4
Moisés,0.0,0.0,67.27,0.79,0.0,0.0,1.46,0.54,0.0,1.67,0.0,0.25,0.08,0.08,39.33,80.72,9.5,46.79,0.0,0.25,0.0,0.0,0.75,0.21,0.21,0.0,51.02,57.14,0.79,0.75,24,2,2,Rusia Premier Liga,4
Miloš Šatara,0.0,0.0,0.0,0.67,0.0,0.0,1.17,1.17,0.0,2.67,0.0,0.83,0.0,0.0,30.33,73.63,1.83,27.59,0.0,0.5,0.0,0.0,0.33,0.0,0.0,0.0,67.57,61.4,0.67,0.67,6,2,2,Rusia Premier Liga,4
Silvije Begić,0.0,0.07,100.0,0.67,0.0,0.0,1.13,2.07,0.07,2.73,0.0,0.13,0.07,0.07,44.0,81.67,2.2,55.17,0.0,0.27,0.0,0.0,1.13,0.0,0.07,0.0,53.85,59.14,0.13,0.27,15,2,2,Rusia Premier Liga,4
Anton Miranchuk,0.29,0.07,52.94,1.68,0.0,0.0,1.04,0.36,0.0,0.25,0.0,0.43,0.07,0.11,27.11,75.63,8.46,60.76,0.0,0.0,0.0,0.0,0.89,0.07,0.18,0.0,41.67,45.54,0.93,0.75,28,2,3,Rusia Premier Liga,4
Christopher Martins Pereira,0.11,0.0,57.14,1.56,0.0,0.0,1.11,0.67,0.0,0.44,0.0,0.22,0.06,0.17,25.83,82.8,6.78,60.61,0.0,0.0,0.0,0.0,0.44,0.33,0.06,0.06,68.42,57.14,1.22,1.06,18,2,3,Rusia Premier Liga,4
Aleksey Kashtanov,0.18,0.18,37.04,1.75,0.0,0.0,0.29,0.0,0.0,0.79,0.0,0.21,0.18,0.14,15.82,57.79,4.29,58.82,0.0,0.04,0.0,0.0,1.0,0.04,0.14,0.0,49.69,45.39,1.21,1.18,28,2,4,Rusia Premier Liga,4
Aslan Dashaev,0.33,0.0,50.0,0.5,0.17,0.0,1.17,2.5,0.0,4.17,0.0,0.33,0.0,0.0,29.83,79.89,2.0,53.85,0.0,0.0,0.0,0.0,1.83,0.67,0.0,0.0,64.71,55.88,0.0,0.83,6,3,2,Rusia Premier Liga,4
Anton Mitryushkin,0.0,0.0,0.0,0.0,0.0,0.0,0.0,0.0,0.0,0.67,0.0,0.0,0.0,0.0,28.11,38.74,1.33,29.49,4.89,0.11,0.33,0.0,2.22,0.0,0.0,0.0,100.0,100.0,0.11,0.0,9,2,1,Rusia Premier Liga,4
Sergey Pesyakov,0.0,0.0,0.0,0.03,0.0,0.0,0.0,0.0,0.03,1.03,0.0,0.0,0.0,0.0,40.4,77.64,1.37,49.17,3.47,0.17,0.2,0.0,1.33,0.13,0.1,0.0,100.0,71.43,0.03,0.03,30,3,1,Rusia Premier Liga,4
Olakunle Olusegun,0.21,0.08,61.04,1.38,0.04,0.0,1.04,0.63,0.04,0.63,0.0,0.33,0.08,0.08,19.46,82.44,5.83,62.96,0.0,0.17,0.0,0.0,0.96,0.17,0.08,0.0,50.0,47.37,0.54,1.08,24,1,4,Rusia Premier Liga,4
Joãozinho,0.13,0.13,61.54,1.13,0.0,0.0,0.35,0.04,0.0,0.22,0.0,0.26,0.13,0.09,16.74,79.74,6.83,78.95,0.0,0.04,0.0,0.0,0.78,0.0,0.04,0.0,24.14,38.37,0.43,0.17,23,3,4,Rusia Premier Liga,4
Dmitriy Vorobyev,0.36,0.05,30.95,2.09,0.0,1.14,0.64,0.18,0.0,0.59,0.0,0.91,0.09,0.05,17.68,71.98,5.5,56.0,0.0,0.0,0.0,0.0,0.77,0.27,0.18,0.0,38.64,30.73,0.68,1.05,22,2,4,Rusia Premier Liga,4
Matvey Safonov,0.0,0.0,100.0,0.0,0.0,0.0,0.04,0.0,0.04,0.67,0.15,0.04,0.0,0.0,39.81,74.23,0.93,49.32,3.74,0.26,0.3,0.0,1.33,0.26,0.07,0.0,100.0,83.33,0.22,0.04,27,1,1,Rusia Premier Liga,4
Roberto Fernández,0.11,0.05,100.0,0.58,0.11,0.0,1.21,1.53,0.05,3.89,0.0,0.47,0.0,0.0,44.11,81.74,3.79,55.71,0.0,0.26,0.0,0.0,1.05,0.11,0.21,0.11,61.45,56.74,0.16,1.05,19,1,2,Rusia Premier Liga,4
Kirill Kaplenko,0.1,0.0,89.47,0.4,0.05,0.0,1.35,1.2,0.0,0.5,0.0,0.6,0.0,0.05,38.35,84.49,7.35,50.0,0.0,0.25,0.0,0.0,0.9,0.1,0.1,0.0,65.38,63.21,0.3,0.5,20,1,3,Rusia Premier Liga,4
Sergey Borodin,0.1,0.0,0.0,0.3,0.1,0.0,0.8,1.4,0.0,3.5,0.1,0.1,0.0,0.0,47.8,84.31,2.6,38.57,0.0,0.3,0.0,0.0,1.1,0.3,0.2,0.0,68.57,59.32,0.3,1.2,10,1,2,Rusia Premier Liga,4
Matías Pérez,0.0,0.0,33.33,0.9,0.0,0.0,1.6,2.6,0.1,2.5,0.1,0.4,0.0,0.1,42.3,83.22,3.2,48.53,0.0,0.3,0.0,0.0,1.3,0.2,0.4,0.0,62.5,56.41,0.7,1.4,10,1,2,Rusia Premier Liga,4
Nikita Goylo,0.0,0.0,0.0,0.0,0.0,0.0,0.0,0.09,0.0,0.18,0.0,0.09,0.0,0.0,22.09,45.27,0.55,26.82,3.73,0.18,0.36,0.0,1.45,0.18,0.0,0.0,100.0,66.67,0.0,0.0,11,2,1,Rusia Premier Liga,4
Ivan Oleynikov,0.08,0.04,31.82,1.75,0.0,0.0,1.29,0.46,0.0,0.42,0.0,0.46,0.08,0.25,16.46,69.62,5.46,45.71,0.0,0.08,0.0,0.0,0.71,0.08,0.08,0.0,28.0,47.06,1.17,0.71,24,2,3,Rusia Premier Liga,4
Mihajlo Banjac,0.11,0.04,50.0,1.04,0.0,0.0,1.48,0.3,0.0,0.52,0.0,0.48,0.04,0.11,31.59,82.53,6.81,66.02,0.0,0.11,0.0,0.0,0.81,0.19,0.15,0.0,40.0,57.14,0.81,0.56,27,1,3,Rusia Premier Liga,4
Kirill Gotsuk,0.08,0.15,100.0,1.15,0.04,0.0,0.77,1.15,0.08,5.15,0.0,0.27,0.0,0.0,36.19,74.92,1.58,40.11,0.0,0.23,0.0,0.0,1.46,0.15,0.12,0.04,71.17,65.92,0.62,0.81,26,3,2,Rusia Premier Liga,4
Anton Zinkovskiy,0.11,0.0,46.94,1.07,0.0,0.0,0.57,0.18,0.0,0.18,0.0,0.61,0.29,0.11,19.21,78.25,7.64,48.0,0.0,0.04,0.0,0.0,0.46,0.11,0.11,0.0,41.18,40.91,0.61,0.36,28,2,3,Rusia Premier Liga,4
Saša Zdjelar,0.0,0.0,100.0,0.26,0.0,0.0,1.96,0.63,0.04,0.89,0.0,0.74,0.04,0.0,43.63,82.34,10.7,63.29,0.0,0.26,0.0,0.0,0.67,0.11,0.22,0.0,51.85,55.37,1.07,1.37,27,2,3,Rusia Premier Liga,4
Anton Shunin,0.0,0.0,0.0,0.0,0.0,0.0,0.0,0.0,0.0,0.83,0.0,0.04,0.0,0.0,25.46,63.67,0.79,37.98,3.0,0.25,0.25,0.0,1.33,0.08,0.04,0.0,100.0,92.86,0.17,0.0,24,3,1,Rusia Premier Liga,4
Benjamín Garré,0.23,0.08,59.62,1.31,0.0,0.0,1.08,0.46,0.08,0.38,0.0,0.54,0.23,0.08,24.77,79.81,8.0,55.88,0.0,0.08,0.0,0.0,0.69,0.15,0.15,0.0,35.71,49.31,1.62,0.77,13,1,3,Rusia Premier Liga,4
Keita Baldé,0.25,0.17,50.0,1.75,0.0,0.0,0.42,0.08,0.0,0.08,0.0,0.0,0.0,0.0,13.75,80.0,5.33,87.5,0.0,0.0,0.0,0.0,0.42,0.17,0.17,0.0,40.0,43.75,0.58,0.92,12,2,4,Rusia Premier Liga,4
Dzambolat Tsallagov,0.0,0.0,60.0,0.5,0.0,0.0,2.0,0.5,0.5,0.0,0.0,0.0,0.5,0.0,16.5,81.82,5.0,0.0,0.0,0.0,0.0,0.0,0.5,0.5,0.0,0.0,100.0,69.23,0.5,1.0,2,1,3,Rusia Premier Liga,4
Kirill Folmer,0.0,0.0,0.0,1.0,0.0,0.0,0.33,0.33,0.0,0.0,0.0,0.0,0.33,0.0,5.67,76.47,2.33,50.0,0.0,0.0,0.0,0.0,0.0,0.33,0.33,0.0,33.33,40.0,0.0,0.33,3,1,3,Rusia Premier Liga,4
Nail Umyarov,0.0,0.0,50.0,1.0,0.0,0.0,1.67,2.0,0.0,0.42,0.08,0.58,0.0,0.0,37.17,84.53,7.67,66.0,0.0,0.08,0.0,0.0,0.75,0.33,0.0,0.0,50.0,54.84,0.42,0.92,12,1,3,Rusia Premier Liga,4
Andrey Semenov,0.0,0.05,100.0,0.47,0.0,0.0,1.11,1.53,0.0,4.58,0.05,0.21,0.0,0.0,42.32,73.63,6.47,42.03,0.0,0.26,0.0,0.0,0.95,0.11,0.26,0.0,64.71,57.52,0.63,1.16,19,3,2,Rusia Premier Liga,4
Aleksey Ionov,0.26,0.0,47.37,0.89,0.0,0.0,0.26,0.07,0.0,0.19,0.0,0.19,0.22,0.04,22.96,85.65,8.93,64.71,0.0,0.0,0.0,0.0,1.0,0.11,0.15,0.0,35.29,36.84,0.22,0.37,27,3,4,Rusia Premier Liga,4
Robert Renan,0.0,0.0,71.43,0.22,0.0,0.0,1.0,1.44,0.0,1.78,0.0,0.33,0.0,0.0,57.11,86.38,7.11,54.12,0.0,0.33,0.0,0.0,0.67,0.22,0.0,0.0,44.44,54.35,0.33,0.44,9,1,2,Rusia Premier Liga,4
Aleksandr Selikhov,0.0,0.0,0.0,0.0,0.0,0.0,0.0,0.04,0.0,0.78,0.04,0.0,0.04,0.0,30.11,78.72,0.52,59.24,2.59,0.26,0.15,0.0,1.0,0.26,0.11,0.0,100.0,85.71,0.07,0.04,27,2,1,Rusia Premier Liga,4
Yuri Gorshkov,0.0,0.04,50.0,0.67,0.0,0.0,0.92,1.13,0.0,1.71,0.0,0.38,0.21,0.17,37.29,76.87,8.96,45.92,0.0,0.13,0.0,0.0,1.08,0.13,0.04,0.0,66.67,57.01,0.54,0.42,24,1,2,Rusia Premier Liga,4
Butta Magomedov,0.23,0.05,44.44,1.95,0.05,0.0,1.05,0.73,0.0,0.36,0.0,0.55,0.09,0.0,32.91,78.04,9.36,56.16,0.0,0.09,0.0,0.0,1.64,0.14,0.14,0.0,41.67,48.62,0.73,0.5,22,2,3,Rusia Premier Liga,4
Konstantin Tyukavin,0.29,0.18,43.75,1.79,0.04,0.0,0.14,0.11,0.0,0.46,0.0,0.14,0.04,0.07,7.61,69.01,2.29,44.44,0.0,0.04,0.0,0.0,0.82,0.07,0.0,0.0,29.85,36.51,0.54,0.39,28,1,4,Rusia Premier Liga,4
Gustavo Mantuan,0.27,0.14,53.33,1.41,0.05,4.55,0.32,0.05,0.0,0.05,0.0,0.32,0.18,0.18,10.77,88.61,3.91,85.71,0.0,0.0,0.0,0.0,0.23,0.0,0.09,0.0,44.44,49.4,0.64,0.14,22,1,3,Rusia Premier Liga,4
Glenn Bijl,0.07,0.0,30.0,1.21,0.0,0.0,2.18,1.61,0.11,0.96,0.0,0.64,0.04,0.04,44.61,79.5,9.71,45.14,0.0,0.25,0.0,0.0,1.11,0.07,0.14,0.07,65.38,52.53,0.71,1.32,28,2,2,Rusia Premier Liga,4
Bernard Berisha,0.25,0.15,72.0,1.95,0.0,0.0,1.55,0.2,0.0,0.25,0.0,0.9,0.1,0.1,17.65,66.29,6.1,38.64,0.0,0.05,0.0,0.0,0.9,0.15,0.3,0.0,26.09,48.4,1.5,1.4,20,3,3,Rusia Premier Liga,4
Ilya Stefanovich,0.42,0.08,62.5,1.42,0.17,0.0,0.75,0.08,0.0,0.17,0.0,0.25,0.0,0.0,11.42,69.34,2.58,50.0,0.0,0.0,0.0,0.0,1.83,0.17,0.0,0.0,24.24,38.57,0.42,0.67,12,2,4,Rusia Premier Liga,4
Vyacheslav Karavaev,0.0,0.0,22.22,0.63,0.0,0.0,1.17,0.54,0.0,0.92,0.0,0.08,0.0,0.04,45.88,83.83,11.17,34.02,0.0,0.38,0.0,0.0,0.5,0.04,0.04,0.0,51.72,54.65,0.08,0.46,24,2,2,Rusia Premier Liga,4
Igor Akinfeev,0.0,0.0,0.0,0.0,0.0,0.0,0.03,0.03,0.0,0.72,0.0,0.0,0.03,0.03,23.79,51.88,2.62,38.75,2.03,0.34,0.17,0.07,0.76,0.17,0.07,0.0,100.0,100.0,0.07,0.0,29,3,1,Rusia Premier Liga,4
Dmitri Skopintsev,0.03,0.03,63.93,1.0,0.0,0.0,1.79,0.69,0.03,1.79,0.0,0.21,0.07,0.1,31.86,82.25,6.52,45.36,0.0,0.14,0.0,0.0,1.07,0.1,0.21,0.0,41.67,57.14,0.62,0.76,29,2,2,Rusia Premier Liga,4
Ivan Bašić,0.13,0.0,70.0,1.4,0.0,0.0,0.87,0.4,0.0,0.47,0.0,0.27,0.0,0.0,18.73,84.34,4.47,61.29,0.0,0.0,0.0,0.0,0.87,0.13,0.07,0.0,63.64,53.85,1.0,1.2,15,1,3,Rusia Premier Liga,4
Daniil Denisov,0.03,0.0,45.83,0.66,0.0,0.0,2.21,1.0,0.03,1.14,0.0,0.45,0.21,0.07,39.9,77.96,7.76,41.0,0.0,0.14,0.0,0.0,0.83,0.21,0.14,0.03,58.97,57.07,0.28,0.83,29,1,2,Rusia Premier Liga,4
Sergey Parshivlyuk,0.05,0.0,50.0,0.21,0.0,0.0,0.89,0.95,0.0,1.53,0.0,0.53,0.0,0.05,28.42,81.85,6.11,53.62,0.0,0.16,0.0,0.0,0.79,0.0,0.11,0.0,44.44,57.75,0.58,0.11,19,3,2,Rusia Premier Liga,4
Danil Kapustyanskiy,0.17,0.0,0.0,0.17,0.0,0.0,0.33,0.0,0.0,0.0,0.0,0.0,0.0,0.0,1.0,83.33,0.33,100.0,0.0,0.0,0.0,0.0,0.17,0.0,0.0,0.0,0.0,60.0,0.17,0.0,6,1,3,Rusia Premier Liga,4
Aleksander Vasyutin,0.0,0.0,0.0,0.0,0.0,0.0,0.0,0.0,0.0,0.33,0.0,0.0,0.0,0.0,23.33,72.86,0.33,40.0,2.67,0.33,0.0,0.0,1.0,0.0,0.0,0.0,0.0,100.0,0.33,0.0,3,2,1,Rusia Premier Liga,4
Bruno Fuchs,0.0,0.25,0.0,1.0,0.0,0.0,1.0,1.75,0.0,1.0,0.0,0.75,0.0,0.0,22.0,78.41,2.75,68.42,0.0,0.0,0.0,0.0,0.75,0.0,0.25,0.0,0.0,54.55,0.5,0.25,4,1,2,Rusia Premier Liga,4
Dmitri Tikhiy,0.0,0.11,75.0,1.0,0.0,0.0,1.22,2.22,0.11,1.33,0.0,0.22,0.0,0.0,44.33,84.96,5.22,57.89,0.0,0.22,0.0,0.0,1.78,0.0,0.22,0.0,73.68,68.52,1.0,1.0,9,3,2,Rusia Premier Liga,4
Léo,0.0,0.17,100.0,0.42,0.0,0.0,2.58,1.83,0.0,4.25,0.0,0.5,0.08,0.0,42.33,75.0,4.75,48.03,0.0,0.08,0.0,0.0,2.25,0.17,0.17,0.0,57.78,63.21,0.58,1.0,12,2,2,Rusia Premier Liga,4
Dmitri Chistyakov,0.0,0.0,100.0,0.33,0.0,0.0,1.13,0.87,0.07,2.27,0.07,0.2,0.0,0.0,45.13,90.1,1.67,61.9,0.0,0.13,0.0,0.0,0.6,0.2,0.13,0.0,81.58,71.23,0.2,0.6,15,2,2,Rusia Premier Liga,4
Vladis-Emmerson Illoy-Ayyet,0.05,0.0,75.0,0.27,0.05,0.0,1.41,1.64,0.0,2.41,0.0,0.23,0.05,0.0,40.18,79.86,1.86,38.36,0.0,0.14,0.0,0.0,1.36,0.14,0.09,0.0,70.77,74.22,0.68,0.32,22,2,2,Rusia Premier Liga,4
Alexander Yushin,0.19,0.08,37.93,1.65,0.04,0.0,0.27,0.27,0.0,0.38,0.0,0.23,0.19,0.08,10.15,70.08,3.04,52.17,0.0,0.0,0.0,0.0,0.58,0.0,0.08,0.0,18.18,29.63,0.08,0.35,26,2,3,Rusia Premier Liga,4
Ilja Zhigulev,0.0,0.0,100.0,0.42,0.0,0.0,1.08,1.0,0.0,0.42,0.0,0.42,0.0,0.0,15.17,82.97,3.75,64.29,0.0,0.0,0.0,0.0,0.33,0.0,0.08,0.0,50.0,63.83,1.17,0.58,12,2,3,Rusia Premier Liga,4
Timur Suleymanov,0.37,0.04,61.11,1.7,0.07,0.0,0.59,0.41,0.0,0.48,0.0,0.41,0.0,0.04,14.52,63.01,3.33,35.71,0.0,0.07,0.0,0.0,0.89,0.07,0.19,0.04,34.85,39.08,1.07,1.22,27,1,4,Rusia Premier Liga,4
Danil Prutsev,0.04,0.04,62.5,0.44,0.0,0.0,1.11,0.81,0.04,0.22,0.0,0.52,0.07,0.19,35.52,84.98,9.3,60.24,0.0,0.04,0.0,0.0,0.78,0.11,0.15,0.0,22.73,46.21,0.59,0.7,27,1,3,Rusia Premier Liga,4
Georgiy Dzhikiya,0.0,0.0,50.0,0.5,0.0,0.0,0.5,1.32,0.0,2.82,0.0,0.09,0.0,0.05,52.73,84.91,5.55,46.04,0.0,0.14,0.0,0.0,0.95,0.18,0.27,0.05,73.17,67.86,0.64,0.41,22,2,2,Rusia Premier Liga,4
Nuraly Alip,0.0,0.0,40.0,0.13,0.0,0.0,1.25,0.63,0.0,1.38,0.0,0.25,0.0,0.0,54.13,89.15,2.75,51.35,0.0,0.25,0.0,0.0,0.63,0.0,0.13,0.0,63.16,58.33,0.5,0.63,8,1,2,Rusia Premier Liga,4
Anton Shvets,0.07,0.0,14.29,1.04,0.04,0.0,1.89,1.56,0.0,2.33,0.0,0.7,0.04,0.07,38.78,78.32,6.33,45.9,0.0,0.19,0.0,0.0,1.07,0.15,0.41,0.0,54.88,48.66,0.44,1.59,27,2,3,Rusia Premier Liga,4
Ibragim Tsallagov,0.06,0.0,0.0,0.89,0.0,0.0,1.5,1.39,0.06,0.56,0.0,0.39,0.0,0.0,39.22,79.32,6.5,47.67,0.0,0.06,0.0,0.0,1.28,0.28,0.17,0.0,66.67,66.3,1.0,0.44,18,3,3,Rusia Premier Liga,4
Arsen Adamov,0.0,0.0,0.0,0.11,0.0,0.0,1.0,0.56,0.0,0.44,0.0,0.0,0.11,0.22,16.67,85.33,4.22,60.0,0.0,0.0,0.0,0.0,0.11,0.0,0.0,0.0,0.0,64.0,0.78,0.22,9,1,2,Rusia Premier Liga,4
Egor Pogostnov,0.0,0.0,0.0,0.0,0.0,0.0,1.44,1.56,0.0,4.67,0.0,0.67,0.0,0.0,43.89,79.49,1.89,40.0,0.0,0.33,0.0,0.0,0.67,0.11,0.44,0.0,52.63,47.37,0.33,1.33,9,1,2,Rusia Premier Liga,4
Giorgi Shelia,0.0,0.0,100.0,0.0,0.0,0.0,0.03,0.03,0.0,0.34,0.03,0.0,0.0,0.0,27.52,50.75,2.52,42.64,2.76,0.28,0.07,0.0,1.1,0.14,0.14,0.0,100.0,100.0,0.28,0.0,29,3,1,Rusia Premier Liga,4
Daniil Zorin,0.0,0.0,0.0,1.5,0.0,0.0,0.0,1.0,0.0,0.5,0.0,0.0,0.5,0.5,6.0,75.0,1.5,0.0,0.0,0.0,0.0,0.0,0.0,0.0,0.0,0.0,0.0,0.0,0.0,0.5,2,1,3,Rusia Premier Liga,4
Vyacheslav Yakimov,0.0,0.0,83.33,0.29,0.0,0.0,3.18,0.82,0.0,0.41,0.0,1.06,0.0,0.06,27.59,70.79,5.65,42.31,0.0,0.24,0.0,0.0,1.06,0.06,0.24,0.0,47.62,54.6,0.59,1.47,17,2,3,Rusia Premier Liga,4
Nicolás Marichal,0.0,0.0,50.0,0.29,0.0,0.0,2.21,2.07,0.0,3.5,0.0,0.43,0.0,0.0,33.0,82.9,2.57,50.88,0.0,0.0,0.0,0.0,1.57,0.07,0.14,0.0,65.0,69.66,0.29,0.36,14,1,2,Rusia Premier Liga,4
Evgeniy Kharin,0.19,0.0,45.83,1.04,0.0,0.0,1.65,1.0,0.0,1.31,0.0,0.42,0.04,0.08,19.15,62.05,4.62,33.9,0.0,0.12,0.0,0.0,0.69,0.12,0.12,0.0,58.06,49.3,0.58,1.46,26,2,3,Rusia Premier Liga,4
Tomás Tavares,0.0,0.0,58.82,0.62,0.0,0.0,1.62,0.54,0.0,0.92,0.0,0.85,0.08,0.0,45.69,85.69,11.92,55.81,0.0,0.08,0.0,0.0,1.0,0.31,0.0,0.0,73.91,61.86,0.92,0.46,13,1,2,Rusia Premier Liga,4
Nair Tiknizyan,0.14,0.07,58.7,0.79,0.03,0.0,1.31,1.69,0.03,1.66,0.0,0.59,0.03,0.07,34.79,79.48,7.07,30.68,0.0,0.14,0.0,0.0,1.28,0.17,0.24,0.0,50.0,56.32,0.55,0.38,29,1,2,Rusia Premier Liga,4
Ivan Ignatiev,0.25,0.15,25.0,1.35,0.05,0.0,0.25,0.05,0.0,0.05,0.0,0.3,0.05,0.1,8.85,67.8,2.25,40.0,0.0,0.0,0.0,0.0,0.7,0.1,0.15,0.0,32.43,34.15,0.5,0.6,20,1,4,Rusia Premier Liga,4
João Batxi,0.21,0.0,44.44,1.29,0.0,0.0,0.29,0.14,0.0,0.0,0.0,0.36,0.07,0.14,19.14,86.19,6.79,50.0,0.0,0.0,0.0,0.0,0.57,0.07,0.14,0.0,25.0,38.46,0.79,0.36,14,2,4,Rusia Premier Liga,4
Ibrahima Cisse,0.0,0.0,50.0,0.47,0.0,0.0,1.41,1.53,0.06,1.82,0.0,0.41,0.0,0.0,36.59,85.21,5.47,67.21,0.0,0.12,0.0,0.0,1.06,0.0,0.18,0.0,54.84,57.27,1.12,0.71,17,2,3,Rusia Premier Liga,4
Aleksandar Ćirković,0.08,0.0,50.0,1.0,0.0,0.0,0.42,0.17,0.0,0.08,0.0,0.08,0.17,0.0,10.33,78.23,4.0,28.57,0.0,0.0,0.0,0.0,0.5,0.0,0.08,0.0,25.0,58.62,0.67,0.25,12,1,4,Rusia Premier Liga,4
Miroslav Bogosavac,0.0,0.0,51.72,0.48,0.0,0.0,1.72,1.72,0.04,1.72,0.0,0.64,0.16,0.16,35.04,66.44,7.32,45.45,0.0,0.24,0.0,0.0,1.16,0.16,0.04,0.0,32.0,54.76,1.36,0.36,25,2,2,Rusia Premier Liga,4
Aleksandr Kovalenko,0.04,0.09,58.7,1.26,0.0,0.0,1.35,1.52,0.04,1.0,0.0,0.74,0.0,0.09,33.26,80.92,10.13,56.82,0.0,0.04,0.0,0.0,1.22,0.09,0.09,0.0,29.63,51.09,1.22,0.61,23,1,3,Rusia Premier Liga,4
Artem Makarchuk,0.03,0.03,45.45,0.52,0.03,0.0,1.45,0.83,0.0,1.1,0.0,0.41,0.1,0.14,37.45,80.48,10.9,42.67,0.0,0.14,0.0,0.0,1.24,0.28,0.14,0.0,39.53,46.37,0.31,0.66,29,2,3,Rusia Premier Liga,4
Viktor Melekhin,0.0,0.0,83.33,0.33,0.0,0.0,1.33,1.63,0.0,3.0,0.04,0.42,0.0,0.0,47.58,77.06,3.04,43.95,0.0,0.04,0.0,0.0,1.08,0.08,0.17,0.04,68.57,61.88,0.58,0.96,24,1,2,Rusia Premier Liga,4
Denis Makarov,0.16,0.0,46.81,1.56,0.04,0.0,1.04,0.44,0.0,0.32,0.0,0.84,0.12,0.04,18.92,63.85,5.84,37.31,0.0,0.0,0.0,0.0,0.92,0.08,0.24,0.0,33.33,40.19,0.88,1.36,25,2,3,Rusia Premier Liga,4
Georgi Melkadze,0.21,0.21,53.66,2.08,0.0,0.0,0.21,0.33,0.0,0.58,0.0,0.0,0.08,0.04,16.21,75.32,4.96,63.64,0.0,0.0,0.0,0.0,1.0,0.21,0.29,0.04,38.1,38.96,0.71,1.21,24,2,4,Rusia Premier Liga,4
Mikhail Shchetinin,0.0,0.0,100.0,0.0,0.0,0.0,1.67,0.0,0.0,0.0,0.0,0.0,0.0,0.0,11.33,70.59,1.67,50.0,0.0,0.0,0.0,0.0,0.33,0.0,0.33,0.0,0.0,80.0,0.33,0.67,3,1,3,Rusia Premier Liga,4
Viktor Aleksandrov,0.12,0.0,100.0,0.41,0.06,0.0,1.24,1.47,0.06,2.71,0.0,0.18,0.0,0.0,27.0,70.37,2.06,34.07,0.0,0.29,0.0,0.0,1.0,0.06,0.24,0.0,63.64,60.38,0.41,1.12,17,1,2,Rusia Premier Liga,4
Mikhail Kerzhakov,0.0,0.0,0.0,0.0,0.0,0.0,0.0,0.0,0.04,0.38,0.0,0.0,0.0,0.0,19.0,69.96,0.33,42.04,1.71,0.46,0.13,0.0,0.58,0.08,0.08,0.0,100.0,88.89,0.17,0.04,24,3,1,Rusia Premier Liga,4
Anton Zabolotnyi,0.13,0.25,50.0,1.29,0.04,0.0,0.33,0.04,0.0,0.29,0.0,0.29,0.0,0.04,13.38,62.93,3.88,70.0,0.0,0.08,0.0,0.0,0.17,0.0,0.04,0.0,51.19,50.0,0.96,0.67,24,3,4,Rusia Premier Liga,4
Daniil Khlusevich,0.0,0.0,41.46,0.96,0.0,0.0,2.12,1.31,0.0,1.42,0.0,0.96,0.15,0.12,40.69,81.57,10.12,58.51,0.0,0.19,0.0,0.0,0.77,0.15,0.27,0.0,56.41,47.86,0.69,0.88,26,1,2,Rusia Premier Liga,4
Saba Sazonov,0.04,0.0,0.0,0.58,0.04,0.0,1.42,1.79,0.04,2.71,0.0,0.42,0.04,0.0,42.88,75.51,3.71,42.98,0.0,0.21,0.0,0.0,1.17,0.13,0.38,0.0,67.86,60.87,0.92,1.21,24,1,2,Rusia Premier Liga,4
Vitalii Botnar,0.0,0.0,0.0,0.0,0.0,0.0,0.0,0.0,0.0,1.0,0.0,0.0,0.0,0.0,19.5,48.72,1.25,35.48,4.0,0.0,0.0,0.0,1.75,0.0,0.0,0.0,0.0,100.0,0.25,0.0,4,1,1,Rusia Premier Liga,4
Aleksandr Silyanov,0.07,0.0,59.09,0.37,0.03,0.0,1.17,1.3,0.0,2.0,0.03,0.47,0.0,0.03,34.87,75.05,5.4,45.67,0.0,0.1,0.0,0.0,1.3,0.1,0.1,0.0,64.29,64.61,1.03,0.43,30,1,2,Rusia Premier Liga,4
Aleksandr Lomovitskiy,0.07,0.07,44.19,1.13,0.0,0.0,1.0,0.2,0.0,0.2,0.0,0.4,0.33,0.13,23.33,72.86,7.87,48.39,0.0,0.2,0.0,0.0,1.47,0.0,0.27,0.0,41.67,42.31,1.47,1.73,15,2,4,Rusia Premier Liga,4
Oleksandr Filin,0.0,0.18,100.0,0.27,0.0,0.0,1.82,2.36,0.09,2.0,0.0,0.55,0.0,0.0,56.27,76.58,7.64,45.97,0.0,0.18,0.0,0.0,1.82,0.0,0.18,0.0,58.82,65.38,1.36,1.09,11,2,2,Rusia Premier Liga,4
Kirill Shchetinin,0.03,0.03,54.55,0.77,0.0,0.0,1.73,0.47,0.0,0.33,0.0,0.67,0.13,0.13,18.4,71.38,4.07,41.54,0.0,0.03,0.0,0.0,0.7,0.13,0.07,0.0,32.26,55.7,1.53,0.83,30,1,3,Rusia Premier Liga,4
Aleksey Mironov,0.04,0.0,73.33,1.27,0.0,0.0,0.85,0.92,0.0,0.5,0.0,0.62,0.0,0.04,22.96,78.89,6.62,62.65,0.0,0.0,0.0,0.0,0.85,0.08,0.35,0.0,27.27,47.06,0.65,0.69,26,1,3,Rusia Premier Liga,4
Vyacheslav Podberezkin,0.0,0.0,83.33,0.54,0.0,0.0,0.62,0.54,0.0,0.23,0.0,0.31,0.0,0.08,32.85,81.5,8.0,77.78,0.0,0.08,0.0,0.0,0.92,0.15,0.08,0.0,50.0,52.94,0.46,0.46,13,3,3,Rusia Premier Liga,4
Mamadou Maiga,0.05,0.0,69.57,0.52,0.0,0.0,2.19,1.43,0.05,0.86,0.0,0.95,0.0,0.0,39.1,80.76,6.0,55.0,0.0,0.29,0.0,0.0,0.95,0.14,0.33,0.05,53.13,54.1,0.95,1.48,21,2,3,Rusia Premier Liga,4
Yuriy Zhuravlev,0.07,0.0,66.67,0.36,0.0,0.0,1.43,1.86,0.0,2.57,0.07,0.43,0.0,0.07,35.71,78.8,4.43,43.82,0.0,0.07,0.0,0.0,1.29,0.29,0.0,0.0,56.25,59.74,0.43,0.64,14,2,2,Rusia Premier Liga,4
Roman Evgenjev,0.03,0.03,71.43,0.66,0.0,0.0,0.62,1.69,0.0,3.1,0.07,0.41,0.03,0.03,41.45,77.79,2.79,47.12,0.0,0.21,0.0,0.0,1.21,0.14,0.14,0.0,66.17,61.7,0.17,0.34,29,1,2,Rusia Premier Liga,4
Mateo Barać,0.0,0.13,100.0,0.63,0.0,0.0,0.5,1.38,0.13,2.63,0.0,0.0,0.0,0.0,32.88,80.23,2.25,51.16,0.0,0.13,0.0,0.0,0.63,0.0,0.13,0.0,77.78,71.43,0.63,0.63,8,2,2,Rusia Premier Liga,4
Ivan Komarov,0.0,0.0,50.0,0.82,0.0,0.0,0.36,0.73,0.0,0.27,0.0,0.36,0.09,0.27,7.36,69.14,2.27,30.77,0.0,0.0,0.0,0.0,0.09,0.0,0.09,0.0,12.5,29.27,0.36,0.36,11,1,3,Rusia Premier Liga,4
Dmitri Poloz,0.32,0.16,26.32,1.32,0.0,0.0,0.6,0.08,0.04,0.64,0.0,0.44,0.08,0.0,15.28,74.87,5.08,47.37,0.0,0.0,0.0,0.0,0.92,0.08,0.16,0.0,53.85,36.52,0.32,0.28,25,3,4,Rusia Premier Liga,4
Eric Bicfalvi,0.15,0.08,25.0,2.42,0.08,0.0,0.65,0.27,0.0,0.5,0.0,0.42,0.08,0.04,18.31,67.65,5.58,64.71,0.0,0.04,0.0,0.0,0.96,0.15,0.08,0.0,36.61,38.71,1.23,0.69,26,3,4,Rusia Premier Liga,4
Amar Rahmanović,0.06,0.12,54.17,1.41,0.0,0.0,1.18,0.24,0.0,0.41,0.0,0.35,0.06,0.0,17.65,71.0,5.29,70.0,0.0,0.06,0.0,0.0,0.88,0.12,0.24,0.0,41.18,49.16,1.59,1.29,17,2,4,Rusia Premier Liga,4
Aleksandr Soldatenkov,0.0,0.0,100.0,0.32,0.0,0.0,0.92,1.64,0.04,3.8,0.04,0.32,0.0,0.0,45.64,81.95,3.88,51.46,0.0,0.24,0.0,0.0,1.36,0.16,0.24,0.0,66.67,63.76,0.52,0.6,25,2,2,Rusia Premier Liga,4
Milan Gajić,0.0,0.1,34.48,1.14,0.0,0.0,0.93,0.69,0.0,0.93,0.0,0.31,0.1,0.07,24.9,67.87,6.24,40.2,0.0,0.31,0.0,0.0,0.52,0.17,0.14,0.0,39.02,42.0,0.34,0.79,29,2,3,Rusia Premier Liga,4
Minkail Matsuev,0.0,0.0,0.0,0.0,0.0,0.0,2.0,0.0,0.0,0.0,0.0,0.0,0.0,0.0,0.0,0.0,0.0,0.0,0.0,0.0,0.0,0.0,0.0,0.0,0.0,0.0,0.0,100.0,0.0,0.0,1,1,3,Rusia Premier Liga,4
Sergey Bryzgalov,0.0,0.0,0.0,0.0,0.0,0.0,1.67,2.0,0.0,4.33,0.0,0.67,0.0,0.0,26.0,66.67,2.33,30.77,0.0,0.33,0.0,0.0,1.0,0.0,0.0,0.0,42.86,57.89,1.0,0.67,3,3,2,Rusia Premier Liga,4
Igor Leshchuk,0.0,0.0,0.0,0.0,0.0,0.0,0.0,0.0,0.0,1.17,0.0,0.0,0.0,0.0,24.5,70.07,0.17,36.23,3.17,0.33,0.0,0.0,1.67,0.17,0.0,0.0,0.0,50.0,0.17,0.0,6,2,1,Rusia Premier Liga,4
Milan Majstorović,0.0,0.0,0.0,0.0,0.0,0.0,1.44,0.33,0.0,0.78,0.0,0.11,0.0,0.0,28.78,82.63,1.56,59.09,0.0,0.11,0.0,0.0,0.89,0.0,0.22,0.0,65.22,65.96,0.33,0.67,9,1,2,Rusia Premier Liga,4
Yaroslav Mikhailov,0.05,0.0,71.43,0.38,0.0,0.0,1.33,1.24,0.0,0.86,0.05,0.43,0.1,0.14,30.52,77.54,6.95,48.61,0.0,0.1,0.0,0.0,1.19,0.14,0.19,0.0,38.89,48.89,0.67,0.62,21,1,3,Rusia Premier Liga,4
Nikita Chernov,0.0,0.04,50.0,0.38,0.0,0.0,0.75,1.17,0.0,1.96,0.0,0.42,0.0,0.0,35.92,87.82,2.46,53.19,0.0,0.08,0.0,0.0,0.63,0.21,0.17,0.0,61.11,53.23,0.54,0.92,24,2,2,Rusia Premier Liga,4
Danil Krugovoy,0.0,0.0,40.0,0.37,0.0,0.0,0.68,0.53,0.0,0.53,0.0,0.11,0.0,0.0,24.37,81.21,6.79,45.71,0.0,0.11,0.0,0.0,0.16,0.11,0.05,0.0,80.0,57.97,0.47,0.42,19,2,2,Rusia Premier Liga,4
Ilzat Akhmetov,0.07,0.0,47.17,0.59,0.0,0.0,0.59,0.41,0.0,0.3,0.0,0.19,0.15,0.19,17.63,80.04,6.52,68.42,0.0,0.0,0.0,0.0,0.56,0.22,0.07,0.0,25.0,45.37,0.22,0.37,27,2,3,Rusia Premier Liga,4
Tin Jedvaj,0.0,0.0,40.0,0.43,0.0,0.0,1.71,2.29,0.0,2.86,0.0,0.5,0.0,0.0,51.57,79.78,6.14,41.73,0.0,0.0,0.0,0.0,1.79,0.29,0.21,0.0,68.0,62.62,0.57,0.93,14,2,2,Rusia Premier Liga,4
Andrey Mendel,0.04,0.0,33.33,0.31,0.0,0.0,1.77,1.08,0.04,0.81,0.0,0.62,0.0,0.0,15.46,68.41,2.62,35.59,0.0,0.15,0.0,0.0,0.69,0.08,0.23,0.0,65.31,58.05,0.88,1.31,26,2,3,Rusia Premier Liga,4
Aleksey Sutormin,0.0,0.0,22.22,0.21,0.0,0.0,0.79,0.36,0.0,0.21,0.0,0.14,0.14,0.0,26.14,85.52,8.36,52.63,0.0,0.0,0.0,0.0,0.21,0.0,0.14,0.0,28.57,45.45,0.36,0.43,14,2,2,Rusia Premier Liga,4
Irakli Kvekveskiri,0.11,0.0,72.73,1.41,0.0,0.0,2.26,1.22,0.07,1.26,0.0,1.19,0.0,0.0,24.85,67.96,3.74,39.5,0.0,0.04,0.0,0.0,1.19,0.26,0.3,0.0,50.85,54.81,1.81,1.7,27,3,3,Rusia Premier Liga,4
Yaroslav Gladyshev,0.19,0.04,14.29,0.88,0.0,0.0,0.54,0.23,0.0,0.08,0.0,0.19,0.12,0.04,11.58,76.08,4.15,65.38,0.0,0.0,0.0,0.0,0.65,0.08,0.12,0.04,20.0,32.0,0.23,0.54,26,1,4,Rusia Premier Liga,4
Artem Sokolov,0.0,0.06,63.33,0.78,0.0,0.0,0.72,0.17,0.0,0.33,0.0,0.44,0.11,0.06,15.17,74.36,4.33,55.17,0.0,0.0,0.0,0.0,0.44,0.0,0.0,0.0,16.67,48.57,0.89,0.33,18,1,3,Rusia Premier Liga,4
Irakliy Chezhia,0.0,0.0,0.0,0.25,0.0,0.0,1.5,1.38,0.0,4.13,0.0,0.13,0.0,0.0,36.38,82.47,2.5,58.0,0.0,0.25,0.0,0.0,2.13,0.13,0.25,0.0,60.0,60.53,0.25,0.88,8,3,2,Rusia Premier Liga,4
Roman Ezhov,0.14,0.05,35.0,1.09,0.0,0.0,1.36,0.23,0.0,0.45,0.0,0.77,0.27,0.18,26.82,77.12,9.14,65.0,0.0,0.18,0.0,0.0,1.18,0.18,0.14,0.0,28.57,48.62,1.64,0.45,22,2,3,Rusia Premier Liga,4
Yuri Gazinskiy,0.21,0.21,66.67,0.71,0.07,0.0,0.71,1.0,0.0,0.57,0.0,0.36,0.07,0.07,37.29,79.31,8.71,53.85,0.0,0.0,0.0,0.0,1.07,0.07,0.07,0.0,61.11,50.77,0.43,0.5,14,3,3,Rusia Premier Liga,4
Luka Đorđević,0.15,0.15,40.0,0.69,0.0,0.0,0.08,0.15,0.0,0.15,0.0,0.08,0.23,0.15,10.15,73.48,2.92,55.56,0.0,0.0,0.0,0.0,0.77,0.23,0.08,0.0,36.84,35.42,0.38,0.31,13,2,4,Rusia Premier Liga,4
Kirill Ushatov,0.0,0.0,75.0,0.0,0.0,0.0,1.0,0.43,0.0,0.0,0.0,0.29,0.14,0.29,7.0,85.71,2.86,0.0,0.0,0.0,0.0,0.0,0.43,0.0,0.0,0.0,16.67,53.85,0.43,0.14,7,1,3,Rusia Premier Liga,4
Kirill Suslov,0.0,0.04,66.67,0.22,0.0,0.0,2.26,1.39,0.13,2.96,0.0,0.7,0.0,0.0,26.35,72.61,2.17,45.64,0.0,0.17,0.0,0.0,1.26,0.13,0.22,0.0,64.52,59.41,0.3,1.22,23,3,2,Rusia Premier Liga,4
Mingiyan Beveev,0.0,0.0,50.0,0.36,0.0,0.0,1.56,1.52,0.0,1.64,0.0,1.24,0.04,0.04,36.64,72.93,6.52,46.99,0.0,0.24,0.0,0.0,1.04,0.12,0.24,0.04,44.44,51.61,1.36,1.08,25,2,2,Rusia Premier Liga,4
Víctor Felipe Méndez,0.0,0.0,40.0,0.58,0.0,0.0,0.81,0.46,0.04,0.35,0.0,0.5,0.08,0.0,42.65,88.55,12.0,74.7,0.0,0.23,0.0,0.0,0.65,0.12,0.04,0.0,41.38,46.22,0.62,0.5,26,1,3,Rusia Premier Liga,4
Daniil Khudyakov,0.0,0.0,100.0,0.0,0.0,0.0,0.0,0.0,0.07,1.0,0.07,0.0,0.07,0.07,28.43,52.51,0.86,34.17,3.86,0.07,0.21,0.07,1.93,0.21,0.0,0.0,100.0,87.5,0.07,0.07,14,1,1,Rusia Premier Liga,4
Ilya Agapov,0.0,0.0,100.0,0.2,0.0,0.0,1.07,1.93,0.0,2.07,0.0,0.33,0.0,0.0,34.67,75.77,5.4,43.1,0.0,0.2,0.0,0.0,1.27,0.07,0.27,0.0,42.11,51.67,0.27,0.73,15,1,2,Rusia Premier Liga,4
Aleksandr Ektov,0.12,0.0,42.86,1.0,0.0,0.0,1.76,1.24,0.04,1.36,0.0,0.84,0.12,0.04,28.88,72.85,7.16,38.54,0.0,0.2,0.0,0.0,1.36,0.24,0.12,0.0,21.43,46.7,1.04,1.04,25,2,2,Rusia Premier Liga,4
Evgeni Morozov,0.08,0.04,66.67,0.6,0.04,0.0,1.52,1.52,0.0,2.4,0.0,0.4,0.04,0.0,30.76,63.2,3.68,27.53,0.0,0.24,0.0,0.0,1.2,0.12,0.12,0.0,46.43,51.22,0.4,1.2,25,1,2,Rusia Premier Liga,4
Dmitri Zhivoglyadov,0.0,0.0,50.0,0.44,0.0,0.0,1.44,0.81,0.0,1.19,0.0,0.63,0.06,0.19,28.31,75.72,6.31,45.71,0.0,0.06,0.0,0.0,1.19,0.25,0.06,0.0,31.58,51.96,1.31,0.88,16,2,2,Rusia Premier Liga,4
Timofey Margasov,0.0,0.04,50.0,0.65,0.0,0.0,1.27,0.88,0.0,1.31,0.0,0.62,0.12,0.04,31.42,74.17,6.38,45.16,0.0,0.15,0.0,0.0,1.15,0.31,0.08,0.0,53.85,51.69,0.54,0.92,26,3,3,Rusia Premier Liga,4
Aleksandr Erokhin,0.1,0.0,33.33,0.55,0.0,0.0,0.3,0.2,0.0,0.2,0.0,0.0,0.0,0.0,5.5,77.27,0.95,66.67,0.0,0.05,0.0,0.0,0.1,0.05,0.0,0.0,42.86,53.33,0.15,0.15,20,3,3,Rusia Premier Liga,4
Batraz Gurtsiev,0.0,0.13,37.5,1.13,0.0,0.0,0.38,0.13,0.0,0.13,0.0,0.13,0.13,0.25,5.25,66.67,1.13,33.33,0.0,0.0,0.0,0.0,0.75,0.0,0.0,0.0,25.0,37.14,0.5,0.38,8,2,3,Rusia Premier Liga,4
Victorien Angban,0.0,0.0,66.67,0.71,0.0,0.0,0.86,1.14,0.0,0.43,0.0,0.29,0.0,0.0,41.14,86.81,8.57,76.19,0.0,0.0,0.0,0.0,0.86,0.0,0.14,0.0,80.0,53.66,1.14,1.29,7,2,3,Rusia Premier Liga,4
Mohamed Konate,0.46,0.13,33.33,1.88,0.0,0.0,0.42,0.17,0.0,0.33,0.0,0.17,0.04,0.04,11.58,56.12,3.04,28.57,0.0,0.04,0.0,0.0,0.5,0.04,0.08,0.04,39.86,32.95,0.25,1.04,24,2,4,Rusia Premier Liga,4
Ilya Pomazun,0.0,0.0,0.0,0.0,0.0,0.0,0.0,0.0,0.07,0.41,0.03,0.0,0.0,0.0,29.83,62.2,1.76,43.49,3.17,0.21,0.28,0.0,1.41,0.14,0.1,0.0,50.0,40.0,0.03,0.07,29,2,1,Rusia Premier Liga,4
Khyzyr Appaev,0.11,0.14,41.38,1.07,0.07,0.0,0.43,0.14,0.0,0.75,0.0,0.25,0.18,0.11,18.5,59.65,5.82,31.82,0.0,0.11,0.0,0.0,1.18,0.25,0.18,0.0,27.98,33.44,1.04,0.93,28,3,4,Rusia Premier Liga,4
Kevin Pina,0.07,0.0,60.0,0.6,0.0,0.0,1.87,0.87,0.0,1.27,0.0,0.53,0.0,0.0,38.93,85.62,5.87,47.73,0.0,0.07,0.0,0.0,1.0,0.13,0.27,0.0,45.95,50.0,0.73,1.4,15,2,3,Rusia Premier Liga,4
Ivan Lomaev,0.0,0.0,0.0,0.0,0.0,0.0,0.05,0.05,0.0,1.27,0.05,0.05,0.0,0.0,28.77,71.25,1.14,42.95,2.77,0.14,0.32,0.09,1.45,0.14,0.14,0.0,100.0,75.0,0.18,0.05,22,1,1,Rusia Premier Liga,4
Nemanja Glavčić,0.06,0.0,50.0,0.24,0.0,5.88,1.18,1.0,0.0,0.24,0.0,0.71,0.0,0.06,23.18,75.63,7.35,44.9,0.0,0.06,0.0,0.0,1.06,0.0,0.18,0.0,44.44,50.42,1.12,0.53,17,2,3,Rusia Premier Liga,4
Igor Kalinin,0.0,0.0,33.33,0.6,0.0,0.0,1.07,1.07,0.07,2.73,0.0,0.4,0.0,0.07,26.0,52.31,4.07,31.2,0.0,0.27,0.0,0.0,0.8,0.13,0.33,0.0,61.02,58.73,1.33,1.07,15,2,2,Rusia Premier Liga,4
Sergey Petrov,0.05,0.0,60.0,0.21,0.0,0.0,0.89,0.79,0.0,1.11,0.0,0.11,0.05,0.0,26.16,86.32,4.47,51.06,0.0,0.16,0.0,0.0,0.58,0.16,0.11,0.0,52.63,61.4,0.26,0.37,19,3,2,Rusia Premier Liga,4
Ilya Bykovskiy,0.14,0.0,66.67,0.86,0.0,0.0,1.57,1.0,0.0,0.71,0.0,0.29,0.0,0.0,25.0,73.14,6.14,40.63,0.0,0.0,0.0,0.0,1.14,0.14,0.0,0.0,60.0,64.0,0.0,0.43,7,1,3,Rusia Premier Liga,4
Mario Ćurić,0.06,0.06,61.54,0.88,0.0,0.0,1.18,0.82,0.06,0.53,0.0,1.06,0.18,0.06,28.76,82.41,5.94,59.09,0.0,0.06,0.0,0.0,1.53,0.18,0.18,0.0,40.91,48.63,1.53,0.82,17,2,3,Rusia Premier Liga,4
Artem Mamin,0.0,0.0,100.0,0.0,0.0,0.0,1.56,0.89,0.0,1.67,0.0,0.67,0.0,0.0,40.33,87.6,3.33,66.67,0.0,0.33,0.0,0.0,1.0,0.11,0.22,0.0,66.67,60.0,0.11,0.44,9,2,2,Rusia Premier Liga,4
Maksim Vityugov,0.0,0.0,71.43,0.14,0.0,0.0,0.79,1.07,0.0,0.54,0.0,0.39,0.0,0.0,25.11,81.65,4.96,57.5,0.0,0.0,0.0,0.0,0.86,0.04,0.11,0.0,56.0,60.68,1.07,0.5,28,2,3,Rusia Premier Liga,4
Rai Vloet,0.27,0.07,55.0,1.87,0.0,0.0,0.47,0.53,0.0,0.6,0.0,0.6,0.0,0.0,21.87,75.3,4.93,59.7,0.0,0.07,0.0,0.0,1.0,0.07,0.07,0.0,56.25,45.56,1.0,0.47,15,2,3,Rusia Premier Liga,4
Stanislav Magkeev,0.0,0.0,100.0,0.21,0.0,0.0,1.68,2.63,0.0,3.32,0.05,0.63,0.11,0.0,39.42,79.57,3.37,39.55,0.0,0.11,0.0,0.0,1.26,0.21,0.26,0.05,52.38,56.69,0.63,1.11,19,1,2,Rusia Premier Liga,4
Ilnur Alshin,0.04,0.0,33.33,0.57,0.0,0.0,1.87,0.96,0.04,1.48,0.0,0.96,0.04,0.0,21.0,60.66,4.78,28.41,0.0,0.09,0.0,0.0,0.91,0.22,0.09,0.0,38.71,50.33,0.7,0.78,23,2,3,Rusia Premier Liga,4
Denis Yakuba,0.1,0.0,83.33,0.3,0.0,0.0,1.1,1.0,0.1,0.6,0.0,0.6,0.0,0.0,21.4,81.78,3.7,64.71,0.0,0.0,0.0,0.0,0.7,0.0,0.0,0.0,50.0,56.41,0.3,0.4,10,2,3,Rusia Premier Liga,4
Ivan Temnikov,0.0,0.0,0.0,0.75,0.0,0.0,1.75,0.5,0.0,0.25,0.0,0.5,0.0,0.0,13.0,71.15,2.25,71.43,0.0,0.0,0.0,0.0,0.75,0.0,0.25,0.0,33.33,55.0,0.75,0.5,4,3,3,Rusia Premier Liga,4
Cristian Tassano,0.0,0.0,0.0,0.33,0.0,0.0,2.67,1.67,0.0,4.33,0.0,0.5,0.0,0.0,36.33,78.44,1.83,54.0,0.0,0.0,0.0,0.0,2.17,0.33,0.33,0.0,62.5,68.0,0.5,0.17,6,2,2,Rusia Premier Liga,4
Igor Konovalov,0.0,0.0,100.0,0.17,0.0,0.0,0.67,0.83,0.0,0.5,0.0,1.17,0.0,0.0,32.67,82.65,6.5,31.25,0.0,0.0,0.0,0.0,1.33,0.17,0.5,0.0,75.0,44.83,0.5,1.0,6,2,3,Rusia Premier Liga,4
Bogdan Ovsyannikov,0.0,0.0,100.0,0.0,0.0,0.0,0.0,0.0,0.0,0.5,0.0,0.0,0.0,0.0,31.33,58.51,0.83,38.84,2.5,0.33,0.5,0.0,1.17,0.17,0.0,0.0,66.67,75.0,0.33,0.0,6,1,1,Rusia Premier Liga,4
Aleksandr Kutitskiy,0.0,0.0,75.0,0.27,0.0,0.0,1.18,0.82,0.05,1.05,0.0,0.5,0.0,0.0,28.23,82.13,3.82,71.43,0.0,0.09,0.0,0.0,0.91,0.05,0.0,0.0,53.13,58.7,0.23,0.23,22,1,3,Rusia Premier Liga,4
Vladislav Sarveli,0.15,0.31,52.17,1.54,0.0,0.0,0.46,0.46,0.0,0.12,0.0,0.54,0.08,0.04,16.19,76.96,4.96,35.71,0.0,0.0,0.0,0.0,0.85,0.15,0.08,0.0,16.13,38.24,0.88,0.58,26,2,4,Rusia Premier Liga,4
Mohamed Amin Brahimi,0.0,0.0,62.16,0.46,0.0,0.0,1.54,1.23,0.0,0.46,0.0,0.62,0.0,0.08,14.23,57.84,3.31,31.82,0.0,0.0,0.0,0.0,0.62,0.0,0.15,0.0,53.85,56.25,1.69,1.15,13,2,3,Rusia Premier Liga,4
Vladislav Kamilov,0.1,0.0,55.0,0.7,0.0,0.0,1.55,0.65,0.0,1.0,0.0,0.75,0.05,0.05,23.45,71.22,4.05,41.03,0.0,0.2,0.0,0.0,0.5,0.1,0.25,0.0,68.29,50.97,0.45,1.25,20,2,3,Rusia Premier Liga,4
Bryan Idowu,0.0,0.0,50.0,0.44,0.0,0.0,2.38,1.0,0.13,1.63,0.0,0.38,0.0,0.0,35.38,72.26,7.88,43.24,0.0,0.19,0.0,0.0,1.5,0.13,0.19,0.0,48.48,56.9,0.44,0.75,16,3,2,Rusia Premier Liga,4
Khoren Bayramyan,0.04,0.13,46.67,0.96,0.0,0.0,1.09,0.48,0.0,0.35,0.0,0.96,0.09,0.0,24.13,74.77,7.26,40.35,0.0,0.04,0.0,0.0,1.17,0.13,0.22,0.0,26.83,40.56,1.3,1.13,23,3,4,Rusia Premier Liga,4
Nikita Kakkoev,0.05,0.0,66.67,0.57,0.05,0.0,1.62,0.76,0.0,1.67,0.0,0.62,0.0,0.05,28.81,79.34,3.62,46.74,0.0,0.1,0.0,0.0,1.14,0.14,0.1,0.05,52.63,56.29,1.14,1.0,21,1,2,Rusia Premier Liga,4
Mathias Normann,0.0,0.0,72.22,0.64,0.0,0.0,0.79,0.93,0.0,1.07,0.0,0.86,0.07,0.0,30.21,78.49,6.29,62.32,0.0,0.14,0.0,0.0,0.93,0.14,0.21,0.0,69.57,50.49,0.93,1.5,14,2,3,Rusia Premier Liga,4
Dmitriy Stotskiy,0.08,0.04,52.38,0.83,0.0,0.0,1.38,1.0,0.0,0.96,0.0,1.21,0.04,0.08,24.25,63.92,4.67,43.44,0.0,0.13,0.0,0.0,1.29,0.17,0.13,0.0,50.98,48.65,0.88,0.83,24,3,2,Rusia Premier Liga,4
Denis Adamov,0.0,0.0,0.0,0.0,0.0,0.0,0.06,0.0,0.0,0.59,0.0,0.0,0.0,0.0,26.29,61.52,0.47,40.93,3.12,0.06,0.24,0.12,1.41,0.29,0.0,0.0,75.0,90.91,0.35,0.0,17,2,1,Rusia Premier Liga,4
Dmitry Rybchinskiy,0.08,0.0,60.42,0.76,0.0,0.0,1.2,0.56,0.0,0.48,0.0,0.64,0.04,0.04,19.32,72.46,5.44,30.0,0.0,0.04,0.0,0.0,0.88,0.0,0.2,0.0,31.25,44.97,0.48,0.76,25,2,3,Rusia Premier Liga,4
Reziuan Mirzov,0.17,0.04,40.82,1.33,0.0,1.39,0.46,0.08,0.0,0.21,0.0,0.21,0.04,0.04,16.67,76.25,6.75,66.67,0.0,0.04,0.0,0.0,1.08,0.08,0.17,0.0,16.67,44.16,1.42,0.38,24,2,3,Rusia Premier Liga,4
Evgeny Goshev,0.0,0.0,0.0,0.0,0.0,0.0,0.0,0.11,0.0,0.67,0.0,0.11,0.0,0.0,21.33,59.9,0.44,34.23,3.44,0.22,0.44,0.11,1.67,0.33,0.11,0.0,0.0,33.33,0.11,0.0,9,2,1,Rusia Premier Liga,4
Oleg Kozhemyakin,0.0,0.04,75.0,0.4,0.0,0.0,0.88,2.24,0.12,4.04,0.0,0.36,0.04,0.0,39.44,74.75,3.8,37.23,0.0,0.08,0.0,0.0,1.72,0.2,0.04,0.0,50.0,55.23,0.64,0.6,25,2,2,Rusia Premier Liga,4
Mory Gbane,0.0,0.0,64.71,0.64,0.0,0.0,1.5,1.59,0.05,0.73,0.0,0.41,0.05,0.05,24.18,73.68,4.5,59.7,0.0,0.0,0.0,0.0,1.05,0.0,0.18,0.05,65.15,54.24,0.41,1.23,22,1,3,Rusia Premier Liga,4
Oleg Dmitriev,0.0,0.06,100.0,0.81,0.0,0.0,0.44,0.56,0.06,0.69,0.0,0.5,0.13,0.06,22.19,77.18,5.19,48.39,0.0,0.0,0.0,0.0,0.75,0.19,0.19,0.06,50.0,38.6,0.31,1.06,16,2,3,Rusia Premier Liga,4
Timur Ayupov,0.17,0.04,50.0,0.65,0.0,0.0,1.57,0.87,0.0,1.04,0.0,0.74,0.0,0.0,27.13,77.56,4.7,47.67,0.0,0.09,0.0,0.0,1.43,0.13,0.35,0.0,66.67,48.32,0.48,1.39,23,2,3,Rusia Premier Liga,4
Aleksandr Dolgov,0.16,0.16,29.03,0.96,0.0,0.0,0.96,0.32,0.0,0.56,0.0,0.44,0.0,0.08,12.2,67.54,3.28,63.64,0.0,0.0,0.0,0.0,0.96,0.04,0.16,0.0,41.84,40.73,1.08,1.6,25,2,4,Rusia Premier Liga,4
Andrey Langovich,0.09,0.0,30.77,0.14,0.0,0.0,1.36,0.59,0.0,0.73,0.0,0.41,0.05,0.0,17.14,76.39,3.68,48.84,0.0,0.05,0.0,0.0,0.64,0.14,0.18,0.0,44.12,50.76,0.82,0.77,22,1,2,Rusia Premier Liga,4
Ilya Kukharchuk,0.19,0.13,33.33,1.19,0.0,0.0,0.25,0.19,0.0,0.44,0.0,0.19,0.0,0.06,9.75,72.44,3.06,54.55,0.0,0.0,0.0,0.0,0.81,0.0,0.0,0.0,38.1,38.89,0.44,0.44,16,3,4,Rusia Premier Liga,4
Daniil Chernyakov,0.0,0.0,0.0,1.0,0.0,0.0,1.5,0.25,0.0,0.5,0.0,0.25,0.0,0.0,12.5,68.0,3.5,40.0,0.0,0.0,0.0,0.0,1.5,0.0,0.25,0.0,100.0,57.89,0.75,1.0,4,1,3,Rusia Premier Liga,4
Marat Bystrov,0.0,0.0,69.23,0.15,0.0,0.0,1.6,1.65,0.0,3.55,0.05,0.6,0.0,0.0,32.85,78.08,3.45,45.0,0.0,0.15,0.0,0.0,1.15,0.2,0.15,0.0,41.51,52.63,0.35,0.5,20,3,2,Rusia Premier Liga,4
Elmir Nabiullin,0.0,0.0,50.0,0.11,0.0,0.0,1.33,0.78,0.0,0.67,0.0,0.11,0.0,0.0,13.22,73.95,3.11,41.67,0.0,0.0,0.0,0.0,1.0,0.0,0.11,0.0,42.86,58.82,0.44,0.56,9,2,3,Rusia Premier Liga,4
Sergey Babkin,0.06,0.0,80.0,0.35,0.06,0.0,0.47,1.12,0.0,0.0,0.0,0.18,0.0,0.0,13.35,84.58,3.06,52.94,0.0,0.0,0.0,0.0,0.65,0.18,0.06,0.0,83.33,58.62,0.53,0.53,17,1,3,Rusia Premier Liga,4
Zaim Divanović,0.0,0.0,40.0,1.0,0.0,0.0,1.4,0.2,0.0,0.0,0.0,0.4,0.2,0.2,12.6,79.37,4.0,66.67,0.0,0.0,0.0,0.0,0.4,0.0,0.0,0.0,60.0,53.85,0.4,0.6,5,1,3,Rusia Premier Liga,4
Kirill Kravtsov,0.04,0.0,63.64,0.38,0.0,0.0,1.33,0.88,0.04,0.5,0.0,0.83,0.0,0.0,22.71,74.31,5.42,59.57,0.0,0.08,0.0,0.0,0.63,0.17,0.13,0.0,54.55,50.99,0.58,0.83,24,1,3,Rusia Premier Liga,4
Lucas Masoero,0.0,0.05,75.0,0.43,0.0,0.0,1.38,2.0,0.1,3.19,0.0,0.24,0.0,0.0,36.67,72.47,5.33,35.19,0.0,0.14,0.0,0.0,1.48,0.14,0.24,0.0,54.17,60.15,0.29,0.67,21,2,2,Rusia Premier Liga,4
Maksim Mukhin,0.06,0.06,71.43,0.35,0.0,0.0,1.0,1.0,0.0,0.24,0.0,0.53,0.18,0.12,17.24,78.5,4.29,41.94,0.0,0.06,0.0,0.0,0.29,0.12,0.29,0.0,30.0,39.44,0.18,0.94,17,1,4,Rusia Premier Liga,4
Zelimkhan Bakaev,0.06,0.0,25.0,0.82,0.0,0.0,0.18,0.18,0.0,0.12,0.0,0.18,0.12,0.0,9.24,79.62,4.76,45.45,0.0,0.0,0.0,0.0,0.06,0.06,0.0,0.0,37.5,31.82,0.24,0.18,17,2,3,Rusia Premier Liga,4
Kirill Nababkin,0.05,0.0,33.33,0.36,0.0,0.0,1.41,0.91,0.0,1.41,0.0,0.5,0.0,0.0,34.59,80.68,5.36,46.67,0.0,0.18,0.0,0.0,0.64,0.18,0.09,0.0,50.0,50.91,0.23,0.77,22,3,2,Rusia Premier Liga,4
Artur Nigmatullin,0.0,0.0,0.0,0.0,0.0,0.0,0.0,0.0,0.0,1.56,0.17,0.06,0.0,0.0,20.22,41.21,0.89,27.24,3.0,0.28,0.28,0.0,1.5,0.11,0.06,0.0,75.0,60.0,0.0,0.0,18,3,1,Rusia Premier Liga,4
Zakhar Volkov,0.0,0.0,80.0,0.1,0.0,0.0,1.5,2.4,0.0,2.6,0.0,1.0,0.0,0.0,35.8,81.01,2.9,54.93,0.0,0.3,0.0,0.0,1.8,0.1,0.4,0.0,70.37,58.44,0.7,1.2,10,2,2,Rusia Premier Liga,4
Evgeniy Chernov,0.09,0.0,33.33,0.48,0.0,0.0,1.17,1.09,0.09,1.91,0.0,0.39,0.0,0.0,20.96,68.67,3.09,33.75,0.0,0.09,0.0,0.0,1.22,0.09,0.17,0.0,48.78,56.2,1.04,0.57,23,3,2,Rusia Premier Liga,4
Denys Kulakov,0.0,0.0,41.67,0.11,0.0,0.0,1.37,0.74,0.0,0.58,0.0,0.16,0.0,0.05,32.16,71.19,6.37,30.39,0.0,0.11,0.0,0.0,1.16,0.0,0.26,0.0,72.0,56.73,0.53,1.11,19,3,2,Rusia Premier Liga,4
Aleksandr Rudenko,0.16,0.16,29.79,1.64,0.0,0.0,0.4,0.2,0.0,0.2,0.0,0.28,0.04,0.04,13.84,75.14,4.72,87.5,0.0,0.04,0.0,0.0,1.56,0.0,0.16,0.0,32.73,38.79,1.64,1.16,25,1,4,Rusia Premier Liga,4
Dmitri Tsypchenko,0.13,0.21,40.0,1.54,0.0,0.0,0.33,0.17,0.0,0.54,0.0,0.29,0.04,0.0,13.0,73.4,3.5,74.07,0.0,0.0,0.0,0.0,1.04,0.04,0.08,0.0,50.0,43.93,0.46,0.5,24,1,4,Rusia Premier Liga,4
Vyacheslav Krotov,0.09,0.0,22.73,0.59,0.05,0.0,0.91,0.68,0.0,0.36,0.0,0.14,0.05,0.05,17.41,69.97,5.0,40.0,0.0,0.0,0.0,0.0,0.91,0.09,0.18,0.05,42.22,38.97,0.41,0.73,22,2,4,Rusia Premier Liga,4
Stefan Šapić,0.2,0.0,0.0,0.2,0.0,0.0,0.8,1.2,0.0,2.4,0.0,0.2,0.0,0.0,23.4,72.65,2.0,35.29,0.0,0.2,0.0,0.0,1.0,0.0,0.0,0.2,60.0,47.83,0.2,1.4,5,2,2,Rusia Premier Liga,4
Pavel Meleshin,0.13,0.13,0.0,0.75,0.0,0.0,0.13,0.13,0.0,0.13,0.0,0.13,0.13,0.0,2.88,56.52,0.88,100.0,0.0,0.0,0.0,0.0,0.0,0.13,0.13,0.0,40.0,25.0,0.0,0.25,8,1,4,Rusia Premier Liga,4
Danila Kalin,0.0,0.0,100.0,0.0,0.0,0.0,1.0,1.0,0.0,1.0,0.0,1.0,0.0,0.0,11.0,81.82,1.0,0.0,0.0,0.0,0.0,0.0,1.0,0.0,0.0,0.0,0.0,80.0,2.0,0.0,1,1,2,Rusia Premier Liga,4
Matvey Lukin,0.0,0.0,0.0,0.0,0.0,0.0,0.5,0.5,0.0,1.0,0.0,0.0,0.0,0.0,11.0,59.09,0.5,25.0,0.0,0.5,0.0,0.0,0.0,0.0,0.0,0.0,0.0,75.0,1.0,0.0,2,1,2,Rusia Premier Liga,4
Aleksei Usanov,0.0,0.0,50.0,0.5,0.0,0.0,1.5,1.5,0.0,0.0,0.0,1.5,0.5,0.0,23.5,74.47,6.0,66.67,0.0,0.0,0.0,0.0,2.0,0.5,0.0,0.0,33.33,46.67,1.0,1.0,2,1,3,Rusia Premier Liga,4
Ivan Miladinović,0.0,0.0,50.0,0.33,0.0,0.0,0.67,1.22,0.11,2.67,0.0,0.22,0.0,0.0,34.33,80.91,3.89,55.1,0.0,0.11,0.0,0.0,0.67,0.33,0.11,0.0,29.41,46.15,0.44,0.33,9,2,2,Rusia Premier Liga,4
Aleksey Nikitin,0.0,0.0,0.0,0.22,0.0,0.0,0.33,1.89,0.0,3.0,0.11,0.22,0.0,0.0,27.67,83.53,2.11,61.11,0.0,0.11,0.0,0.0,1.56,0.0,0.11,0.0,44.44,54.84,0.67,0.22,9,3,2,Rusia Premier Liga,4
Edgar Sevikyan,0.0,0.0,83.33,0.9,0.0,0.0,0.8,0.1,0.0,0.3,0.0,0.1,0.0,0.0,11.2,74.11,3.2,50.0,0.0,0.0,0.0,0.0,0.2,0.2,0.1,0.0,41.67,57.41,0.8,0.1,10,1,4,Rusia Premier Liga,4
Andrey Egorychev,0.1,0.1,41.38,1.0,0.0,0.0,0.76,0.81,0.0,0.81,0.0,0.86,0.05,0.14,26.19,73.09,6.9,44.26,0.0,0.19,0.0,0.0,1.1,0.14,0.19,0.05,42.86,34.97,0.67,1.52,21,2,4,Rusia Premier Liga,4
Ravil Netfullin,0.05,0.0,50.0,0.55,0.0,0.0,2.5,1.45,0.05,2.3,0.0,1.05,0.0,0.0,33.35,76.01,3.05,40.88,0.0,0.0,0.0,0.0,1.3,0.25,0.1,0.05,45.45,54.2,0.45,1.1,20,2,2,Rusia Premier Liga,4
David Karaev,0.07,0.07,56.36,1.64,0.0,0.0,0.79,0.71,0.0,0.5,0.0,0.82,0.07,0.07,20.43,72.55,5.21,56.76,0.0,0.04,0.0,0.0,1.21,0.14,0.11,0.0,32.76,41.0,1.25,0.82,28,2,3,Rusia Premier Liga,4
Vasili Cherov,0.0,0.0,60.0,0.32,0.0,0.0,0.76,0.92,0.04,1.36,0.0,0.2,0.16,0.12,18.92,63.0,3.4,38.24,0.0,0.08,0.0,0.0,0.72,0.24,0.08,0.0,66.67,55.0,0.2,0.32,25,2,2,Rusia Premier Liga,4
Petar Golubović,0.0,0.0,87.5,0.67,0.0,0.0,1.25,1.83,0.08,3.33,0.08,0.17,0.0,0.0,35.5,73.0,5.0,46.24,0.0,0.08,0.0,0.0,2.25,0.17,0.25,0.0,57.58,56.25,0.33,1.25,12,2,2,Rusia Premier Liga,4
Vladislav Karapuzov,0.09,0.0,65.0,0.55,0.0,0.0,0.68,0.73,0.0,0.32,0.0,0.73,0.09,0.14,14.09,67.42,3.91,34.48,0.0,0.05,0.0,0.0,0.55,0.05,0.36,0.0,25.0,40.2,0.41,0.45,22,1,3,Rusia Premier Liga,4
Stepan Oganesyan,0.1,0.05,46.15,0.75,0.0,0.0,0.8,0.3,0.0,0.15,0.0,0.35,0.05,0.05,6.8,73.53,2.6,50.0,0.0,0.0,0.0,0.0,0.6,0.05,0.05,0.0,46.15,47.78,0.45,0.75,20,1,3,Rusia Premier Liga,4
Danila Prokhin,0.05,0.0,100.0,0.26,0.05,0.0,1.05,1.16,0.11,1.32,0.0,0.26,0.0,0.0,35.21,76.98,4.0,53.09,0.0,0.0,0.0,0.0,0.84,0.16,0.11,0.05,53.57,52.29,0.21,0.95,19,1,2,Rusia Premier Liga,4
Vyacheslav Grulev,0.12,0.12,34.48,1.19,0.0,0.0,0.62,0.27,0.0,0.46,0.0,0.27,0.08,0.08,9.58,57.43,2.31,42.11,0.0,0.04,0.0,0.0,0.58,0.12,0.08,0.0,45.95,45.04,0.62,0.54,26,1,3,Rusia Premier Liga,4
Ilya Kutepov,0.0,0.0,0.0,0.0,0.0,0.0,1.25,2.25,0.13,3.75,0.0,0.25,0.0,0.0,26.38,80.09,1.38,51.43,0.0,0.13,0.0,0.0,1.25,0.25,0.5,0.13,66.67,58.33,0.63,1.13,8,2,2,Rusia Premier Liga,4
Danil Kazantsev,0.0,0.0,75.0,0.43,0.0,0.0,0.57,0.86,0.0,1.86,0.0,0.14,0.0,0.0,26.0,80.77,3.86,57.89,0.0,0.14,0.0,0.0,1.57,0.29,0.14,0.14,50.0,65.22,0.86,0.14,7,1,3,Rusia Premier Liga,4
Yuri Kovalev,0.1,0.05,42.86,0.7,0.0,0.0,0.35,0.25,0.0,0.4,0.0,0.2,0.15,0.05,7.65,66.01,2.6,66.67,0.0,0.0,0.0,0.0,0.5,0.15,0.0,0.0,33.33,41.67,0.45,0.3,20,2,3,Rusia Premier Liga,4
Kirill Pechenin,0.0,0.16,37.5,0.84,0.0,0.0,1.58,0.68,0.0,0.68,0.0,0.74,0.05,0.11,30.26,76.7,6.32,42.86,0.0,0.11,0.0,0.0,1.47,0.21,0.05,0.0,33.33,43.9,0.58,1.21,19,2,2,Rusia Premier Liga,4
Luka Gagnidze,0.0,0.0,39.13,0.6,0.0,0.0,1.65,0.85,0.0,0.45,0.0,1.05,0.05,0.1,21.05,79.81,5.3,60.87,0.0,0.2,0.0,0.0,0.9,0.0,0.15,0.0,34.78,40.43,0.35,0.8,20,1,3,Rusia Premier Liga,4
Zoran Nižić,0.0,0.0,0.0,0.18,0.0,0.0,1.0,1.55,0.0,2.18,0.0,0.36,0.0,0.0,27.64,83.22,1.45,58.49,0.0,0.18,0.0,0.0,1.0,0.09,0.18,0.0,68.18,53.7,0.27,1.0,11,3,2,Rusia Premier Liga,4
Pavel Maslov,0.05,0.0,50.0,0.16,0.0,0.0,0.47,1.0,0.0,1.05,0.05,0.11,0.0,0.11,26.16,84.71,3.0,53.75,0.0,0.11,0.0,0.0,0.63,0.11,0.11,0.0,76.92,53.66,0.11,0.42,19,1,2,Rusia Premier Liga,4
Victor Moses,0.2,0.1,57.89,1.2,0.0,0.0,0.2,0.1,0.0,0.2,0.0,0.4,0.0,0.0,14.6,80.14,6.8,50.0,0.0,0.0,0.0,0.0,0.2,0.1,0.1,0.0,0.0,45.28,1.1,0.4,10,3,3,Rusia Premier Liga,4
Kirill Zaika,0.13,0.0,33.33,0.67,0.0,0.0,0.93,0.8,0.0,0.4,0.0,0.33,0.07,0.0,16.8,75.0,3.47,30.77,0.0,0.0,0.0,0.0,0.73,0.27,0.2,0.0,42.86,47.62,0.6,0.47,15,3,3,Rusia Premier Liga,4
Egor Golenkov,0.1,0.07,62.5,0.76,0.03,0.0,0.14,0.03,0.0,0.41,0.0,0.1,0.0,0.0,5.76,62.28,1.41,50.0,0.0,0.0,0.0,0.0,0.62,0.03,0.17,0.0,46.74,40.41,0.24,0.52,29,1,4,Rusia Premier Liga,4
Aleksandr Troshechkin,0.11,0.16,0.0,0.84,0.05,0.0,1.53,0.53,0.0,0.47,0.0,0.47,0.16,0.16,15.0,66.32,4.37,47.06,0.0,0.0,0.0,0.0,1.11,0.11,0.16,0.0,41.03,45.26,0.89,1.0,19,2,3,Rusia Premier Liga,4
Gamid Agalarov,0.14,0.05,37.5,0.86,0.0,0.0,0.32,0.0,0.0,0.27,0.0,0.0,0.05,0.05,7.41,57.06,1.68,0.0,0.0,0.0,0.0,0.0,0.45,0.14,0.14,0.0,36.99,39.01,0.68,0.73,22,1,4,Rusia Premier Liga,4
François Kamano,0.11,0.29,52.78,1.36,0.07,0.0,0.82,0.25,0.0,0.14,0.0,0.86,0.18,0.11,18.96,78.15,5.0,62.5,0.0,0.04,0.0,0.0,0.79,0.14,0.11,0.0,18.18,38.54,1.04,1.07,28,2,3,Rusia Premier Liga,4
André,0.2,0.0,50.0,1.4,0.0,0.0,0.4,0.2,0.0,0.0,0.0,0.2,0.0,0.0,11.6,75.86,2.4,0.0,0.0,0.0,0.0,0.0,1.6,0.2,0.2,0.0,57.14,43.33,0.8,1.2,5,3,4,Rusia Premier Liga,4
Adolfo Gaich,0.13,0.13,75.0,1.13,0.0,0.0,0.0,0.13,0.0,0.25,0.0,0.25,0.0,0.0,2.25,33.33,0.25,0.0,0.0,0.0,0.0,0.0,0.0,0.0,0.13,0.0,42.86,40.0,0.0,0.25,8,1,4,Rusia Premier Liga,4
Daniil Penchikov,0.0,0.0,66.67,0.75,0.0,0.0,1.75,0.25,0.0,0.5,0.0,0.5,0.0,0.0,20.5,75.61,4.75,50.0,0.0,0.0,0.0,0.0,1.0,0.25,0.0,0.25,66.67,54.05,1.25,1.5,4,2,2,Rusia Premier Liga,4
Igor Yurganov,0.0,0.0,100.0,0.15,0.0,0.0,1.6,1.5,0.0,2.55,0.0,0.6,0.0,0.0,42.7,82.08,4.7,47.1,0.0,0.1,0.0,0.0,1.3,0.3,0.2,0.0,42.11,52.25,0.45,0.75,20,2,2,Rusia Premier Liga,4
Sergey Terekhov,0.0,0.04,25.0,0.37,0.0,0.0,1.33,2.11,0.0,1.07,0.04,0.96,0.07,0.07,50.0,80.74,9.04,44.68,0.0,0.19,0.0,0.0,1.3,0.22,0.3,0.0,61.11,46.02,0.78,1.3,27,3,2,Rusia Premier Liga,4
Nicolas Moumie Ngamaleu,0.11,0.05,48.15,0.95,0.05,0.0,0.95,0.37,0.05,0.47,0.0,0.63,0.11,0.11,21.74,73.85,7.37,42.42,0.0,0.05,0.0,0.0,1.11,0.0,0.05,0.05,37.5,42.02,1.37,1.16,19,2,3,Rusia Premier Liga,4
Alexis Duarte,0.0,0.0,100.0,0.57,0.0,0.0,1.57,0.86,0.14,1.29,0.0,0.29,0.0,0.0,35.57,85.54,5.29,69.57,0.0,0.0,0.0,0.0,1.0,0.29,0.14,0.14,54.55,57.14,0.29,1.0,7,1,2,Rusia Premier Liga,4
Leon Klassen,0.0,0.0,100.0,0.18,0.0,0.0,0.82,0.36,0.0,0.82,0.0,0.0,0.0,0.0,15.18,71.86,3.36,50.0,0.0,0.0,0.0,0.0,0.36,0.09,0.0,0.0,33.33,67.86,0.55,0.18,11,1,2,Rusia Premier Liga,4
Mark Mampasi,0.0,0.0,100.0,0.14,0.0,0.0,1.0,0.71,0.0,1.29,0.0,0.29,0.0,0.0,27.57,80.31,4.14,55.17,0.0,0.0,0.0,0.0,0.71,0.14,0.14,0.14,72.73,67.74,0.57,0.71,7,1,2,Rusia Premier Liga,4
Fanil Sungatulin,0.0,0.0,0.0,0.13,0.0,0.0,0.92,1.08,0.04,0.63,0.0,0.5,0.0,0.0,20.46,84.73,4.04,66.13,0.0,0.0,0.0,0.0,0.63,0.08,0.08,0.04,47.06,45.57,0.25,0.71,24,1,3,Rusia Premier Liga,4
Maksim Maksimov,0.17,0.17,36.36,1.21,0.04,0.0,0.17,0.17,0.0,0.08,0.0,0.13,0.0,0.0,7.83,62.23,2.08,30.0,0.0,0.0,0.0,0.0,0.75,0.17,0.13,0.0,37.29,37.74,0.42,0.29,24,2,4,Rusia Premier Liga,4
Denis Glushakov,0.05,0.0,25.0,1.0,0.0,0.0,1.0,0.8,0.0,0.4,0.0,0.6,0.1,0.05,23.55,76.65,4.25,48.78,0.0,0.0,0.0,0.0,1.75,0.05,0.1,0.0,35.48,43.16,0.45,0.5,20,3,3,Rusia Premier Liga,4
Vladimir Iljin,0.15,0.11,56.25,1.0,0.07,0.0,0.33,0.15,0.0,0.3,0.0,0.37,0.04,0.0,9.33,63.1,2.96,37.5,0.0,0.0,0.0,0.0,0.59,0.11,0.07,0.0,36.92,42.35,0.78,0.52,27,3,4,Rusia Premier Liga,4
Mihail Caimacov,0.1,0.0,30.0,0.2,0.0,0.0,1.5,1.2,0.0,0.3,0.0,1.0,0.0,0.0,23.4,80.77,5.7,69.23,0.0,0.0,0.0,0.0,0.6,0.1,0.1,0.0,42.86,42.65,0.8,0.5,10,2,3,Rusia Premier Liga,4
Moses David Cobnan,0.0,0.1,66.67,1.5,0.0,0.0,0.6,0.5,0.0,0.0,0.0,0.3,0.1,0.0,12.1,73.55,3.4,83.33,0.0,0.0,0.0,0.0,0.5,0.1,0.4,0.0,15.38,39.47,0.8,1.3,10,1,3,Rusia Premier Liga,4
Sergey Volkov,0.04,0.04,44.19,0.37,0.04,0.0,1.22,1.0,0.04,2.04,0.0,0.59,0.19,0.15,36.26,79.88,7.11,42.17,0.0,0.15,0.0,0.0,1.15,0.26,0.19,0.0,60.0,45.7,0.33,0.78,27,1,2,Rusia Premier Liga,4
Aleksandr Koksharov,0.14,0.0,0.0,0.57,0.14,0.0,0.14,0.0,0.0,0.14,0.0,0.29,0.0,0.0,4.71,57.58,0.57,0.0,0.0,0.0,0.0,0.0,0.14,0.0,0.0,0.0,33.33,34.62,0.43,0.57,7,1,4,Rusia Premier Liga,4
Vadim Rakov,0.0,0.0,0.0,0.22,0.0,0.0,0.56,0.22,0.0,0.0,0.0,0.56,0.0,0.11,6.78,70.49,2.89,100.0,0.0,0.0,0.0,0.0,0.22,0.0,0.0,0.0,100.0,52.63,0.44,0.11,9,1,4,Rusia Premier Liga,4
Marcos Guilherme,0.1,0.1,75.0,0.9,0.0,0.0,0.4,0.1,0.0,0.1,0.0,0.4,0.0,0.0,12.7,86.61,3.9,33.33,0.0,0.0,0.0,0.0,0.9,0.1,0.0,0.0,12.5,43.33,0.2,0.1,10,2,4,Rusia Premier Liga,4
Diego Laxalt,0.0,0.0,54.55,0.11,0.0,0.0,1.89,1.56,0.0,1.22,0.0,1.11,0.0,0.0,26.67,70.42,4.89,30.3,0.0,0.0,0.0,0.0,1.11,0.0,0.44,0.0,70.0,57.89,1.56,1.11,9,2,3,Rusia Premier Liga,4
Rifat Zhemaletdinov,0.0,0.0,53.33,1.0,0.0,0.0,0.09,0.18,0.0,0.36,0.0,0.27,0.27,0.09,16.09,72.32,4.64,55.56,0.0,0.0,0.0,0.0,0.55,0.0,0.09,0.0,14.29,28.81,0.55,1.0,11,2,3,Rusia Premier Liga,4
Nikolay Sysuev,0.0,0.0,0.0,0.0,0.0,0.0,0.0,0.0,0.09,1.0,0.0,0.0,0.0,0.0,25.27,57.19,0.91,29.01,2.64,0.27,0.27,0.0,1.36,0.18,0.18,0.0,100.0,75.0,0.09,0.09,11,1,1,Rusia Premier Liga,4
Ilya Svinov,0.0,0.0,0.0,0.0,0.0,0.0,0.04,0.0,0.04,0.71,0.04,0.04,0.0,0.0,26.29,38.03,1.75,34.13,2.5,0.29,0.38,0.04,1.33,0.13,0.08,0.0,100.0,84.62,0.29,0.04,24,1,1,Rusia Premier Liga,4
Mikhail Ignatov,0.1,0.29,38.46,1.1,0.0,0.0,1.14,0.19,0.0,0.14,0.0,0.57,0.29,0.1,18.1,72.89,5.9,47.06,0.0,0.0,0.0,0.0,0.71,0.14,0.1,0.0,47.62,38.1,0.57,1.43,21,1,3,Rusia Premier Liga,4
Aleksey Pomerko,0.13,0.0,0.0,0.13,0.0,0.0,0.88,1.38,0.0,1.13,0.0,1.25,0.0,0.0,40.0,86.56,4.88,66.67,0.0,0.0,0.0,0.0,1.63,0.25,0.25,0.0,80.0,38.89,0.38,1.13,8,3,3,Rusia Premier Liga,4
Aleksandr Ryazantsev,0.0,0.13,25.0,1.06,0.0,0.0,0.44,0.75,0.0,0.56,0.0,0.5,0.06,0.06,32.56,79.08,8.13,37.21,0.0,0.06,0.0,0.0,1.19,0.25,0.0,0.0,42.11,39.68,0.56,0.56,16,3,3,Rusia Premier Liga,4
Ruslan Apekov,0.0,0.0,50.0,0.5,0.0,0.0,0.5,0.0,0.0,0.0,0.0,0.0,0.0,0.0,6.5,69.23,2.0,0.0,0.0,0.0,0.0,0.0,1.0,0.0,0.0,0.0,0.0,54.55,1.5,2.0,2,1,4,Rusia Premier Liga,4
Mikhail Sivakov,0.0,0.0,75.0,0.42,0.0,0.0,1.0,1.38,0.04,2.29,0.0,0.25,0.0,0.0,39.67,82.35,3.79,45.81,0.0,0.13,0.0,0.0,1.33,0.25,0.29,0.04,59.57,54.62,0.29,1.08,24,3,2,Rusia Premier Liga,4
Rizvan Utsiev,0.0,0.0,22.22,0.06,0.0,0.0,1.31,1.13,0.06,2.13,0.0,0.44,0.0,0.0,18.19,69.76,3.63,31.58,0.0,0.25,0.0,0.0,0.69,0.06,0.0,0.0,61.54,55.41,0.63,0.56,16,3,2,Rusia Premier Liga,4
Igor Lebedenko,0.09,0.09,53.85,0.41,0.0,0.0,0.36,0.45,0.0,0.41,0.0,0.14,0.09,0.05,17.27,73.68,4.68,50.0,0.0,0.05,0.0,0.0,0.95,0.18,0.18,0.0,20.9,30.94,0.64,0.68,22,3,4,Rusia Premier Liga,4
Timofey Shipunov,0.13,0.0,55.56,0.2,0.0,0.0,0.2,0.07,0.0,0.0,0.0,0.4,0.07,0.0,10.0,82.0,3.0,85.71,0.0,0.0,0.0,0.0,0.47,0.27,0.07,0.0,20.0,41.18,0.73,0.2,15,1,3,Rusia Premier Liga,4
Alikhan Shavaev,0.0,0.0,50.0,0.11,0.0,0.0,1.22,0.33,0.0,0.11,0.0,0.22,0.0,0.0,8.89,81.25,2.11,57.14,0.0,0.0,0.0,0.0,0.67,0.0,0.11,0.0,0.0,60.71,0.33,0.11,9,2,3,Rusia Premier Liga,4
Vladislav Shitov,0.09,0.04,35.29,0.87,0.0,0.0,0.57,0.17,0.0,0.26,0.0,0.3,0.04,0.04,6.22,68.53,2.09,66.67,0.0,0.0,0.0,0.0,0.39,0.09,0.04,0.0,27.59,36.84,0.65,0.52,23,1,4,Rusia Premier Liga,4
Danila Khotulev,0.0,0.0,0.0,0.5,0.0,0.0,1.5,1.36,0.07,1.71,0.0,0.29,0.0,0.0,38.64,81.7,4.29,33.75,0.0,0.29,0.0,0.0,1.64,0.29,0.36,0.0,50.0,55.7,0.64,0.86,14,1,2,Rusia Premier Liga,4
Roman Tugarev,0.04,0.04,44.0,1.0,0.0,0.0,0.33,0.17,0.0,0.25,0.0,0.21,0.04,0.0,11.88,72.28,3.96,46.15,0.0,0.04,0.0,0.0,0.71,0.13,0.13,0.0,21.21,38.18,0.67,0.29,24,2,4,Rusia Premier Liga,4
Stepan Melnikov,0.1,0.0,33.33,0.3,0.0,0.0,0.4,0.3,0.0,0.0,0.0,0.1,0.0,0.0,3.7,75.68,1.6,0.0,0.0,0.0,0.0,0.0,0.2,0.0,0.0,0.0,50.0,55.0,0.3,0.1,10,1,3,Rusia Premier Liga,4
Ibrokhim Yuldoshev,0.07,0.0,41.94,0.33,0.0,0.0,1.07,0.96,0.04,0.63,0.0,0.22,0.0,0.04,14.41,74.81,3.52,31.11,0.0,0.07,0.0,0.0,0.81,0.11,0.19,0.0,53.57,49.3,0.48,0.74,27,1,3,Rusia Premier Liga,4
Igor Savić,0.0,0.0,40.0,0.57,0.0,0.0,1.36,1.86,0.0,2.14,0.0,0.79,0.0,0.0,29.14,73.53,3.07,50.0,0.0,0.14,0.0,0.0,1.36,0.07,0.36,0.0,65.91,47.46,0.5,1.71,14,1,3,Rusia Premier Liga,4
Artur Chernyi,0.0,0.09,100.0,0.36,0.0,0.0,1.0,1.73,0.0,1.27,0.09,0.82,0.0,0.0,27.82,78.1,3.18,45.45,0.0,0.0,0.0,0.0,0.91,0.0,0.18,0.0,70.59,56.25,0.18,0.55,11,1,2,Rusia Premier Liga,4
Magomed Shapi Suleymanov,0.0,0.0,53.85,0.25,0.0,0.0,0.5,0.0,0.0,0.0,0.0,0.25,0.0,0.0,14.0,89.29,3.5,57.14,0.0,0.0,0.0,0.0,0.25,0.0,0.0,0.0,50.0,57.89,0.25,0.0,4,1,4,Rusia Premier Liga,4
Vladislav Yakovlev,0.05,0.05,25.0,0.5,0.0,0.0,0.35,0.0,0.0,0.05,0.0,0.3,0.1,0.1,3.25,63.08,0.55,100.0,0.0,0.0,0.0,0.0,0.35,0.1,0.05,0.0,33.33,32.35,0.25,0.75,20,1,4,Rusia Premier Liga,4
Mateo Stamatov,0.0,0.0,65.22,0.4,0.0,0.0,1.0,1.0,0.0,0.93,0.0,0.33,0.0,0.0,21.53,73.99,3.53,18.42,0.0,0.13,0.0,0.0,0.8,0.13,0.27,0.0,50.0,50.63,0.27,0.53,15,1,2,Rusia Premier Liga,4
Vyacheslav Litvinov,0.0,0.0,100.0,0.22,0.0,0.0,1.0,0.94,0.0,2.44,0.0,0.44,0.0,0.0,35.94,86.86,2.56,37.18,0.0,0.17,0.0,0.0,1.06,0.22,0.06,0.06,72.22,64.2,0.44,0.5,18,1,2,Rusia Premier Liga,4
Konstantin Maradishvili,0.1,0.05,44.44,0.76,0.0,0.0,0.76,0.62,0.0,0.29,0.0,0.29,0.0,0.05,14.81,64.31,3.33,34.69,0.0,0.0,0.0,0.0,0.71,0.0,0.14,0.0,8.0,36.96,0.57,0.52,21,1,3,Rusia Premier Liga,4
Shamar Nicholson,0.14,0.5,46.67,1.23,0.0,0.0,0.18,0.09,0.0,0.18,0.0,0.05,0.09,0.05,9.59,69.19,3.18,88.89,0.0,0.0,0.0,0.0,0.32,0.0,0.09,0.0,50.0,40.79,0.18,0.59,22,2,4,Rusia Premier Liga,4
Daniil Lesovoy,0.0,0.08,63.16,0.15,0.0,0.0,0.54,0.23,0.0,0.0,0.0,0.15,0.0,0.0,8.54,70.27,2.77,50.0,0.0,0.0,0.0,0.0,0.31,0.0,0.0,0.0,20.0,57.45,0.54,0.0,13,2,4,Rusia Premier Liga,4
Ilya Gaponov,0.06,0.06,100.0,0.31,0.06,0.0,0.44,0.63,0.0,1.81,0.0,0.44,0.0,0.0,28.75,83.7,2.44,56.52,0.0,0.13,0.0,0.0,1.06,0.06,0.06,0.0,63.16,51.16,0.06,0.25,16,2,2,Rusia Premier Liga,4
Gyrano Kerk,0.12,0.12,57.89,1.24,0.0,0.0,0.59,0.41,0.0,0.12,0.0,0.47,0.12,0.06,12.47,57.55,3.88,16.67,0.0,0.0,0.0,0.0,1.06,0.24,0.06,0.0,56.25,40.85,1.0,1.0,17,2,3,Rusia Premier Liga,4
Vladimir Obukhov,0.18,0.09,0.0,0.73,0.0,0.0,0.09,0.0,0.0,0.18,0.0,0.27,0.0,0.0,5.36,79.66,2.09,50.0,0.0,0.0,0.0,0.0,0.55,0.18,0.18,0.0,15.79,17.65,0.18,0.36,11,3,4,Rusia Premier Liga,4
Ayaz Guliev,0.0,0.0,57.14,1.11,0.0,0.0,2.0,0.89,0.0,0.26,0.0,1.26,0.05,0.05,35.21,81.46,8.95,50.0,0.0,0.11,0.0,0.0,2.16,0.11,0.21,0.0,21.43,42.67,0.79,1.26,19,2,3,Rusia Premier Liga,4
Artem Samsonov,0.0,0.0,46.15,0.68,0.0,0.0,1.77,1.86,0.05,2.14,0.0,0.41,0.05,0.05,33.59,66.58,3.73,33.88,0.0,0.05,0.0,0.0,1.59,0.23,0.36,0.09,53.33,51.72,0.64,1.45,22,3,2,Rusia Premier Liga,4
Ákos Kecskés,0.0,0.0,50.0,0.0,0.0,0.0,0.0,0.0,0.0,3.0,0.0,0.0,0.0,0.0,22.0,77.27,1.0,25.0,0.0,0.0,0.0,0.0,1.0,0.0,0.0,0.0,50.0,60.0,1.0,0.0,1,2,2,Rusia Premier Liga,4
Luka Tsulukidze,0.0,0.0,0.0,0.0,0.0,0.0,0.0,0.0,0.0,0.0,0.0,0.0,0.0,0.0,3.0,100.0,1.0,0.0,0.0,0.0,0.0,0.0,0.0,0.0,0.0,0.0,0.0,0.0,0.0,0.0,1,1,3,Rusia Premier Liga,4
Rustam Khalnazarov,0.0,0.0,0.0,0.0,0.0,0.0,0.0,0.0,0.0,1.0,0.0,0.0,0.0,0.0,2.0,100.0,0.0,0.0,0.0,0.0,0.0,0.0,0.0,1.0,0.0,0.0,100.0,100.0,1.0,0.0,1,1,4,Rusia Premier Liga,4
Dmytro Ivanisenia,0.0,0.0,50.0,1.0,0.0,0.0,1.5,1.0,0.0,0.5,0.0,1.5,0.0,0.0,39.0,80.77,7.0,73.33,0.0,0.0,0.0,0.0,2.5,0.0,0.0,0.0,100.0,53.85,1.0,0.5,2,2,3,Rusia Premier Liga,4
Dmitriy Kratkov,0.0,0.0,50.0,0.5,0.0,0.0,0.0,0.0,0.0,1.5,0.0,0.0,0.0,0.0,7.5,86.67,1.0,0.0,0.0,0.0,0.0,0.0,0.0,0.5,0.0,0.0,0.0,66.67,0.5,0.0,2,1,2,Rusia Premier Liga,4
Magomed Yakuev,0.0,0.0,0.0,0.0,0.0,0.0,2.0,0.0,0.0,0.0,0.0,0.0,0.0,0.0,3.0,66.67,2.0,0.0,0.0,0.0,0.0,0.0,0.0,0.0,0.5,0.0,100.0,62.5,0.0,1.0,2,1,3,Rusia Premier Liga,4
Aleksey Baranovskiy,0.0,0.0,50.0,0.0,0.0,0.0,0.33,0.0,0.0,0.0,0.0,0.0,0.0,0.0,7.0,66.67,2.33,0.0,0.0,0.0,0.0,0.0,0.0,0.0,0.0,0.0,50.0,42.86,0.0,0.0,3,1,4,Rusia Premier Liga,4
Miha Mevlja,0.0,0.0,0.0,0.0,0.0,0.0,0.25,0.0,0.0,2.0,0.0,0.25,0.0,0.0,28.5,88.6,0.75,61.54,0.0,0.0,0.0,0.0,0.5,0.0,0.0,0.0,71.43,72.73,0.5,0.0,4,3,2,Rusia Premier Liga,4
Daniil Odoevski,0.0,0.0,0.0,0.0,0.0,0.0,0.0,0.0,0.0,1.0,0.0,0.0,0.0,0.0,14.25,84.21,0.0,40.0,1.25,0.5,0.0,0.0,0.0,0.25,0.0,0.25,0.0,50.0,0.25,0.25,4,1,1,Rusia Premier Liga,4
Nikolay Rasskazov,0.06,0.0,53.33,0.31,0.06,0.0,0.63,0.38,0.06,0.44,0.0,0.19,0.06,0.0,15.25,75.41,4.25,61.54,0.0,0.06,0.0,0.0,0.81,0.13,0.06,0.0,50.0,54.9,0.38,0.25,16,2,2,Rusia Premier Liga,4
Daniil Kulikov,0.0,0.0,66.67,0.15,0.0,0.0,0.92,0.15,0.08,0.46,0.0,0.62,0.0,0.08,14.77,75.0,3.85,46.15,0.0,0.08,0.0,0.0,1.0,0.0,0.08,0.0,33.33,47.5,0.23,0.38,13,2,3,Rusia Premier Liga,4
Leo Goglichidze,0.0,0.0,38.46,0.19,0.0,0.0,1.15,0.54,0.0,0.96,0.0,0.31,0.0,0.04,27.04,79.09,5.15,38.82,0.0,0.12,0.0,0.0,0.73,0.12,0.15,0.04,48.84,52.17,0.88,1.04,26,2,2,Rusia Premier Liga,4
Eli Dasa,0.0,0.0,40.0,0.36,0.0,0.0,1.27,0.73,0.05,1.27,0.0,0.45,0.05,0.09,36.09,75.94,9.64,37.8,0.0,0.09,0.0,0.0,1.32,0.14,0.14,0.0,57.14,49.11,0.5,0.82,22,3,2,Rusia Premier Liga,4
Maciej Rybus,0.13,0.0,50.0,0.13,0.0,0.0,0.75,0.63,0.13,0.75,0.0,0.5,0.13,0.13,18.0,84.72,5.38,38.46,0.0,0.0,0.0,0.0,0.38,0.25,0.25,0.13,100.0,50.0,0.38,1.0,8,3,2,Rusia Premier Liga,4
Ruslan Magal,0.04,0.0,38.46,0.4,0.0,0.0,0.84,0.28,0.0,0.68,0.0,0.4,0.04,0.0,13.2,76.06,3.16,27.91,0.0,0.0,0.0,0.0,1.0,0.24,0.12,0.0,41.67,47.62,0.36,0.36,25,3,3,Rusia Premier Liga,4
Kirill Glebov,0.0,0.0,50.0,0.17,0.0,0.0,0.83,0.33,0.0,0.17,0.0,1.17,0.17,0.0,5.83,62.86,1.67,100.0,0.0,0.0,0.0,0.0,0.33,0.0,0.17,0.0,0.0,52.38,0.83,0.5,6,1,4,Rusia Premier Liga,4
Artem Ntumba Muamba,0.0,0.14,66.67,0.71,0.0,0.0,0.14,0.0,0.0,0.0,0.0,0.0,0.0,0.0,1.14,37.5,0.29,0.0,0.0,0.0,0.0,0.0,0.0,0.0,0.0,0.0,75.0,58.33,0.14,0.0,7,1,4,Rusia Premier Liga,4
Kirill Bozhenov,0.0,0.0,28.57,0.36,0.0,0.0,1.55,0.55,0.0,0.64,0.0,0.55,0.18,0.09,18.18,73.0,3.09,50.0,0.0,0.0,0.0,0.0,1.27,0.0,0.27,0.0,0.0,42.86,0.45,1.18,11,1,3,Rusia Premier Liga,4
Nikola Antić,0.0,0.0,100.0,0.73,0.0,0.0,0.91,0.18,0.09,1.55,0.0,0.82,0.09,0.0,30.18,67.17,7.09,35.48,0.0,0.09,0.0,0.0,1.64,0.09,0.09,0.0,35.29,37.25,0.18,0.55,11,2,2,Rusia Premier Liga,4
Amur Kalmykov,0.0,0.0,66.67,0.8,0.0,0.0,0.2,0.2,0.0,0.0,0.0,0.0,0.0,0.0,8.0,57.5,1.2,100.0,0.0,0.0,0.0,0.0,0.8,0.0,0.0,0.0,41.67,32.0,0.0,0.6,5,2,4,Rusia Premier Liga,4
Egor Danilkin,0.0,0.0,0.0,0.0,0.0,0.0,1.0,1.6,0.0,2.0,0.0,0.4,0.0,0.0,28.0,80.0,3.4,33.33,0.0,0.0,0.0,0.0,1.4,0.0,0.2,0.0,77.78,62.5,0.6,0.8,5,2,2,Rusia Premier Liga,4
Evgeniy Tatarinov,0.0,0.0,0.0,0.1,0.0,0.0,0.2,0.0,0.0,0.0,0.0,0.1,0.0,0.0,2.7,81.48,1.4,0.0,0.0,0.0,0.0,0.0,0.2,0.0,0.1,0.0,33.33,33.33,0.2,0.6,10,1,4,Rusia Premier Liga,4
Oleg Shatov,0.0,0.0,100.0,0.25,0.0,0.0,0.25,0.75,0.0,0.0,0.0,0.0,0.0,0.0,18.25,78.08,3.25,40.0,0.0,0.0,0.0,0.0,0.75,0.25,0.0,0.0,66.67,50.0,0.5,0.0,4,3,3,Rusia Premier Liga,4
Yordy Reyna,0.0,0.0,34.48,1.18,0.0,0.0,0.64,0.09,0.0,0.18,0.0,0.36,0.0,0.18,25.27,80.22,6.64,61.29,0.0,0.0,0.0,0.0,1.55,0.27,0.0,0.0,12.5,42.39,1.91,0.55,11,2,3,Rusia Premier Liga,4
Alexey Keniaykin,0.0,0.0,0.0,0.0,0.0,0.0,0.0,0.0,0.0,0.82,0.0,0.18,0.0,0.0,21.64,60.5,1.27,36.81,2.73,0.18,0.0,0.0,1.64,0.18,0.0,0.0,0.0,0.0,0.0,0.0,11,2,1,Rusia Premier Liga,4
Maksim Turishchev,0.0,0.04,50.0,0.92,0.0,0.0,0.5,0.58,0.04,0.17,0.0,0.33,0.04,0.04,9.54,70.74,2.38,30.0,0.0,0.0,0.0,0.0,1.0,0.21,0.08,0.0,25.71,30.28,0.04,0.54,24,1,4,Rusia Premier Liga,4
Igor Smolnikov,0.05,0.05,17.65,0.27,0.0,0.0,1.05,0.5,0.05,0.59,0.0,0.18,0.09,0.05,26.41,78.49,4.86,44.44,0.0,0.09,0.0,0.0,1.18,0.14,0.14,0.05,31.03,40.65,0.68,1.23,22,3,2,Rusia Premier Liga,4
Evgeniy Markov,0.0,0.0,14.29,0.89,0.0,0.0,1.22,0.0,0.0,0.33,0.0,0.0,0.0,0.11,13.44,58.68,5.11,42.86,0.0,0.0,0.0,0.0,0.78,0.0,0.0,0.11,38.78,44.86,1.89,1.89,9,2,4,Rusia Premier Liga,4
Vladislav Samko,0.0,0.0,0.0,0.0,0.0,0.0,0.67,0.33,0.0,0.0,0.0,0.0,0.0,0.0,6.33,89.47,2.33,0.0,0.0,0.0,0.0,0.0,0.0,0.33,0.0,0.0,0.0,80.0,0.67,0.33,3,1,3,Rusia Premier Liga,4
Nikolay Titkov,0.0,0.0,55.56,0.56,0.0,0.0,0.31,0.13,0.0,0.06,0.0,0.31,0.0,0.0,11.19,86.59,3.88,66.67,0.0,0.0,0.0,0.0,0.31,0.06,0.06,0.0,25.0,43.59,0.31,0.5,16,1,3,Rusia Premier Liga,4
Vitaliy Gudiev,0.0,0.0,0.0,0.0,0.0,0.0,0.0,0.0,0.0,1.5,0.25,0.25,0.0,0.0,42.88,55.98,1.38,36.21,3.88,0.13,0.13,0.0,2.38,0.38,0.0,0.0,100.0,33.33,0.0,0.0,8,2,1,Rusia Premier Liga,4
Maksim Nenakhov,0.05,0.05,69.23,0.2,0.0,0.0,2.0,1.45,0.05,1.85,0.0,0.75,0.05,0.05,33.55,77.5,5.5,36.25,0.0,0.15,0.0,0.0,0.9,0.05,0.2,0.1,55.56,55.92,0.55,0.95,20,2,2,Rusia Premier Liga,4
Vladimir Poluyakhtov,0.0,0.0,14.29,0.25,0.0,0.0,0.9,0.55,0.0,0.35,0.0,0.7,0.0,0.0,13.1,82.44,3.05,47.37,0.0,0.05,0.0,0.0,0.8,0.05,0.1,0.0,33.33,42.53,0.65,0.75,20,3,2,Rusia Premier Liga,4
Denis Terentjev,0.0,0.0,40.0,0.38,0.0,0.0,0.5,0.25,0.0,0.25,0.0,0.19,0.13,0.0,11.25,65.56,2.19,35.48,0.0,0.0,0.0,0.0,0.63,0.06,0.0,0.0,36.36,47.37,0.25,0.19,16,3,2,Rusia Premier Liga,4
Roman Yuzepchuk,0.0,0.0,38.46,0.09,0.0,0.0,1.91,2.0,0.0,1.18,0.0,0.45,0.18,0.18,32.0,70.17,6.91,22.73,0.0,0.09,0.0,0.0,2.0,0.18,0.09,0.0,50.0,53.13,0.36,0.64,11,2,2,Rusia Premier Liga,4
Lachezar Kotev,0.0,0.0,100.0,0.0,0.0,0.0,1.0,2.0,0.0,0.0,0.0,0.0,0.0,0.0,22.0,79.55,5.5,25.0,0.0,0.0,0.0,0.0,1.5,0.0,0.5,0.0,50.0,44.44,0.0,1.5,2,2,3,Rusia Premier Liga,4
Maksim Danilin,0.0,0.0,0.0,0.5,0.0,0.0,0.0,0.0,0.0,0.0,0.0,0.0,0.0,0.0,3.5,100.0,1.0,0.0,0.0,0.0,0.0,0.0,0.0,0.0,0.0,0.0,0.0,0.0,0.0,1.0,2,1,4,Rusia Premier Liga,4
Aleksey Gorodovoy,0.0,0.0,0.0,0.0,0.0,0.0,0.0,0.0,0.0,0.33,0.0,0.0,0.0,0.0,25.67,46.1,3.5,40.71,3.5,0.0,0.5,0.0,1.5,0.67,0.0,0.0,50.0,50.0,0.0,0.0,6,2,1,Rusia Premier Liga,4
Stefan Melentijević,0.0,0.0,40.0,0.25,0.0,0.0,0.5,1.63,0.0,1.5,0.0,0.75,0.0,0.0,20.25,80.86,4.5,62.96,0.0,0.0,0.0,0.0,1.13,0.13,0.38,0.0,53.85,38.64,0.5,1.25,8,1,2,Rusia Premier Liga,4
Mario Mitaj,0.0,0.0,50.0,0.14,0.0,0.0,1.29,1.0,0.0,0.93,0.0,0.29,0.0,0.0,23.0,84.16,5.5,62.07,0.0,0.07,0.0,0.0,0.57,0.07,0.07,0.07,58.82,57.89,0.71,0.79,14,1,2,Rusia Premier Liga,4
Albert Sharipov,0.0,0.0,75.0,0.25,0.0,0.0,0.63,0.44,0.0,0.5,0.0,0.31,0.0,0.0,23.06,80.76,4.75,42.5,0.0,0.0,0.0,0.0,1.19,0.06,0.25,0.0,46.15,57.38,1.0,0.44,16,2,3,Rusia Premier Liga,4
Mukhammad Sultonov,0.0,0.11,25.0,0.56,0.0,0.0,0.89,0.44,0.0,0.22,0.0,0.33,0.11,0.0,14.89,71.64,4.11,36.36,0.0,0.0,0.0,0.0,0.89,0.11,0.0,0.0,20.0,37.5,0.33,0.11,9,3,4,Rusia Premier Liga,4
Amir Batyrev,0.0,0.11,16.67,0.44,0.0,0.0,0.44,0.67,0.0,0.11,0.0,0.11,0.11,0.0,18.22,86.59,5.44,63.64,0.0,0.0,0.0,0.0,0.67,0.11,0.11,0.0,33.33,50.0,1.33,0.44,9,1,3,Rusia Premier Liga,4
Egor Sorokin,0.0,0.0,0.0,0.29,0.0,0.0,0.29,0.86,0.0,4.29,0.0,0.14,0.14,0.14,48.86,80.7,3.43,31.71,0.0,0.14,0.0,0.0,1.86,0.14,0.43,0.0,76.19,62.5,0.29,0.57,7,2,2,Rusia Premier Liga,4
Reda Rabeï,0.1,0.1,25.0,1.2,0.0,0.0,0.2,0.2,0.0,0.1,0.0,0.5,0.0,0.0,12.8,72.66,3.6,17.65,0.0,0.0,0.0,0.0,0.4,0.3,0.0,0.0,12.5,21.88,0.3,0.6,10,2,3,Rusia Premier Liga,4
Ilya Berkovskyi,0.0,0.0,0.0,0.5,0.0,0.0,1.33,0.33,0.0,0.0,0.0,1.0,0.0,0.17,5.5,60.61,0.67,25.0,0.0,0.0,0.0,0.0,0.5,0.0,0.0,0.0,14.29,32.26,0.17,1.17,6,1,3,Rusia Premier Liga,4
Khozhimat Erkinov,0.0,0.1,41.18,0.6,0.0,0.0,1.15,0.65,0.0,0.1,0.0,0.9,0.05,0.05,14.5,79.66,5.15,38.46,0.0,0.05,0.0,0.0,1.05,0.15,0.2,0.0,41.67,45.24,1.35,0.7,20,1,3,Rusia Premier Liga,4
Danil Lipovoy,0.0,0.0,20.0,0.0,0.0,0.0,0.2,0.8,0.0,0.0,0.0,0.0,0.0,0.0,8.6,79.07,2.0,0.0,0.0,0.0,0.0,0.0,0.2,0.0,0.0,0.0,33.33,37.5,0.4,0.0,5,1,3,Rusia Premier Liga,4
Aleksei Gerasimov,0.0,0.0,100.0,0.22,0.0,0.0,0.11,0.33,0.11,2.33,0.0,0.33,0.0,0.0,31.22,82.21,1.33,54.24,0.0,0.11,0.0,0.0,1.11,0.22,0.22,0.0,82.35,51.43,0.22,1.11,9,2,2,Rusia Premier Liga,4
Ivan Enin,0.0,0.0,54.55,0.36,0.0,0.0,1.09,0.95,0.0,1.41,0.0,0.32,0.0,0.0,22.91,84.33,3.23,46.67,0.0,0.0,0.0,0.0,1.27,0.14,0.14,0.0,31.25,40.0,0.27,0.91,22,2,3,Rusia Premier Liga,4
Daniil Kornyushin,0.0,0.07,50.0,0.36,0.0,0.0,1.0,1.0,0.07,1.57,0.0,0.57,0.0,0.0,17.79,62.25,2.93,29.17,0.0,0.07,0.0,0.0,1.36,0.07,0.29,0.0,61.54,54.76,1.0,0.79,14,1,3,Rusia Premier Liga,4
Márk Koszta,0.0,0.0,0.0,0.0,0.0,0.0,0.25,0.25,0.0,0.25,0.0,0.75,0.0,0.0,6.25,64.0,2.0,50.0,0.0,0.0,0.0,0.0,0.5,0.0,0.0,0.0,0.0,23.08,0.5,0.25,4,2,4,Rusia Premier Liga,4
Aleksander Zuev,0.0,0.0,32.0,0.58,0.0,0.0,0.92,0.5,0.0,0.67,0.0,0.71,0.0,0.0,20.0,75.83,5.17,44.68,0.0,0.04,0.0,0.0,1.13,0.0,0.04,0.0,30.95,35.82,0.21,0.5,24,2,3,Rusia Premier Liga,4
Aleksandr Orekhov,0.0,0.0,16.67,1.0,0.0,0.0,1.4,1.2,0.0,0.2,0.0,1.4,0.0,0.0,26.0,77.69,5.8,41.67,0.0,0.0,0.0,0.0,2.2,0.0,0.2,0.0,100.0,44.44,1.2,1.2,5,1,3,Rusia Premier Liga,4
Irakliy Manelov,0.0,0.0,33.33,1.33,0.0,0.0,0.33,0.22,0.0,0.0,0.0,0.67,0.0,0.0,6.22,82.14,1.56,0.0,0.0,0.0,0.0,0.0,0.56,0.11,0.33,0.0,0.0,28.95,0.44,0.78,9,1,4,Rusia Premier Liga,4
Moussa Sissako,0.1,0.0,25.0,0.4,0.0,0.0,0.8,2.3,0.1,1.0,0.0,0.3,0.0,0.0,19.2,85.42,1.5,47.83,0.0,0.0,0.0,0.0,1.2,0.4,0.1,0.1,66.67,50.0,0.2,0.5,10,1,2,Rusia Premier Liga,4
Vladimir Khubulov,0.05,0.0,29.41,0.76,0.0,0.0,0.38,0.19,0.05,0.19,0.0,0.29,0.0,0.0,6.86,71.53,1.9,60.0,0.0,0.0,0.0,0.0,0.57,0.1,0.1,0.0,20.0,37.23,0.9,0.81,21,1,4,Rusia Premier Liga,4
Maximiliano Caufriez,0.0,0.0,0.0,0.0,0.0,0.0,0.0,0.0,0.0,1.0,0.0,0.0,0.0,0.0,8.0,75.0,0.0,0.0,0.0,0.0,0.0,0.0,0.0,0.0,0.0,0.0,0.0,0.0,0.0,0.0,1,2,2,Rusia Premier Liga,4
Ifeany David Ndouka,0.0,0.0,0.0,0.0,0.0,0.0,0.0,1.0,0.0,0.0,0.0,0.0,0.0,0.0,5.0,100.0,0.0,0.0,0.0,0.0,0.0,0.0,1.0,0.0,0.0,0.0,0.0,0.0,0.0,0.0,1,1,3,Rusia Premier Liga,4
Ilya Ishkov,0.0,0.0,0.0,0.0,0.0,0.0,0.0,1.0,0.0,0.0,0.0,0.0,0.0,0.0,3.0,33.33,0.0,0.0,0.0,0.0,0.0,0.0,0.0,0.0,0.0,0.0,0.0,0.0,0.0,1.0,1,1,4,Rusia Premier Liga,4
Abdulla Bagamaev,0.0,0.0,0.0,0.0,0.0,0.0,0.0,0.0,0.0,0.0,0.0,0.0,0.0,0.0,0.0,0.0,0.0,0.0,0.0,0.0,0.0,0.0,0.0,0.0,0.0,0.0,0.0,0.0,0.0,0.0,1,1,3,Rusia Premier Liga,4
Georgi Karginov,0.0,0.0,50.0,0.0,0.0,0.0,1.0,1.0,0.0,0.0,0.0,0.0,0.0,0.0,10.0,90.0,3.0,100.0,0.0,0.0,0.0,0.0,2.0,1.0,1.0,0.0,0.0,50.0,0.0,1.0,1,1,3,Rusia Premier Liga,4
David Kokoev,0.0,0.0,0.0,0.0,0.0,0.0,0.0,1.0,0.0,0.0,0.0,0.0,0.0,0.0,6.0,83.33,0.0,0.0,0.0,0.0,0.0,0.0,0.0,1.0,0.0,0.0,0.0,0.0,0.0,0.0,1,1,3,Rusia Premier Liga,4
Oston Urunov,0.0,0.0,0.0,0.0,0.0,0.0,0.0,0.5,0.0,0.0,0.0,0.0,0.0,0.0,10.0,85.0,4.0,100.0,0.0,0.0,0.0,0.0,1.0,0.0,0.0,0.0,0.0,66.67,1.0,0.0,2,1,3,Rusia Premier Liga,4
Diego Acosta,0.0,0.0,0.0,0.0,0.0,0.0,0.0,0.0,0.0,0.0,0.0,0.0,0.0,0.0,0.5,100.0,0.0,0.0,0.0,0.0,0.0,0.0,0.5,0.0,0.0,0.0,0.0,0.0,0.0,0.0,2,1,4,Rusia Premier Liga,4
Ilya Charniak,0.0,0.0,100.0,0.0,0.0,0.0,0.0,0.0,0.0,0.0,0.0,0.5,0.0,0.0,0.5,100.0,0.5,0.0,0.0,0.0,0.0,0.0,0.0,0.0,0.0,0.0,0.0,25.0,0.0,0.0,2,1,3,Rusia Premier Liga,4
Roman Emelyanov,0.0,0.0,0.0,0.0,0.0,0.0,0.0,0.0,0.0,1.0,0.0,0.0,0.0,0.0,10.5,90.48,3.5,100.0,0.0,0.0,0.0,0.0,0.0,0.0,0.0,0.0,0.0,25.0,0.5,1.0,2,3,3,Rusia Premier Liga,4
Georgi Schennikov,0.0,0.0,0.0,0.33,0.0,0.0,0.33,1.0,0.0,1.0,0.0,0.33,0.0,0.0,15.67,78.72,3.0,40.0,0.0,0.0,0.0,0.0,1.0,0.0,0.0,0.0,33.33,37.5,0.33,0.67,3,3,2,Rusia Premier Liga,4
Denis Laptev,0.0,0.25,0.0,0.25,0.0,0.0,0.25,0.75,0.0,0.5,0.0,0.0,0.0,0.0,7.5,73.33,1.75,100.0,0.0,0.0,0.0,0.0,0.25,0.25,0.0,0.0,83.33,58.33,0.25,0.25,4,3,4,Rusia Premier Liga,4
Jajá,0.0,0.17,47.06,1.0,0.0,0.0,0.5,0.0,0.0,0.0,0.0,0.33,0.0,0.0,5.5,60.61,2.33,0.0,0.0,0.0,0.0,0.0,0.5,0.0,0.0,0.0,100.0,46.67,0.33,0.17,6,1,4,Rusia Premier Liga,4
Ramazan Gadzimuradov,0.0,0.1,25.0,1.5,0.0,0.0,0.4,0.3,0.0,0.3,0.0,0.0,0.0,0.0,13.2,69.7,4.5,36.36,0.0,0.0,0.0,0.0,0.7,0.1,0.4,0.0,60.0,45.33,1.8,1.4,10,2,3,Rusia Premier Liga,4
Nikita Ermakov,0.0,0.0,36.36,0.18,0.0,0.0,0.82,0.32,0.0,0.27,0.0,0.5,0.09,0.0,9.14,75.12,1.95,55.0,0.0,0.0,0.0,0.0,0.23,0.05,0.05,0.0,31.25,34.12,0.09,0.59,22,1,3,Rusia Premier Liga,4
Yuri Zheleznov,0.0,0.0,30.77,0.27,0.0,0.0,0.47,0.2,0.0,0.0,0.0,0.2,0.0,0.0,6.4,86.46,2.73,55.56,0.0,0.0,0.0,0.0,0.4,0.13,0.13,0.0,0.0,31.11,0.2,0.27,15,1,3,Rusia Premier Liga,4
Bojan Roganović,0.0,0.0,28.57,0.17,0.0,0.0,1.33,1.08,0.0,1.08,0.08,0.5,0.0,0.0,25.25,70.63,3.5,34.69,0.0,0.08,0.0,0.0,1.58,0.17,0.42,0.0,46.15,51.52,0.83,0.75,12,1,3,Rusia Premier Liga,4
Vladislav Masternoy,0.0,0.0,50.0,0.55,0.0,0.0,1.0,0.55,0.0,0.27,0.0,0.64,0.0,0.0,8.73,62.5,1.55,20.0,0.0,0.09,0.0,0.0,0.27,0.0,0.0,0.0,70.0,48.84,0.18,0.91,11,2,2,Rusia Premier Liga,4
Marko Rakonjac,0.0,0.0,55.56,0.83,0.0,0.0,0.25,0.08,0.0,0.25,0.0,0.0,0.0,0.0,6.42,66.23,1.33,100.0,0.0,0.0,0.0,0.0,1.08,0.17,0.0,0.0,33.33,37.29,0.5,0.5,12,1,4,Rusia Premier Liga,4
Georgi Zotov,0.0,0.08,25.0,0.42,0.0,0.0,0.58,0.67,0.0,0.92,0.0,0.08,0.0,0.0,8.67,73.08,1.75,35.0,0.0,0.08,0.0,0.0,0.75,0.08,0.17,0.0,50.0,51.61,0.25,0.25,12,3,2,Rusia Premier Liga,4
Momo Yansane,0.0,0.0,44.44,0.53,0.0,0.0,0.53,0.13,0.13,0.2,0.0,0.07,0.0,0.0,9.0,65.93,2.07,50.0,0.0,0.0,0.0,0.0,0.6,0.07,0.2,0.0,27.27,34.15,0.47,1.13,15,2,4,Rusia Premier Liga,4
Evgeni Shlyakov,0.0,0.0,55.56,0.18,0.0,0.0,0.88,1.24,0.24,2.24,0.0,0.53,0.12,0.12,23.94,66.58,3.18,34.07,0.0,0.0,0.0,0.0,1.82,0.06,0.24,0.0,44.44,47.57,1.0,1.0,17,3,2,Rusia Premier Liga,4
Andrey Malykh,0.0,0.0,28.57,0.13,0.0,0.0,1.75,0.88,0.0,1.0,0.0,1.0,0.13,0.13,29.25,76.92,8.13,24.24,0.0,0.13,0.0,0.0,1.63,0.25,0.38,0.0,50.0,40.82,0.13,1.0,8,3,2,Rusia Premier Liga,4
Egor Noskov,0.0,0.0,75.0,0.5,0.0,0.0,0.5,0.25,0.0,0.25,0.0,1.0,0.0,0.0,11.25,64.44,2.0,20.0,0.0,0.0,0.0,0.0,0.5,0.0,0.0,0.0,0.0,45.45,0.0,0.0,4,1,2,Rusia Premier Liga,4
Egor Proshkin,0.0,0.08,50.0,0.17,0.0,0.0,0.75,0.5,0.0,2.0,0.0,0.17,0.0,0.0,17.83,65.89,1.33,32.65,0.0,0.0,0.0,0.0,0.92,0.25,0.08,0.0,50.0,53.85,0.25,0.42,12,1,2,Rusia Premier Liga,4
Ilya Sadygov,0.05,0.0,0.0,0.1,0.0,0.0,0.05,0.0,0.0,0.05,0.0,0.0,0.0,0.0,4.35,62.07,0.75,20.0,0.0,0.0,0.0,0.0,0.95,0.05,0.15,0.0,21.05,22.22,0.15,0.35,20,1,4,Rusia Premier Liga,4
Dzhambulat Dulaev,0.0,0.0,0.0,0.0,0.0,0.0,0.0,0.0,0.0,0.0,0.0,0.0,0.0,0.0,2.67,100.0,1.0,0.0,0.0,0.0,0.0,0.0,1.0,0.33,0.33,0.0,0.0,25.0,0.67,0.67,3,2,4,Rusia Premier Liga,4
Ilya Kamyshev,0.0,0.0,40.0,0.25,0.0,0.0,0.5,0.5,0.13,0.25,0.0,0.75,0.0,0.0,13.63,87.16,2.63,80.0,0.0,0.0,0.0,0.0,0.75,0.0,0.13,0.0,60.0,35.71,0.13,0.63,8,2,3,Rusia Premier Liga,4
David Kobesov,0.0,0.0,14.29,0.33,0.0,0.0,0.0,0.0,0.0,0.0,0.0,0.0,0.17,0.17,10.33,74.19,2.83,75.0,0.0,0.0,0.0,0.0,0.83,0.0,0.17,0.0,50.0,26.09,0.67,0.67,6,1,3,Rusia Premier Liga,4
Miguel,0.0,0.0,0.0,1.5,0.0,0.0,1.5,0.0,0.0,0.0,0.0,0.0,0.0,0.0,11.0,72.73,2.5,50.0,0.0,0.0,0.0,0.0,0.5,0.5,0.0,0.0,0.0,40.0,0.5,0.5,2,1,3,Rusia Premier Liga,4
Sergey Gorshkov,0.0,0.0,0.0,1.0,0.0,0.0,0.5,0.5,0.0,0.5,0.0,0.5,0.0,0.0,5.5,90.91,1.5,100.0,0.0,0.0,0.0,0.0,0.5,0.0,0.0,0.0,0.0,20.0,0.0,0.5,2,1,3,Rusia Premier Liga,4
Matvey Ivakhnov,0.1,0.0,100.0,0.2,0.0,0.0,0.4,0.0,0.0,0.0,0.0,0.1,0.0,0.0,4.3,53.49,1.3,50.0,0.0,0.0,0.0,0.0,0.3,0.1,0.0,0.1,81.82,60.0,0.1,0.6,10,1,4,Rusia Premier Liga,4
Artem Meshchaninov,0.0,0.0,50.0,0.41,0.0,0.0,1.35,1.29,0.06,2.53,0.06,0.29,0.0,0.0,34.65,81.66,3.65,51.58,0.0,0.06,0.0,0.0,1.47,0.12,0.18,0.06,65.91,65.69,0.76,0.65,17,2,2,Rusia Premier Liga,4
Konstantin Shiltsov,0.0,0.0,33.33,0.4,0.0,0.0,0.3,0.4,0.0,0.3,0.0,0.4,0.0,0.1,5.4,64.81,1.2,0.0,0.0,0.0,0.0,0.0,0.7,0.1,0.0,0.0,30.0,28.57,0.1,0.3,10,1,3,Rusia Premier Liga,4
Kemal Ademi,0.0,0.0,0.0,0.0,0.0,0.0,0.0,0.0,0.0,0.0,0.0,0.0,0.0,0.0,1.0,0.0,0.0,0.0,0.0,0.0,0.0,0.0,0.0,0.0,0.0,0.0,0.0,0.0,0.0,0.0,1,2,4,Rusia Premier Liga,4
Maksim Petrov,0.0,0.0,0.0,0.0,0.0,0.0,0.0,1.0,0.0,0.0,0.0,0.0,0.0,0.0,0.0,0.0,0.0,0.0,0.0,0.0,0.0,0.0,0.0,0.0,0.0,0.0,0.0,0.0,0.0,0.0,1,1,3,Rusia Premier Liga,4
Danila Kozlov,0.0,0.0,0.0,0.5,0.0,0.0,0.5,0.0,0.0,0.0,0.0,0.0,0.0,0.0,3.5,85.71,1.0,0.0,0.0,0.0,0.0,0.0,0.0,0.0,0.0,0.0,0.0,33.33,0.0,0.5,2,1,3,Rusia Premier Liga,4
Oleg Isaenko,0.0,0.0,0.0,0.0,0.0,0.0,0.33,0.0,0.0,0.33,0.0,0.33,0.0,0.0,19.33,84.48,6.0,0.0,0.0,0.0,0.0,0.0,0.67,0.0,0.0,0.0,0.0,40.0,0.33,0.0,3,1,2,Rusia Premier Liga,4
Aleksey Shumskikh,0.0,0.0,0.0,0.0,0.0,0.0,0.33,0.33,0.0,0.67,0.0,0.0,0.0,0.0,22.0,89.39,0.33,75.0,0.0,0.0,0.0,0.0,1.67,0.0,0.0,0.0,100.0,100.0,0.0,0.0,3,3,2,Rusia Premier Liga,4
Bogdan Reichman,0.0,0.0,60.0,0.25,0.0,0.0,0.5,0.38,0.0,0.0,0.0,0.75,0.0,0.0,22.25,87.08,3.63,53.33,0.0,0.0,0.0,0.0,1.38,0.13,0.25,0.0,20.0,30.3,0.25,1.13,8,1,3,Rusia Premier Liga,4
Aleksandr Selyava,0.08,0.0,50.0,0.25,0.0,0.0,0.42,0.17,0.08,0.42,0.0,0.25,0.0,0.0,10.08,59.5,1.0,16.67,0.0,0.0,0.0,0.0,0.75,0.0,0.08,0.0,70.0,43.33,0.0,0.42,12,3,3,Rusia Premier Liga,4
Artem Simonyan,0.0,0.0,0.0,1.0,0.0,0.0,1.5,0.0,0.0,0.0,0.0,0.5,0.0,0.0,10.0,80.0,3.0,0.0,0.0,0.0,0.0,0.0,1.5,0.0,0.0,0.0,0.0,27.27,0.0,0.0,2,2,3,Rusia Premier Liga,4
Pedrinho,0.0,0.33,43.48,1.83,0.0,0.0,0.33,0.17,0.0,0.33,0.0,0.17,0.33,0.0,15.17,76.92,6.17,80.0,0.0,0.0,0.0,0.0,1.5,0.17,0.0,0.0,0.0,44.19,1.17,0.83,6,1,4,Rusia Premier Liga,4
Aleksandr Pavlovets,0.0,0.0,0.0,0.29,0.0,0.0,0.71,2.14,0.14,2.0,0.0,0.29,0.0,0.0,22.71,77.99,2.57,28.13,0.0,0.0,0.0,0.0,2.14,0.14,0.29,0.0,55.56,58.33,0.57,0.71,7,2,2,Rusia Premier Liga,4
Lev Skvortsov,0.0,0.0,35.71,0.13,0.0,0.0,1.5,1.88,0.0,1.38,0.0,1.75,0.0,0.0,22.63,59.12,3.5,27.59,0.0,0.0,0.0,0.0,2.0,0.0,0.25,0.0,52.94,43.53,1.38,1.13,8,1,3,Rusia Premier Liga,4
Janio Bikel,0.0,0.0,53.85,0.27,0.0,0.0,1.36,0.91,0.0,0.82,0.0,1.0,0.0,0.09,20.55,75.22,3.09,33.33,0.0,0.09,0.0,0.0,1.64,0.09,0.0,0.09,35.71,41.12,1.64,2.18,11,2,3,Rusia Premier Liga,4
Jonathan Okoronkwo,0.0,0.0,0.0,0.0,0.0,0.0,0.0,0.0,0.0,1.0,0.0,0.0,0.0,0.0,4.0,50.0,1.0,0.0,0.0,0.0,0.0,0.0,0.0,0.0,0.0,0.0,0.0,0.0,0.0,0.0,1,1,4,Rusia Premier Liga,4
Vitaliy Shitov,0.0,0.0,0.0,0.0,0.0,0.0,0.0,0.0,0.0,0.0,0.0,1.0,0.0,0.0,0.0,0.0,0.0,0.0,0.0,0.0,0.0,0.0,0.0,0.0,0.0,0.0,0.0,0.0,0.0,1.0,1,1,4,Rusia Premier Liga,4
Nikita Ershov,0.0,0.0,0.0,0.0,0.0,0.0,0.0,0.0,0.0,0.0,0.0,0.0,0.0,0.0,11.0,63.64,2.0,0.0,0.0,0.0,0.0,0.0,1.0,0.0,0.0,0.0,100.0,50.0,0.0,0.0,1,1,3,Rusia Premier Liga,4
Danil Massurenko,0.0,0.0,0.0,0.0,0.0,0.0,0.0,0.0,0.0,0.0,0.0,0.0,0.0,0.0,2.0,50.0,0.0,0.0,0.0,0.0,0.0,0.0,1.0,0.0,1.0,0.0,0.0,0.0,0.0,1.0,1,1,4,Rusia Premier Liga,4
David Toševski,0.0,0.0,0.0,0.0,0.0,0.0,0.5,0.0,0.0,0.0,0.0,0.0,0.0,0.0,3.0,83.33,2.0,100.0,0.0,0.0,0.0,0.0,0.0,0.0,0.0,0.0,0.0,14.29,0.0,1.0,2,1,4,Rusia Premier Liga,4
Egor Ushakov,0.0,0.25,25.0,0.5,0.0,0.0,1.0,0.25,0.0,0.5,0.0,1.25,0.0,0.0,9.25,81.08,2.5,75.0,0.0,0.0,0.0,0.0,0.5,0.0,0.0,0.25,40.0,38.71,1.25,1.5,4,1,3,Rusia Premier Liga,4
Artem Yuran,0.0,0.0,0.0,0.0,0.0,0.0,0.0,0.0,0.0,0.0,0.0,1.0,0.0,0.0,6.0,58.33,2.0,33.33,0.0,0.0,0.0,0.0,0.0,0.0,0.0,0.0,100.0,25.0,0.0,0.5,2,2,2,Rusia Premier Liga,4
Vitaliy Lystsov,0.0,0.0,100.0,0.63,0.0,0.0,0.88,1.75,0.13,3.0,0.13,0.75,0.0,0.0,22.13,67.8,2.63,65.38,0.0,0.13,0.0,0.0,1.75,0.0,0.0,0.13,45.83,43.64,0.63,0.88,8,2,2,Rusia Premier Liga,4
Ulvi Babaev,0.0,1.0,0.0,1.0,0.0,0.0,0.0,0.0,0.0,0.0,0.0,0.0,0.0,0.0,2.0,100.0,1.0,0.0,0.0,0.0,0.0,0.0,0.0,0.0,0.0,0.0,0.0,100.0,1.0,0.0,1,1,4,Rusia Premier Liga,4
Islam Alsultanov,0.0,0.0,0.0,0.0,0.0,0.0,0.0,0.0,0.0,0.0,0.0,1.0,0.0,0.0,3.0,100.0,1.0,0.0,0.0,0.0,0.0,0.0,2.0,0.0,1.0,0.0,0.0,14.29,1.0,1.0,1,1,4,Rusia Premier Liga,4
Dmitri Pivovarov,0.0,0.0,100.0,2.0,0.0,0.0,0.0,0.0,0.0,0.0,0.0,2.0,0.0,0.0,24.0,79.17,4.0,0.0,0.0,0.0,0.0,0.0,1.0,0.0,0.0,0.0,0.0,40.0,0.0,0.0,1,1,2,Rusia Premier Liga,4
Soslan Dzhanaev,0.0,0.0,0.0,0.0,0.0,0.0,0.0,0.0,0.22,0.22,0.22,0.0,0.0,0.0,23.78,69.16,0.22,50.0,2.56,0.22,0.22,0.0,1.67,0.44,0.0,0.11,0.0,0.0,0.0,0.22,9,3,1,Rusia Premier Liga,4
Mikhail Oparin,0.0,0.0,0.0,0.0,0.0,0.0,0.0,0.0,0.0,0.5,0.0,0.0,0.0,0.0,12.5,52.0,0.0,29.41,2.0,0.0,0.0,0.0,0.5,0.5,0.0,0.5,0.0,0.0,0.0,0.5,2,2,1,Rusia Premier Liga,4
Mikhail Smirnov,0.0,0.0,0.0,0.0,0.0,0.0,0.0,1.0,0.0,7.0,1.0,1.0,0.0,0.0,33.0,75.76,1.0,37.5,0.0,0.0,0.0,0.0,3.0,0.0,0.0,0.0,60.0,27.27,0.0,3.0,1,3,2,Rusia Premier Liga,4
Daniil Martovoy,0.0,0.0,0.0,1.0,0.0,0.0,0.0,0.0,0.0,0.0,0.0,0.0,0.0,0.0,1.0,0.0,0.0,0.0,0.0,0.0,0.0,0.0,0.0,0.0,0.0,0.0,0.0,100.0,1.0,0.0,1,1,4,Rusia Premier Liga,4
Vladislav Saus,0.0,0.0,0.0,1.0,0.0,0.0,0.0,0.0,0.0,0.0,0.0,0.0,0.0,0.0,3.0,66.67,0.0,0.0,0.0,0.0,0.0,0.0,0.0,0.0,0.0,0.0,0.0,0.0,0.0,0.0,1,1,3,Rusia Premier Liga,4
Mikhail Sukhoruchenko,0.0,0.0,0.0,0.0,0.0,0.0,0.0,0.0,0.0,0.0,0.0,0.0,0.0,0.0,0.0,0.0,0.0,0.0,0.0,0.0,0.0,0.0,0.0,0.0,0.0,0.0,0.0,0.0,0.0,0.0,1,1,2,Rusia Premier Liga,4
