Name,Goals,Successful dribbles %,Total shots,Headed goals,Big chances missed,Set piece conversion %,Tackles,Errors lead to goal,Interceptions,Penalty committed,Clearances,Dribbled past,Big chances created,Total passes,Assists,Accurate final third passes,Accurate passes %,Accurate long balls %,Saves,Clean sheets,Penalties faced,Goals conceded inside the box,Penalties saved,Goals conceded outside the box,Yellow cards,Red cards,Aerial duels won %,Was fouled,Fouls,Total duels won %,RangoEdad
Antoine Griezmann,0.39,62.67,2.92,0.03,0.24,0.0,1.29,0.0,0.63,0.0,0.79,1.21,0.63,38.32,0.42,11.63,82.49,66.02,0.0,0.13,0.0,0.71,0.0,0.05,0.05,0.0,45.16,1.08,0.58,50.15,3
Leo Román,0.0,0.0,0.0,0.0,0.0,0.0,0.0,0.0,0.0,0.0,0.0,0.0,0.0,39.0,0.0,1.0,66.67,45.45,4.0,1.0,0.0,0.0,0.0,0.0,0.0,0.0,0.0,0.0,0.0,0.0,1
Karim Benzema,0.79,47.62,4.46,0.04,0.75,0.69,0.38,0.0,0.08,0.0,0.21,0.38,0.58,44.04,0.13,20.38,87.04,70.0,0.0,0.29,0.0,0.71,0.0,0.0,0.04,0.0,51.85,0.25,0.42,37.98,3
Toni Kroos,0.07,47.37,1.03,0.0,0.0,0.0,1.7,0.0,0.8,0.03,0.23,1.53,0.23,77.7,0.13,21.7,94.59,85.71,0.0,0.1,0.0,0.77,0.0,0.0,0.0,0.03,63.64,1.2,0.93,50.99,3
Aleix García,0.03,59.09,1.07,0.0,0.03,0.0,1.23,0.0,1.03,0.0,0.93,0.6,0.4,48.4,0.17,11.47,88.91,67.81,0.0,0.03,0.0,1.1,0.0,0.13,0.03,0.0,68.42,0.97,0.47,60.93,2
David Gil,0.0,0.0,0.0,0.0,0.0,0.0,0.0,0.0,0.0,0.0,1.25,0.0,0.0,28.5,0.0,3.0,44.74,34.74,4.5,0.25,0.25,1.0,0.0,0.25,0.0,0.0,0.0,0.0,0.0,0.0,2
Robert Lewandowski,0.68,53.57,3.97,0.03,0.79,0.0,0.5,0.0,0.06,0.0,0.41,0.21,0.32,22.41,0.21,8.24,78.08,63.16,0.0,0.47,0.0,0.5,0.0,0.09,0.06,0.03,53.06,1.35,1.15,47.23,3
Gerónimo Rulli,0.0,0.0,0.0,0.0,0.0,0.0,0.0,0.0,0.07,0.0,0.71,0.0,0.0,33.79,0.0,0.86,83.72,47.95,3.29,0.5,0.0,0.57,0.0,0.14,0.07,0.0,100.0,0.07,0.0,100.0,3
Pedri,0.23,62.07,0.85,0.0,0.12,0.0,1.5,0.0,0.5,0.0,0.27,1.23,0.42,54.12,0.04,17.08,87.56,84.73,0.0,0.38,0.0,0.27,0.0,0.08,0.08,0.0,37.5,1.65,0.31,55.5,1
Raphinha,0.19,46.39,2.19,0.08,0.22,0.0,0.81,0.0,0.39,0.0,0.31,0.56,0.47,28.97,0.19,10.36,79.87,64.58,0.0,0.03,0.0,0.22,0.0,0.03,0.22,0.0,60.87,1.03,0.61,49.8,2
Federico Valverde,0.21,75.61,1.85,0.0,0.09,0.0,0.91,0.0,0.5,0.0,0.44,0.38,0.24,46.76,0.12,16.79,88.49,63.74,0.0,0.18,0.0,0.71,0.0,0.03,0.06,0.0,73.81,0.44,0.32,67.5,2
Dani Parejo,0.08,76.32,0.81,0.0,0.05,0.0,1.92,0.03,0.78,0.03,0.81,1.22,0.19,65.14,0.11,17.16,90.62,74.26,0.0,0.27,0.0,1.0,0.0,0.05,0.16,0.0,44.74,2.03,0.81,58.01,3
Frenkie de Jong,0.06,63.64,0.55,0.0,0.06,0.0,1.39,0.0,1.06,0.0,0.64,0.73,0.24,68.39,0.12,18.24,91.45,81.97,0.0,0.33,0.0,0.52,0.0,0.09,0.09,0.0,68.09,1.03,1.0,56.32,2
Éder Militão,0.15,64.71,0.67,0.15,0.06,0.0,1.39,0.03,1.24,0.03,3.0,0.21,0.03,55.79,0.0,6.27,88.7,58.25,0.0,0.3,0.0,0.85,0.0,0.03,0.12,0.0,64.0,1.15,1.06,64.9,2
Sergio Busquets,0.0,78.57,0.3,0.0,0.0,0.0,1.93,0.0,0.9,0.0,1.03,0.73,0.13,64.47,0.13,15.13,88.68,77.7,0.0,0.43,0.0,0.3,0.0,0.07,0.2,0.03,47.79,1.33,1.03,56.25,3
Marco Asensio,0.29,76.67,1.9,0.0,0.19,0.0,0.52,0.0,0.16,0.03,0.1,0.32,0.29,22.87,0.19,9.19,87.87,74.42,0.0,0.13,0.0,0.48,0.0,0.03,0.03,0.0,60.0,0.52,0.32,59.18,2
Rodrigo de Paul,0.07,59.26,0.7,0.0,0.0,0.0,1.17,0.0,0.27,0.0,0.13,0.57,0.4,44.9,0.23,12.3,84.19,65.36,0.0,0.03,0.0,0.63,0.0,0.03,0.17,0.0,46.67,1.63,1.1,56.99,2
Félix Garreta,0.0,0.0,0.0,0.0,0.0,0.0,1.0,0.0,1.0,0.0,4.0,0.0,0.0,39.0,0.0,2.0,87.18,66.67,0.0,1.0,0.0,0.0,0.0,0.0,0.0,0.0,50.0,1.0,2.0,50.0,1
Iago Aspas,0.32,46.81,2.11,0.0,0.27,0.0,0.22,0.0,0.19,0.0,0.57,0.51,0.24,31.49,0.08,12.3,78.97,75.32,0.0,0.16,0.0,0.97,0.0,0.27,0.11,0.0,40.79,1.59,0.43,44.44,3
Jordi Alba,0.08,50.0,0.54,0.0,0.0,0.0,1.04,0.0,0.46,0.0,0.58,0.67,0.5,51.13,0.13,14.5,86.63,57.3,0.0,0.17,0.0,0.29,0.0,0.04,0.17,0.04,34.78,0.17,0.46,43.62,3
Ousmane Dembélé,0.2,50.98,1.96,0.04,0.24,0.0,0.76,0.0,0.0,0.0,0.04,0.44,0.36,29.36,0.28,12.68,83.38,66.67,0.0,0.12,0.0,0.32,0.0,0.12,0.16,0.0,25.0,0.76,0.64,47.0,2
Sergi Darder,0.16,55.74,1.03,0.0,0.0,0.0,1.82,0.0,0.63,0.0,0.55,1.16,0.42,37.55,0.08,10.03,78.49,44.6,0.0,0.16,0.0,1.53,0.0,0.16,0.11,0.0,46.15,2.05,0.82,57.76,2
Jeremías Ledesma,0.0,100.0,0.03,0.0,0.0,0.0,0.09,0.03,0.06,0.03,1.5,0.12,0.0,28.62,0.0,2.76,46.76,33.29,3.97,0.35,0.26,1.21,0.03,0.21,0.06,0.0,76.92,0.21,0.03,73.33,2
José María Giménez,0.07,60.0,0.79,0.07,0.11,0.0,1.54,0.0,0.86,0.04,4.82,0.39,0.04,47.39,0.04,3.04,88.77,63.78,0.0,0.36,0.0,0.61,0.0,0.14,0.32,0.0,65.79,0.29,0.68,64.85,2
José Luis Gayà,0.03,69.44,0.74,0.0,0.03,0.0,2.58,0.0,0.74,0.0,1.26,1.0,0.32,39.48,0.1,10.94,80.96,39.16,0.0,0.1,0.0,1.1,0.0,0.1,0.13,0.0,53.33,0.87,0.42,64.2,2
Marc-André ter Stegen,0.0,0.0,0.0,0.0,0.0,0.0,0.0,0.0,0.03,0.0,0.61,0.0,0.0,32.26,0.0,0.53,82.38,56.99,2.21,0.68,0.08,0.42,0.0,0.05,0.0,0.0,87.5,0.05,0.0,80.0,3
Claudio Bravo,0.0,0.0,0.0,0.0,0.0,0.0,0.0,0.0,0.17,0.0,0.67,0.0,0.0,28.92,0.0,1.0,55.04,33.77,2.92,0.33,0.08,0.58,0.0,0.17,0.17,0.0,100.0,0.0,0.0,100.0,3
Enes Ünal,0.4,52.5,2.51,0.03,0.14,0.36,0.74,0.0,0.17,0.0,0.97,0.51,0.17,20.74,0.09,5.71,60.88,36.84,0.0,0.14,0.0,1.03,0.0,0.17,0.17,0.0,49.38,2.2,1.74,47.95,2
Gerard Piqué,0.0,100.0,0.5,0.0,0.0,0.0,0.83,0.0,0.33,0.0,3.17,0.0,0.0,63.83,0.0,8.33,92.17,73.17,0.0,0.5,0.0,0.0,0.0,0.0,0.5,0.17,76.92,0.33,1.17,66.67,3
Thibaut Courtois,0.0,100.0,0.0,0.0,0.0,0.0,0.03,0.03,0.1,0.0,0.32,0.0,0.03,30.32,0.0,0.52,83.94,46.18,2.9,0.32,0.16,0.9,0.03,0.03,0.0,0.0,100.0,0.1,0.0,100.0,3
Gerard Gumbau,0.03,43.75,1.34,0.0,0.03,0.0,1.26,0.0,0.8,0.0,1.09,0.94,0.29,36.23,0.17,7.86,81.7,59.28,0.0,0.09,0.0,1.34,0.0,0.2,0.31,0.0,42.31,0.6,1.46,41.23,2
Aurélien Tchouaméni,0.0,77.78,1.15,0.0,0.03,0.0,1.94,0.0,1.48,0.0,1.52,0.45,0.12,51.06,0.12,10.12,93.53,74.07,0.0,0.15,0.0,0.82,0.0,0.0,0.06,0.0,66.67,1.06,1.06,65.54,1
Kang-in Lee,0.17,72.58,1.28,0.0,0.06,0.0,1.17,0.0,0.31,0.0,0.14,1.19,0.39,24.36,0.17,7.36,80.27,44.44,0.0,0.08,0.0,0.75,0.0,0.14,0.28,0.0,28.4,1.69,1.42,48.76,1
Lucas Robertone,0.05,48.21,1.0,0.03,0.03,0.0,1.35,0.0,1.24,0.0,1.14,0.97,0.35,32.65,0.19,7.19,82.45,55.78,0.0,0.05,0.0,1.19,0.0,0.08,0.19,0.0,36.84,2.41,0.89,55.03,2
Mikel Merino,0.06,57.89,1.27,0.03,0.15,0.0,2.33,0.0,0.61,0.0,1.52,0.94,0.36,44.36,0.27,11.67,77.66,51.16,0.0,0.24,0.0,0.76,0.0,0.18,0.18,0.03,65.7,1.45,2.24,54.64,2
Rodrygo,0.26,54.36,2.88,0.0,0.53,0.37,0.5,0.0,0.24,0.0,0.12,0.56,0.29,29.74,0.24,13.41,89.61,81.82,0.0,0.12,0.0,0.76,0.0,0.03,0.12,0.0,37.84,1.44,0.53,50.47,1
David López,0.15,100.0,0.55,0.05,0.05,0.0,1.55,0.05,0.7,0.0,3.15,0.4,0.05,59.85,0.05,3.6,90.14,53.15,0.0,0.05,0.0,1.15,0.0,0.05,0.25,0.0,47.54,0.8,0.8,59.42,3
Jules Koundé,0.03,62.5,0.48,0.03,0.1,0.0,1.28,0.03,0.66,0.0,1.93,0.34,0.17,63.93,0.1,12.14,88.83,52.17,0.0,0.62,0.0,0.31,0.0,0.1,0.07,0.0,65.15,0.41,0.76,56.91,2
Jorge Pascual,0.5,0.0,0.5,0.0,0.0,0.0,0.0,0.0,0.0,0.0,0.0,0.0,0.0,4.0,0.0,0.5,62.5,0.0,0.0,0.0,0.0,0.0,0.0,0.0,0.0,0.0,0.0,0.0,0.5,0.0,1
Alvaro Aceves Catalina,0.0,0.0,0.0,0.0,0.0,0.0,0.0,0.0,0.0,0.0,0.0,0.0,0.0,5.0,0.0,0.0,80.0,50.0,3.0,0.0,0.0,0.0,0.0,0.0,0.0,0.0,50.0,0.0,0.0,50.0,1
Giovani Lo Celso,0.09,59.46,1.36,0.05,0.14,0.0,1.45,0.0,0.27,0.0,0.09,0.41,0.27,29.64,0.14,11.45,86.5,85.25,0.0,0.0,0.0,0.55,0.0,0.0,0.14,0.0,28.57,1.41,0.68,57.24,2
Joselu,0.47,45.0,2.71,0.09,0.35,0.0,0.38,0.0,0.24,0.0,1.24,0.38,0.06,21.74,0.06,5.18,61.03,41.18,0.0,0.15,0.0,1.62,0.0,0.18,0.09,0.0,61.92,2.06,0.68,57.05,3
Moi Gómez,0.09,71.05,0.58,0.0,0.03,0.0,0.79,0.0,0.3,0.0,0.15,0.52,0.15,43.39,0.06,12.15,88.83,71.07,0.0,0.15,0.0,0.7,0.0,0.12,0.15,0.0,21.88,0.79,0.42,50.29,2
Antonio Raíllo,0.06,66.67,0.42,0.03,0.0,0.0,1.1,0.03,1.0,0.0,5.06,0.16,0.13,34.87,0.1,1.77,83.16,45.77,0.0,0.32,0.0,0.84,0.0,0.16,0.35,0.03,63.89,0.68,1.35,59.84,3
Guido Rodríguez,0.03,73.33,0.65,0.03,0.03,0.0,3.38,0.03,1.24,0.0,2.0,1.38,0.0,49.15,0.0,7.41,87.43,59.06,0.0,0.29,0.0,0.82,0.0,0.12,0.24,0.0,49.45,1.88,1.32,59.61,2
Carlos Soler,0.33,100.0,1.67,0.0,0.0,0.0,0.67,0.0,0.0,0.0,0.67,0.33,0.0,35.67,0.0,10.33,84.11,50.0,0.0,0.0,0.0,0.0,0.0,0.67,0.0,0.0,50.0,1.33,0.67,61.54,2
Aitor Fernández,0.0,0.0,0.0,0.0,0.0,0.0,0.05,0.0,0.1,0.0,1.38,0.05,0.0,33.43,0.0,2.86,61.4,44.73,2.81,0.38,0.0,0.76,0.0,0.14,0.05,0.0,75.0,0.0,0.0,66.67,3
Gonzalo Escalante,0.29,77.78,1.0,0.07,0.14,0.0,2.5,0.0,1.21,0.07,1.71,1.0,0.14,30.36,0.07,5.79,75.76,31.91,0.0,0.29,0.0,0.93,0.0,0.0,0.29,0.0,49.09,1.21,1.0,56.58,2
Jordi Masip,0.0,0.0,0.0,0.0,0.0,0.0,0.0,0.07,0.04,0.0,0.5,0.07,0.0,30.0,0.0,1.04,66.43,38.85,3.75,0.29,0.32,1.43,0.11,0.07,0.14,0.0,77.78,0.18,0.0,75.0,3
Loïc Badé,0.05,75.0,0.21,0.0,0.0,0.0,1.42,0.0,1.21,0.0,3.89,0.68,0.0,44.11,0.0,3.05,87.47,46.84,0.0,0.37,0.0,0.74,0.0,0.11,0.21,0.0,55.74,0.21,0.68,55.91,1
Vinícius Júnior,0.3,42.11,2.33,0.03,0.39,0.0,0.91,0.0,0.18,0.0,0.0,0.76,0.42,32.12,0.27,15.03,80.57,81.08,0.0,0.15,0.0,0.94,0.0,0.03,0.3,0.0,25.0,3.7,1.42,47.76,1
Andreas Christensen,0.04,0.0,0.43,0.04,0.04,0.0,0.87,0.0,0.91,0.0,2.0,0.26,0.04,65.04,0.04,6.13,93.98,67.01,0.0,0.35,0.0,0.52,0.0,0.04,0.09,0.0,68.85,0.3,0.78,60.0,2
Brais Méndez,0.24,30.61,1.76,0.03,0.09,0.33,1.71,0.0,0.35,0.0,0.41,1.15,0.18,34.56,0.12,10.59,82.47,63.53,0.0,0.09,0.0,0.62,0.0,0.12,0.18,0.0,45.45,1.59,1.76,44.31,2
Pau Torres,0.03,78.79,0.35,0.0,0.06,0.0,1.26,0.03,0.38,0.0,4.09,0.38,0.06,63.62,0.0,8.09,85.34,55.83,0.0,0.29,0.0,0.97,0.0,0.06,0.29,0.0,55.14,0.5,0.59,61.18,2
Isi Palazón,0.24,49.5,2.54,0.0,0.16,0.0,1.22,0.0,0.46,0.0,0.73,1.14,0.19,31.41,0.14,11.14,78.92,46.43,0.0,0.05,0.0,1.11,0.0,0.11,0.11,0.0,26.32,2.81,1.0,45.44,2
Takefusa Kubo,0.26,49.49,2.06,0.0,0.11,0.0,1.26,0.0,0.26,0.0,0.09,0.63,0.29,22.51,0.11,8.83,75.76,42.86,0.0,0.11,0.0,0.49,0.0,0.11,0.09,0.0,39.02,1.37,1.0,47.87,1
Lucas Vázquez,0.17,73.68,0.61,0.0,0.04,0.0,1.48,0.0,0.3,0.0,0.43,0.35,0.09,34.74,0.04,8.35,88.74,50.0,0.0,0.09,0.0,0.48,0.0,0.04,0.09,0.0,16.67,0.7,1.0,58.04,3
Ronald Araújo,0.0,76.92,0.82,0.0,0.18,0.0,1.18,0.0,0.55,0.0,1.77,0.14,0.05,56.91,0.09,5.59,89.06,55.47,0.0,0.55,0.0,0.23,0.0,0.0,0.27,0.05,62.16,0.77,0.73,64.71,1
Nicolas Jackson,0.46,67.65,1.58,0.0,0.27,0.0,0.54,0.0,0.08,0.0,0.12,0.23,0.27,12.23,0.15,4.77,76.42,80.0,0.0,0.04,0.0,0.62,0.0,0.08,0.15,0.04,30.23,1.0,1.23,40.0,1
Reinildo Mandava,0.0,33.33,0.27,0.0,0.05,0.0,3.0,0.0,1.36,0.0,2.36,0.5,0.0,43.32,0.0,4.95,87.09,38.81,0.0,0.36,0.0,0.68,0.0,0.09,0.18,0.0,60.0,1.36,1.45,61.21,2
Marcos Acuña,0.1,53.06,0.7,0.03,0.0,0.0,1.9,0.0,0.77,0.03,1.07,0.4,0.27,32.8,0.07,6.8,80.59,54.62,0.0,0.03,0.0,0.9,0.0,0.23,0.3,0.1,62.5,1.13,1.07,58.8,3
Vedat Muriqi,0.43,44.44,2.17,0.14,0.31,0.0,0.34,0.0,0.34,0.0,2.09,0.29,0.09,23.31,0.09,5.26,57.84,38.24,0.0,0.11,0.0,0.89,0.0,0.11,0.17,0.03,55.9,1.11,1.69,48.24,2
Viktor Tsygankov,0.16,62.96,1.0,0.0,0.0,0.0,0.42,0.0,0.37,0.0,0.47,0.68,0.11,29.37,0.32,7.89,72.94,60.0,0.0,0.05,0.0,0.84,0.0,0.16,0.0,0.0,35.0,1.11,0.42,47.32,2
Juan Foyth,0.04,60.0,0.58,0.04,0.08,0.0,3.04,0.0,0.83,0.04,2.38,0.67,0.13,45.38,0.0,8.67,87.79,67.65,0.0,0.17,0.0,1.0,0.0,0.0,0.25,0.0,62.07,0.38,1.67,56.86,2
David Silva,0.07,50.0,1.07,0.0,0.25,0.0,1.29,0.0,0.54,0.0,0.57,0.29,0.36,40.39,0.18,13.82,86.12,67.86,0.0,0.0,0.0,0.61,0.0,0.14,0.14,0.0,45.45,1.18,1.07,51.58,3
Carlos García,0.0,100.0,0.0,0.0,0.0,0.0,0.0,0.0,0.0,0.0,2.0,0.0,0.0,24.0,1.0,0.0,83.33,100.0,0.0,0.0,0.0,0.0,0.0,0.0,0.0,0.0,100.0,0.0,0.0,100.0,1
Marko Dmitrović,0.0,0.0,0.0,0.0,0.0,0.0,0.0,0.0,0.0,0.0,0.93,0.0,0.0,30.6,0.0,3.07,49.46,33.62,2.93,0.33,0.0,0.6,0.0,0.27,0.13,0.0,100.0,0.07,0.0,100.0,3
Iñigo Martínez,0.07,0.0,0.67,0.0,0.13,2.22,1.2,0.0,1.2,0.0,3.53,0.2,0.0,50.93,0.0,4.07,81.81,54.42,0.0,0.27,0.0,1.0,0.0,0.07,0.07,0.0,57.78,0.67,0.87,59.34,3
Iker Muniain,0.0,72.22,0.93,0.0,0.17,0.0,0.7,0.0,0.13,0.0,0.07,0.37,0.17,32.73,0.1,12.6,86.15,66.67,0.0,0.07,0.0,0.57,0.0,0.03,0.07,0.0,18.75,2.07,0.43,60.98,2
Álex Remiro,0.0,0.0,0.0,0.0,0.0,0.0,0.03,0.03,0.0,0.0,0.74,0.05,0.0,30.74,0.0,1.68,68.75,45.84,2.63,0.39,0.05,0.76,0.03,0.16,0.03,0.0,87.5,0.11,0.0,80.0,2
Álvaro García,0.14,45.65,1.49,0.0,0.06,0.0,1.4,0.03,0.97,0.0,0.46,0.63,0.2,23.34,0.14,7.77,71.6,28.57,0.0,0.09,0.0,1.06,0.0,0.11,0.2,0.0,60.0,0.94,1.03,52.04,3
Sergio Canales,0.13,59.57,1.26,0.0,0.06,0.0,0.81,0.0,0.45,0.0,0.19,0.61,0.23,42.45,0.1,14.97,81.84,62.26,0.0,0.19,0.0,0.74,0.0,0.16,0.06,0.06,35.14,1.03,0.29,46.67,3
Édgar Badía,0.0,0.0,0.0,0.0,0.0,0.0,0.03,0.03,0.0,0.03,1.06,0.03,0.0,25.06,0.0,0.69,69.51,47.31,3.86,0.11,0.28,1.53,0.06,0.22,0.06,0.0,90.0,0.17,0.03,84.21,3
Marcos Llorente,0.05,48.0,1.09,0.0,0.05,0.0,1.45,0.0,0.77,0.05,0.77,0.59,0.32,32.55,0.09,10.55,85.75,64.29,0.0,0.23,0.0,0.45,0.0,0.05,0.23,0.0,34.48,0.59,1.36,44.08,2
Geoffrey Kondogbia,0.0,71.43,0.55,0.0,0.0,0.0,2.0,0.0,1.3,0.0,0.55,0.4,0.1,31.65,0.1,3.95,89.42,61.11,0.0,0.1,0.0,0.45,0.0,0.05,0.25,0.0,56.52,0.95,0.85,61.79,2
Juan Miranda,0.14,56.25,1.0,0.0,0.19,0.0,1.1,0.0,0.95,0.05,2.43,0.71,0.24,29.81,0.1,7.62,76.84,37.5,0.0,0.24,0.0,0.81,0.0,0.05,0.05,0.05,55.26,0.95,0.71,54.48,1
João Félix,0.29,28.57,1.86,0.07,0.36,0.0,0.71,0.0,0.21,0.0,0.14,0.36,0.36,15.43,0.21,4.57,77.31,33.33,0.0,0.0,0.0,0.5,0.0,0.07,0.36,0.0,43.75,1.64,1.14,46.0,1
David Soria,0.0,0.0,0.0,0.0,0.0,0.0,0.0,0.08,0.03,0.0,0.92,0.03,0.0,27.11,0.0,2.84,49.71,45.11,3.26,0.34,0.21,1.0,0.11,0.18,0.08,0.0,100.0,0.08,0.03,77.78,2
Yeray Álvarez,0.04,85.71,0.29,0.04,0.0,0.0,1.21,0.0,1.71,0.07,3.57,0.25,0.11,49.18,0.04,6.29,81.12,47.24,0.0,0.32,0.0,1.0,0.0,0.07,0.25,0.04,58.76,0.79,0.79,62.57,2
Yuri Berchiche,0.03,44.44,0.97,0.0,0.0,0.0,1.93,0.0,1.38,0.03,1.69,0.86,0.07,42.79,0.03,11.55,84.13,68.52,0.0,0.28,0.0,1.0,0.0,0.1,0.24,0.03,66.23,1.14,1.07,58.69,3
Gabri Veiga,0.31,53.42,1.72,0.0,0.11,0.0,1.19,0.0,0.58,0.0,0.14,1.0,0.17,19.5,0.11,5.69,76.92,60.78,0.0,0.0,0.0,0.75,0.0,0.08,0.17,0.03,52.78,1.14,1.17,49.13,1
Nemanja Gudelj,0.09,60.0,1.12,0.0,0.06,0.0,1.26,0.0,1.0,0.0,2.91,0.38,0.03,46.71,0.03,5.85,90.49,47.37,0.0,0.21,0.0,1.06,0.0,0.29,0.24,0.0,66.2,0.62,0.76,63.33,3
Gerard Moreno,0.33,59.18,2.05,0.0,0.62,0.0,0.52,0.0,0.24,0.0,0.48,0.14,0.24,22.14,0.14,7.38,75.05,78.57,0.0,0.14,0.0,0.43,0.0,0.0,0.14,0.0,51.35,0.67,0.52,51.41,3
Iza Carcelén,0.0,70.0,0.26,0.0,0.0,0.0,2.56,0.0,0.7,0.04,2.48,0.81,0.07,27.48,0.04,5.52,81.0,53.33,0.0,0.3,0.0,0.78,0.0,0.07,0.15,0.11,39.62,1.0,0.59,58.74,2
Luka Modrić,0.12,46.34,0.91,0.0,0.03,0.0,0.58,0.0,0.3,0.0,0.18,0.45,0.27,43.85,0.09,14.97,90.67,77.89,0.0,0.06,0.0,0.58,0.0,0.03,0.21,0.0,44.0,0.48,0.64,42.21,3
José Copete,0.04,90.48,0.21,0.04,0.04,0.0,1.89,0.04,1.57,0.04,3.54,0.36,0.0,30.57,0.0,3.18,77.1,46.75,0.0,0.32,0.0,0.82,0.0,0.11,0.25,0.04,70.91,0.86,1.68,62.5,1
Luis Milla,0.0,85.71,0.3,0.0,0.0,0.0,1.78,0.0,1.19,0.04,0.89,0.93,0.0,33.07,0.11,6.37,82.08,54.4,0.0,0.19,0.0,0.7,0.0,0.07,0.15,0.04,47.22,0.81,1.07,53.8,2
Raúl Albiol,0.0,57.14,0.08,0.0,0.0,0.0,1.0,0.0,0.56,0.0,4.28,0.16,0.0,58.76,0.0,4.72,88.7,60.89,0.0,0.32,0.0,0.84,0.0,0.08,0.24,0.0,61.54,0.52,0.68,59.7,3
André Almeida,0.06,59.21,0.68,0.0,0.03,0.98,1.94,0.0,0.59,0.0,0.44,0.91,0.12,36.76,0.12,13.0,84.88,51.46,0.0,0.12,0.0,0.88,0.0,0.06,0.09,0.0,32.56,1.18,0.91,49.11,1
Mario Hermoso,0.12,65.0,0.58,0.04,0.04,0.0,0.85,0.0,0.73,0.04,2.92,0.81,0.12,54.08,0.08,6.38,87.41,64.97,0.0,0.31,0.0,0.65,0.0,0.08,0.12,0.08,56.45,0.5,1.04,47.98,2
Anuar,0.33,100.0,1.0,0.0,0.33,0.0,1.33,0.0,1.0,0.0,0.67,0.0,0.33,12.67,0.0,1.67,76.32,0.0,0.0,0.0,0.0,1.67,0.0,0.0,0.33,0.0,28.57,2.0,1.0,53.85,2
Héctor Bellerín,0.0,75.0,0.0,0.0,0.0,0.0,0.67,0.0,1.0,0.0,0.33,0.33,0.0,26.67,0.0,10.33,80.0,80.0,0.0,0.33,0.0,0.0,0.0,0.0,0.0,0.0,100.0,0.0,0.67,66.67,2
David García,0.06,100.0,0.47,0.06,0.0,0.0,1.06,0.0,1.41,0.03,4.69,0.09,0.0,44.34,0.0,4.19,81.04,49.79,0.0,0.25,0.0,0.94,0.0,0.16,0.25,0.03,70.25,0.47,1.69,59.31,2
Rui Silva,0.0,100.0,0.0,0.0,0.0,0.0,0.15,0.0,0.0,0.0,0.62,0.0,0.0,29.81,0.0,1.08,63.35,42.26,2.81,0.35,0.08,1.0,0.0,0.23,0.08,0.0,87.5,0.08,0.0,92.86,2
Sergi Roberto,0.17,55.56,0.78,0.0,0.09,0.0,0.96,0.0,0.48,0.0,0.57,0.48,0.04,36.22,0.04,9.87,92.8,64.1,0.0,0.09,0.0,0.35,0.0,0.09,0.13,0.0,36.84,0.52,0.83,48.94,3
Dani Ceballos,0.0,64.52,0.6,0.0,0.0,0.0,1.43,0.03,0.83,0.0,0.17,1.3,0.03,48.6,0.13,15.37,91.63,82.22,0.0,0.07,0.0,0.47,0.0,0.0,0.27,0.0,33.33,1.37,0.57,53.33,2
Suso,0.08,65.79,0.96,0.0,0.04,0.0,0.64,0.0,0.08,0.0,0.08,0.48,0.16,19.08,0.16,8.84,87.42,79.59,0.0,0.04,0.0,0.48,0.0,0.12,0.04,0.0,30.0,0.76,0.52,49.61,2
William Carvalho,0.09,64.44,0.79,0.0,0.06,0.0,1.27,0.0,0.48,0.0,0.64,0.82,0.03,52.55,0.0,11.61,86.91,70.63,0.0,0.18,0.0,0.61,0.0,0.12,0.18,0.03,54.24,1.21,0.88,53.76,3
Jan Oblak,0.0,100.0,0.0,0.0,0.0,0.0,0.0,0.0,0.04,0.0,0.5,0.0,0.0,24.96,0.0,0.61,60.94,35.32,2.18,0.39,0.07,0.61,0.0,0.11,0.04,0.0,100.0,0.11,0.0,100.0,2
Robin Le Normand,0.0,100.0,0.36,0.0,0.0,0.0,1.09,0.0,1.0,0.0,2.76,0.39,0.0,52.55,0.0,3.52,88.24,58.1,0.0,0.39,0.0,0.73,0.0,0.03,0.18,0.0,73.65,0.88,1.33,63.18,2
Adrián Embarba,0.13,46.73,1.67,0.0,0.07,0.26,1.67,0.0,0.3,0.0,0.2,0.8,0.13,14.13,0.1,4.3,74.76,56.41,0.0,0.0,0.0,0.87,0.0,0.07,0.1,0.03,20.51,1.03,0.77,45.57,3
Fernando Martínez,0.0,100.0,0.0,0.0,0.0,0.0,0.0,0.03,0.03,0.0,0.65,0.05,0.0,29.65,0.0,0.86,65.09,39.94,3.59,0.11,0.16,1.51,0.03,0.14,0.08,0.0,66.67,0.16,0.0,75.0,3
Eric García,0.04,50.0,0.29,0.0,0.0,0.0,1.0,0.0,0.79,0.08,1.42,0.46,0.04,51.63,0.0,7.75,90.96,68.64,0.0,0.29,0.0,0.33,0.0,0.08,0.13,0.0,60.53,0.33,0.75,55.34,1
Ivo Grbić,0.0,0.0,0.0,0.0,0.0,0.0,0.0,0.08,0.0,0.08,1.5,0.0,0.0,23.25,0.0,0.5,61.65,35.0,3.0,0.08,0.25,0.92,0.0,0.08,0.25,0.0,80.0,0.08,0.08,71.43,2
Alejandro Baena,0.17,51.92,1.77,0.03,0.09,0.95,0.86,0.0,0.2,0.03,0.37,0.86,0.34,23.6,0.06,7.37,81.6,59.7,0.0,0.09,0.0,0.63,0.0,0.03,0.31,0.03,7.14,1.6,1.66,39.72,1
Alex Collado,0.07,50.0,1.13,0.0,0.07,0.0,1.73,0.0,0.13,0.0,0.27,0.33,0.2,20.93,0.07,7.0,84.39,68.18,0.0,0.0,0.0,1.07,0.0,0.07,0.07,0.0,38.46,0.67,0.6,54.46,1
Omar Mascarell,0.0,67.74,0.32,0.0,0.0,0.0,1.89,0.0,1.61,0.0,1.86,1.18,0.07,44.29,0.04,6.04,86.77,59.64,0.0,0.04,0.0,1.61,0.0,0.25,0.21,0.0,56.25,0.61,0.75,55.14,2
Samuel Chukwueze,0.16,53.09,1.62,0.0,0.14,0.0,0.38,0.0,0.32,0.0,0.38,0.43,0.16,23.24,0.14,8.35,78.26,53.85,0.0,0.05,0.0,0.86,0.0,0.03,0.03,0.0,41.18,0.92,0.51,48.68,1
Unai Núñez,0.0,84.62,0.42,0.0,0.0,0.0,1.31,0.03,2.0,0.0,3.67,0.44,0.0,55.92,0.0,4.75,86.39,51.57,0.0,0.25,0.0,1.08,0.0,0.25,0.22,0.0,57.26,0.86,0.69,61.87,2
José Gragera,0.11,0.0,0.44,0.0,0.0,0.0,2.11,0.0,0.78,0.0,1.89,0.56,0.0,23.0,0.0,2.0,85.51,72.73,0.0,0.11,0.0,0.67,0.0,0.0,0.22,0.0,57.14,0.67,1.56,56.92,1
Eray Cömert,0.04,100.0,0.43,0.0,0.0,0.0,1.52,0.0,1.26,0.0,3.22,0.7,0.0,40.96,0.0,2.78,86.52,54.4,0.0,0.09,0.0,0.87,0.0,0.09,0.22,0.04,57.89,0.48,0.96,57.5,2
Martín Zubimendi,0.03,47.37,0.36,0.0,0.06,0.0,1.64,0.03,1.03,0.03,1.44,0.58,0.14,50.03,0.08,8.97,85.62,59.03,0.0,0.33,0.0,0.78,0.0,0.17,0.33,0.0,63.74,0.86,1.39,54.9,1
Monchu,0.09,58.82,1.18,0.03,0.03,0.0,1.52,0.0,0.55,0.03,0.55,0.82,0.15,29.36,0.06,6.18,83.18,63.09,0.0,0.06,0.0,1.06,0.0,0.18,0.3,0.0,36.0,0.85,1.39,46.7,1
Álvaro Aguado,0.03,59.09,0.59,0.0,0.0,0.0,0.79,0.0,0.38,0.03,0.38,0.29,0.12,31.56,0.06,7.91,85.18,73.42,0.0,0.03,0.0,0.94,0.0,0.12,0.09,0.0,46.88,0.97,0.38,60.69,2
Alejandro Catena,0.03,100.0,0.4,0.03,0.0,0.0,0.83,0.0,0.8,0.0,4.49,0.4,0.06,51.77,0.03,4.49,82.89,57.01,0.0,0.23,0.0,1.23,0.0,0.14,0.34,0.03,68.38,0.43,0.91,58.6,2
Youssouf Sabaly,0.04,59.38,0.52,0.0,0.0,0.0,1.96,0.0,0.83,0.0,2.04,0.48,0.0,33.52,0.04,7.78,83.14,35.71,0.0,0.3,0.0,0.61,0.0,0.17,0.09,0.0,31.25,1.43,0.87,56.04,2
Luis Hernández,0.0,100.0,0.2,0.0,0.0,0.0,0.94,0.0,0.89,0.0,4.06,0.4,0.0,36.57,0.0,3.51,79.45,45.98,0.0,0.31,0.0,1.11,0.0,0.2,0.17,0.03,63.49,0.2,0.77,55.7,3
Fernando Medrano,0.0,0.0,0.0,0.0,0.0,0.0,2.0,0.0,1.0,0.0,1.0,0.0,0.0,3.0,0.0,0.0,100.0,0.0,0.0,0.0,0.0,0.0,0.0,0.0,0.0,0.0,0.0,0.0,1.0,66.67,1
Paulo Gazzaniga,0.0,100.0,0.0,0.0,0.0,0.0,0.0,0.11,0.04,0.0,0.43,0.04,0.0,32.96,0.0,1.43,69.88,39.78,3.32,0.14,0.21,1.21,0.04,0.11,0.14,0.0,100.0,0.21,0.0,78.57,3
Germán Pezzella,0.0,66.67,0.32,0.0,0.03,0.0,1.32,0.0,1.58,0.0,4.16,0.39,0.0,42.06,0.0,2.13,86.43,41.36,0.0,0.29,0.0,0.77,0.0,0.13,0.13,0.1,70.19,0.55,0.87,64.9,3
Marcos Alonso,0.04,100.0,0.25,0.04,0.04,0.0,0.63,0.0,0.46,0.04,1.25,0.13,0.0,40.17,0.0,4.42,90.87,62.96,0.0,0.17,0.0,0.42,0.0,0.04,0.13,0.0,72.22,0.33,0.42,68.0,3
Aridane Hernández,0.0,100.0,0.22,0.0,0.0,0.0,0.91,0.0,1.22,0.0,4.09,0.57,0.04,38.3,0.04,2.48,84.45,50.0,0.0,0.26,0.0,0.96,0.0,0.13,0.04,0.0,67.39,0.52,0.61,60.53,3
Álex Berenguer,0.11,45.68,1.51,0.0,0.11,0.0,1.57,0.0,0.27,0.0,0.11,1.0,0.22,20.7,0.03,7.81,74.8,44.68,0.0,0.0,0.0,0.84,0.0,0.05,0.05,0.0,44.87,0.68,1.3,42.7,2
Álvaro Morata,0.36,55.56,1.97,0.03,0.44,0.0,0.44,0.0,0.0,0.0,0.64,0.14,0.11,11.47,0.06,2.75,64.65,50.0,0.0,0.03,0.0,0.25,0.0,0.03,0.11,0.0,59.57,1.56,1.08,54.92,3
Iñaki Williams,0.28,49.47,2.36,0.06,0.39,0.0,0.61,0.0,0.19,0.0,0.92,0.42,0.28,19.72,0.08,6.31,71.13,53.85,0.0,0.06,0.0,0.92,0.0,0.06,0.06,0.0,45.71,0.86,0.86,43.56,2
Thierry Correia,0.0,46.43,0.22,0.0,0.0,0.0,2.63,0.04,0.89,0.0,1.7,0.85,0.04,39.89,0.0,9.59,79.39,46.49,0.0,0.11,0.0,0.85,0.0,0.11,0.22,0.0,54.55,1.63,1.44,58.69,1
Mauro Arambarri,0.0,100.0,0.62,0.0,0.0,0.0,1.08,0.0,1.08,0.0,1.46,1.08,0.15,29.15,0.08,4.92,82.32,64.18,0.0,0.23,0.0,1.08,0.0,0.31,0.23,0.08,55.56,0.85,1.62,46.81,2
Samuel Lino,0.16,51.46,2.53,0.0,0.18,0.0,1.74,0.0,0.47,0.0,0.24,1.21,0.05,27.74,0.03,10.18,80.36,48.98,0.0,0.08,0.0,0.87,0.0,0.13,0.11,0.0,29.31,1.58,0.92,46.56,1
Oriol Romeu,0.06,95.24,0.73,0.03,0.03,0.0,2.12,0.0,1.12,0.03,1.45,0.76,0.0,48.61,0.0,7.3,87.28,61.27,0.0,0.12,0.0,1.24,0.0,0.18,0.24,0.03,45.88,1.0,1.79,50.94,3
Cyle Larin,0.42,40.0,2.68,0.05,0.42,0.0,0.47,0.0,0.0,0.05,0.79,0.21,0.21,12.68,0.16,3.58,70.12,62.5,0.0,0.16,0.0,1.21,0.0,0.16,0.21,0.0,42.31,1.32,1.21,39.19,2
Edu Expósito,0.07,61.11,0.68,0.0,0.0,0.0,1.21,0.0,0.43,0.0,0.68,0.36,0.11,17.07,0.07,4.75,79.08,44.23,0.0,0.0,0.0,0.89,0.0,0.04,0.11,0.04,53.85,1.04,0.5,61.11,2
Alejandro Balde,0.03,58.14,0.58,0.0,0.06,0.0,1.27,0.0,0.36,0.0,0.36,0.52,0.21,42.7,0.18,11.3,91.06,62.07,0.0,0.42,0.0,0.39,0.0,0.06,0.12,0.0,51.35,0.88,0.82,53.85,1
Martin Valjent,0.0,0.0,0.2,0.0,0.0,0.0,1.17,0.0,0.97,0.03,4.4,0.3,0.03,35.7,0.0,2.9,80.39,45.21,0.0,0.37,0.0,0.97,0.0,0.13,0.27,0.0,54.69,0.37,1.1,52.63,2
Ante Budimir,0.26,54.84,1.87,0.13,0.13,0.0,0.61,0.0,0.16,0.0,0.61,0.26,0.03,10.0,0.0,3.06,61.94,33.33,0.0,0.06,0.0,0.55,0.0,0.06,0.16,0.0,48.28,0.74,1.55,44.57,3
Lázaro,0.32,53.57,1.32,0.0,0.16,0.0,0.21,0.0,0.11,0.0,0.05,0.63,0.05,10.95,0.0,4.32,80.29,66.67,0.0,0.05,0.0,0.63,0.0,0.05,0.05,0.0,30.0,0.63,0.37,39.36,1
Predrag Rajković,0.0,83.33,0.0,0.0,0.0,0.0,0.0,0.03,0.0,0.03,0.92,0.06,0.0,30.08,0.0,3.11,54.76,41.52,2.61,0.33,0.19,0.97,0.03,0.14,0.08,0.0,83.33,0.08,0.03,72.22,2
Koke,0.0,61.9,0.48,0.0,0.03,0.0,1.67,0.0,0.61,0.0,0.58,1.33,0.03,60.42,0.09,12.24,89.07,64.29,0.0,0.09,0.0,0.64,0.0,0.09,0.12,0.0,44.0,0.82,0.61,50.48,3
Yéremy Pino,0.11,58.54,1.39,0.0,0.31,0.0,1.72,0.0,0.42,0.0,0.69,0.97,0.28,22.47,0.14,8.17,79.48,58.82,0.0,0.08,0.0,0.81,0.0,0.06,0.19,0.0,39.34,1.47,1.81,47.58,1
Gavi,0.06,50.94,0.78,0.0,0.06,0.0,1.31,0.0,0.5,0.0,0.61,0.94,0.17,32.08,0.11,10.25,87.53,69.39,0.0,0.33,0.0,0.25,0.0,0.06,0.28,0.0,54.17,2.0,2.06,48.3,1
Nahuel Molina,0.12,46.67,0.64,0.0,0.09,0.0,2.09,0.03,0.55,0.0,1.36,1.58,0.12,45.67,0.06,10.0,79.36,45.6,0.0,0.27,0.0,0.73,0.0,0.12,0.21,0.03,40.74,0.48,0.67,47.76,2
Mouctar Diakhaby,0.1,55.56,0.72,0.07,0.07,0.0,1.03,0.03,0.69,0.0,3.62,0.24,0.0,40.72,0.0,3.66,82.13,47.19,0.0,0.14,0.0,0.83,0.0,0.17,0.17,0.03,54.02,0.45,0.79,56.21,2
Borja Iglesias,0.43,44.44,1.83,0.0,0.31,0.0,0.23,0.0,0.03,0.0,0.49,0.31,0.14,14.77,0.09,4.23,76.02,81.25,0.0,0.03,0.0,0.57,0.0,0.11,0.06,0.03,35.29,1.49,1.14,39.83,2
Santiago Bueno,0.0,100.0,0.38,0.0,0.0,0.0,1.85,0.06,0.91,0.03,3.0,0.35,0.03,52.88,0.03,5.03,86.6,49.12,0.0,0.12,0.0,1.24,0.0,0.18,0.15,0.03,63.79,1.0,1.09,65.53,2
Eduardo Camavinga,0.0,60.32,0.49,0.0,0.0,0.0,1.84,0.0,0.46,0.0,0.54,1.08,0.05,38.3,0.03,10.51,91.18,76.81,0.0,0.19,0.0,0.41,0.0,0.03,0.16,0.0,66.67,1.86,1.05,57.94,1
Igor Zubeldia,0.03,100.0,0.19,0.03,0.0,0.0,1.13,0.0,0.68,0.0,2.94,0.29,0.03,49.35,0.03,3.26,85.69,47.87,0.0,0.29,0.0,0.74,0.0,0.1,0.32,0.0,53.1,0.32,1.42,51.6,2
Aïssa Mandi,0.0,50.0,0.1,0.0,0.05,0.0,0.86,0.0,1.0,0.0,2.76,0.29,0.0,42.05,0.0,2.43,90.83,67.07,0.0,0.19,0.0,0.81,0.0,0.0,0.05,0.0,50.0,0.48,0.76,52.69,3
Diego Rico,0.0,59.09,0.45,0.0,0.0,0.0,1.75,0.0,1.0,0.0,1.95,0.75,0.15,37.25,0.0,7.5,79.19,48.24,0.0,0.25,0.0,0.65,0.0,0.05,0.15,0.0,52.78,1.3,1.35,54.12,2
Ivan Rakitić,0.03,50.0,1.0,0.0,0.06,0.0,1.19,0.0,0.87,0.0,0.61,0.68,0.06,37.16,0.1,10.06,83.59,63.2,0.0,0.1,0.0,0.65,0.0,0.16,0.1,0.03,50.0,0.87,0.52,55.0,3
Étienne Capoue,0.11,58.49,0.93,0.0,0.11,0.0,0.75,0.0,0.68,0.0,0.68,0.29,0.11,36.82,0.0,9.25,88.36,66.1,0.0,0.14,0.0,0.89,0.0,0.04,0.14,0.0,56.82,1.46,0.64,59.9,3
Stefan Savić,0.0,100.0,0.09,0.0,0.05,0.0,1.77,0.0,1.5,0.0,2.73,0.59,0.0,51.32,0.0,3.59,88.04,54.72,0.0,0.32,0.0,0.64,0.0,0.14,0.23,0.09,65.12,0.36,1.41,58.15,3
Chimy Ávila,0.28,54.84,2.31,0.14,0.21,0.0,0.28,0.0,0.28,0.0,0.48,0.59,0.14,14.9,0.07,3.62,60.42,53.57,0.0,0.03,0.0,0.55,0.0,0.03,0.21,0.03,41.18,1.21,0.86,43.98,2
David Alaba,0.04,75.0,0.61,0.0,0.04,0.87,0.65,0.0,0.61,0.04,1.57,0.26,0.04,48.17,0.13,7.91,89.26,37.5,0.0,0.17,0.0,0.78,0.0,0.0,0.13,0.0,57.89,0.13,0.39,53.33,3
Memphis Depay,0.5,43.75,1.7,0.0,0.5,0.0,0.2,0.0,0.0,0.0,0.0,0.2,0.1,14.6,0.0,5.8,80.82,80.0,0.0,0.0,0.0,0.1,0.0,0.0,0.1,0.0,22.22,0.8,0.4,35.19,2
Pepe Reina,0.0,100.0,0.0,0.0,0.0,0.0,0.0,0.09,0.05,0.0,0.41,0.05,0.0,33.73,0.0,0.41,77.36,40.0,2.77,0.23,0.18,1.23,0.0,0.0,0.09,0.0,100.0,0.05,0.0,83.33,3
Sergio Herrera,0.0,100.0,0.0,0.0,0.0,0.0,0.12,0.0,0.06,0.06,0.41,0.0,0.0,32.47,0.0,2.82,60.14,44.76,2.88,0.18,0.24,1.24,0.06,0.12,0.18,0.0,50.0,0.24,0.06,83.33,2
Mikel Vesga,0.08,55.56,0.78,0.0,0.08,0.0,1.58,0.03,1.0,0.0,1.03,1.19,0.03,41.36,0.08,10.69,84.22,72.14,0.0,0.22,0.0,0.81,0.0,0.03,0.14,0.0,57.52,0.58,1.22,49.35,2
Antonio Rüdiger,0.03,75.0,0.67,0.0,0.03,0.0,0.55,0.0,0.58,0.0,2.06,0.27,0.0,48.24,0.0,3.36,92.09,55.65,0.0,0.3,0.0,0.73,0.0,0.03,0.03,0.0,62.71,0.21,0.39,58.56,2
Chris Ramos,0.07,42.11,2.07,0.0,0.2,0.0,0.8,0.0,0.07,0.0,1.27,0.47,0.0,9.27,0.0,2.47,55.4,100.0,0.0,0.07,0.0,0.53,0.0,0.13,0.13,0.0,57.52,0.8,1.4,52.43,2
Iñigo Ruiz de Galarreta,0.0,59.38,0.33,0.0,0.0,0.0,1.8,0.0,1.0,0.03,0.57,1.07,0.07,39.37,0.03,7.27,85.01,63.48,0.0,0.2,0.0,0.67,0.0,0.17,0.4,0.0,45.45,1.53,2.0,49.29,2
Joseph Aidoo,0.09,80.0,0.4,0.09,0.0,0.0,1.46,0.0,0.89,0.03,4.06,0.34,0.0,50.03,0.0,2.8,86.64,49.39,0.0,0.26,0.0,1.09,0.0,0.29,0.11,0.03,50.0,0.51,0.51,57.85,2
Javi Galán,0.0,54.14,0.35,0.0,0.03,0.0,2.81,0.0,1.11,0.03,1.49,1.35,0.08,41.11,0.08,9.7,80.74,43.32,0.0,0.27,0.0,1.05,0.0,0.27,0.16,0.0,57.89,1.97,1.35,55.73,2
Brian Oliván,0.03,40.0,0.5,0.0,0.0,0.0,1.57,0.0,0.73,0.0,1.93,0.3,0.23,25.0,0.23,5.17,70.13,40.63,0.0,0.1,0.0,1.33,0.0,0.13,0.23,0.0,31.48,0.5,1.07,47.98,2
Hugo Mallo,0.0,35.71,0.73,0.0,0.12,0.0,2.04,0.0,0.92,0.04,2.46,0.54,0.12,44.38,0.04,9.5,79.29,38.93,0.0,0.19,0.0,1.04,0.0,0.27,0.19,0.04,53.06,0.88,1.69,53.2,3
Jose Antonio de la Rosa,0.0,50.0,0.0,0.0,0.0,0.0,1.0,0.0,0.0,0.0,0.0,0.0,0.0,4.5,0.5,3.0,88.89,0.0,0.0,0.0,0.0,0.5,0.0,0.0,0.0,0.0,0.0,2.0,0.0,77.78,1
Rober González,0.0,0.0,0.0,0.0,0.0,0.0,0.0,0.0,0.5,0.0,0.0,0.5,0.5,12.0,0.0,2.5,95.83,0.0,0.0,0.0,0.0,0.0,0.0,0.0,0.5,0.0,0.0,2.0,0.5,57.14,1
Sergio Camello,0.16,41.86,2.0,0.0,0.08,0.0,0.42,0.0,0.05,0.0,0.68,0.32,0.05,13.47,0.13,4.29,78.32,81.25,0.0,0.0,0.0,0.92,0.0,0.08,0.05,0.0,35.53,0.5,0.32,38.1,1
Daniel Vivian,0.03,40.0,0.45,0.03,0.0,0.0,1.97,0.03,0.83,0.0,3.0,0.31,0.07,49.14,0.0,4.66,81.47,48.77,0.0,0.28,0.0,0.76,0.0,0.07,0.28,0.03,42.71,0.72,1.31,50.21,1
Yannick Carrasco,0.2,54.05,1.91,0.0,0.17,0.0,1.0,0.0,0.34,0.0,0.46,0.89,0.17,26.06,0.09,9.14,84.76,61.54,0.0,0.0,0.0,0.69,0.0,0.03,0.06,0.0,35.71,0.6,0.69,44.81,2
Fernando,0.0,75.0,0.27,0.0,0.0,0.0,1.55,0.0,1.09,0.0,1.23,0.55,0.05,39.18,0.05,6.09,88.75,67.09,0.0,0.09,0.0,0.86,0.0,0.09,0.14,0.05,60.61,0.41,0.77,54.55,3
Víctor Ruiz,0.0,0.0,0.1,0.0,0.0,0.0,0.5,0.0,0.6,0.0,3.2,0.0,0.1,25.0,0.0,1.3,85.2,45.45,0.0,0.1,0.0,0.5,0.0,0.3,0.0,0.0,70.83,0.2,0.4,68.57,3
Óscar Rodríguez,0.06,45.83,1.3,0.0,0.06,0.0,0.97,0.0,0.73,0.03,0.39,0.45,0.06,29.36,0.0,7.88,84.31,55.29,0.0,0.03,0.0,0.67,0.0,0.27,0.18,0.0,35.48,0.79,0.67,48.78,2
Thomas Lemar,0.04,58.33,0.48,0.04,0.04,0.0,1.11,0.0,0.26,0.0,0.41,0.67,0.07,28.11,0.11,8.33,88.41,67.5,0.0,0.0,0.0,0.3,0.0,0.07,0.04,0.0,41.67,0.63,0.26,52.52,2
Marcão,0.0,100.0,0.0,0.0,0.0,0.0,0.4,0.0,1.2,0.0,2.6,0.0,0.0,43.0,0.0,3.8,86.98,33.33,0.0,0.2,0.0,0.6,0.0,0.4,0.4,0.0,66.67,1.2,1.0,65.38,2
Vinícius Souza,0.03,58.82,0.29,0.03,0.03,0.0,2.94,0.03,1.41,0.06,1.35,0.76,0.0,26.62,0.03,4.71,80.11,49.46,0.0,0.12,0.0,1.24,0.0,0.15,0.24,0.03,52.55,1.12,1.91,55.98,1
Nacho Fernández,0.04,73.33,0.33,0.0,0.04,0.0,0.89,0.0,0.67,0.0,1.22,0.63,0.04,40.56,0.04,6.63,92.97,71.79,0.0,0.26,0.0,0.48,0.0,0.04,0.26,0.0,63.16,0.52,0.59,55.92,3
Rodri Sánchez,0.07,48.33,0.5,0.0,0.0,0.0,0.53,0.0,0.43,0.0,0.03,0.3,0.17,26.53,0.1,9.73,89.95,67.44,0.0,0.03,0.0,0.37,0.0,0.13,0.0,0.0,14.29,1.3,0.2,52.76,1
Nabil Fekir,0.13,47.22,1.67,0.0,0.0,0.74,0.73,0.0,0.07,0.0,0.0,0.47,0.2,28.67,0.13,12.0,84.65,43.75,0.0,0.07,0.0,0.53,0.0,0.13,0.33,0.07,42.11,2.6,1.4,50.0,2
Jon Ander Olasagasti,0.0,0.0,1.0,0.0,0.0,0.0,1.33,0.0,0.0,0.0,0.33,0.33,0.0,16.0,0.0,2.33,81.25,66.67,0.0,0.0,0.0,0.0,0.0,0.0,0.0,0.0,100.0,1.33,0.33,83.33,1
Diego Lopez,0.3,52.94,1.2,0.0,0.3,0.0,0.2,0.0,0.3,0.0,0.2,1.3,0.3,13.8,0.1,4.2,69.57,44.44,0.0,0.0,0.0,0.6,0.0,0.0,0.0,0.0,46.67,0.7,0.6,38.46,1
Fernando Pacheco,0.0,0.0,0.0,0.0,0.0,0.0,0.0,0.0,0.06,0.0,1.06,0.06,0.06,30.59,0.0,2.0,68.46,48.73,3.47,0.18,0.29,1.88,0.06,0.18,0.0,0.0,80.0,0.24,0.0,80.0,3
Valentin Castellanos,0.37,40.0,2.46,0.14,0.4,0.0,0.34,0.0,0.17,0.0,0.74,0.51,0.06,10.91,0.0,3.06,63.35,53.85,0.0,0.0,0.0,1.03,0.0,0.14,0.31,0.0,42.15,1.31,1.23,41.41,2
Alfonso Espino,0.0,52.08,0.56,0.0,0.06,0.0,2.42,0.06,1.33,0.08,2.44,1.33,0.17,31.81,0.11,6.03,67.16,33.33,0.0,0.33,0.0,0.97,0.0,0.22,0.19,0.0,43.42,1.0,1.36,50.0,3
Ansu Fati,0.19,52.27,1.69,0.03,0.19,0.0,0.44,0.0,0.14,0.0,0.14,0.36,0.06,16.44,0.08,6.97,84.8,73.33,0.0,0.03,0.0,0.11,0.0,0.03,0.08,0.0,31.82,0.36,0.5,38.82,1
Jawad El Yamiq,0.04,76.92,0.68,0.0,0.08,0.0,0.68,0.0,1.48,0.04,3.84,0.2,0.0,36.16,0.0,2.4,81.64,44.52,0.0,0.08,0.0,1.12,0.0,0.2,0.08,0.04,62.69,0.36,0.52,60.47,3
Giorgi Mamardashvili,0.0,0.0,0.0,0.0,0.0,0.0,0.0,0.08,0.03,0.03,0.63,0.0,0.0,24.74,0.0,1.11,59.89,35.17,2.76,0.18,0.13,1.05,0.0,0.13,0.08,0.0,90.0,0.08,0.03,78.57,1
Gorka Guruzeta,0.2,50.0,1.7,0.0,0.13,0.0,0.8,0.0,0.13,0.0,0.23,0.43,0.03,12.77,0.03,3.73,73.37,73.91,0.0,0.0,0.0,0.5,0.0,0.03,0.07,0.0,38.16,0.47,0.93,39.09,2
Raúl de Tomás,0.21,68.0,2.26,0.11,0.16,0.0,0.16,0.0,0.0,0.0,0.32,0.21,0.05,7.68,0.0,2.89,76.71,47.37,0.0,0.0,0.0,0.58,0.0,0.11,0.11,0.0,37.5,1.21,1.11,44.72,2
Papu Gómez,0.05,51.72,1.16,0.0,0.05,0.0,0.32,0.0,0.21,0.05,0.26,0.42,0.21,25.32,0.05,8.47,88.57,72.97,0.0,0.05,0.0,0.58,0.0,0.21,0.21,0.0,33.33,1.16,0.32,49.46,3
Rubén García,0.07,40.0,0.69,0.0,0.03,0.0,0.69,0.0,0.41,0.0,0.28,0.59,0.1,16.62,0.07,5.1,79.67,60.87,0.0,0.0,0.0,0.34,0.0,0.1,0.07,0.0,25.53,0.59,0.48,39.57,2
Santi Comesaña,0.09,66.04,0.71,0.03,0.06,0.0,2.03,0.0,0.91,0.0,0.43,1.26,0.0,34.77,0.06,9.74,83.81,70.73,0.0,0.06,0.0,0.86,0.0,0.09,0.17,0.0,42.11,0.8,1.4,47.03,2
Andrés Guardado,0.04,55.56,0.31,0.04,0.0,0.0,1.58,0.0,0.85,0.0,0.85,0.96,0.08,32.65,0.04,6.0,85.16,60.36,0.0,0.12,0.0,0.69,0.0,0.19,0.27,0.0,36.96,0.38,0.62,47.71,3
Álex Moreno,0.0,40.0,0.87,0.0,0.2,0.0,1.93,0.0,1.13,0.07,2.2,1.2,0.13,35.07,0.2,7.67,77.38,33.96,0.0,0.4,0.0,0.47,0.0,0.4,0.07,0.0,33.33,1.27,1.13,47.33,2
Franco Cervi,0.0,48.84,0.64,0.0,0.06,0.0,2.11,0.0,1.0,0.0,0.39,0.92,0.06,19.83,0.11,5.11,77.59,41.86,0.0,0.06,0.0,0.78,0.0,0.25,0.06,0.03,32.43,1.17,0.75,55.31,2
Samu Castillejo,0.16,41.07,1.48,0.0,0.12,0.0,0.84,0.0,0.36,0.0,0.0,1.28,0.2,20.96,0.0,8.76,84.73,74.19,0.0,0.0,0.0,0.48,0.0,0.12,0.28,0.0,26.92,1.6,1.28,38.72,2
Andriy Lunin,0.0,0.0,0.0,0.0,0.0,0.0,0.0,0.0,0.0,0.0,0.29,0.0,0.0,27.29,0.0,0.29,88.48,48.78,1.71,0.43,0.0,1.0,0.0,0.0,0.0,0.0,0.0,0.0,0.0,0.0,1
Oihan Sancet,0.28,64.79,1.61,0.0,0.19,0.0,0.75,0.0,0.11,0.0,0.25,0.72,0.25,26.28,0.06,9.56,82.98,65.71,0.0,0.03,0.0,0.78,0.0,0.03,0.17,0.03,53.19,1.5,1.14,47.63,1
Manu Morlanes,0.06,75.0,0.44,0.0,0.0,0.0,1.56,0.0,0.38,0.0,0.69,0.69,0.06,16.75,0.0,3.75,84.33,65.22,0.0,0.0,0.0,0.69,0.0,0.13,0.19,0.06,28.0,0.56,0.44,53.76,1
Sergio Escudero,0.04,46.67,1.17,0.04,0.09,0.0,1.43,0.0,1.13,0.0,1.7,0.87,0.17,23.22,0.0,3.39,72.28,33.33,0.0,0.13,0.0,0.87,0.0,0.04,0.13,0.0,50.0,0.87,0.83,51.85,3
Cenk Özkaçar,0.0,100.0,0.65,0.0,0.06,0.0,1.59,0.06,0.71,0.0,2.71,0.29,0.0,44.82,0.0,4.47,84.25,44.94,0.0,0.24,0.0,1.0,0.0,0.06,0.06,0.0,58.33,0.59,0.41,65.75,1
Julen Agirrezabala,0.0,0.0,0.0,0.0,0.0,0.0,0.0,0.0,0.0,0.0,0.38,0.0,0.0,26.0,0.0,0.88,66.83,38.53,1.63,0.25,0.0,0.75,0.0,0.0,0.0,0.0,100.0,0.0,0.0,100.0,1
El Bilal Touré,0.33,40.0,1.38,0.1,0.29,0.0,0.19,0.0,0.05,0.0,1.0,0.14,0.0,12.0,0.1,2.81,71.83,0.0,0.0,0.0,0.0,1.0,0.0,0.1,0.0,0.0,48.35,0.33,1.19,40.4,1
Justin Kluivert,0.23,50.0,1.69,0.04,0.27,0.0,0.65,0.0,0.27,0.0,0.12,0.23,0.15,12.46,0.0,6.04,78.7,66.67,0.0,0.0,0.0,0.77,0.0,0.04,0.15,0.0,26.67,0.73,0.92,42.05,1
Kiko Femenía,0.0,60.0,0.1,0.0,0.0,0.0,0.9,0.0,1.0,0.0,1.05,0.25,0.05,32.35,0.0,7.05,89.49,44.12,0.0,0.1,0.0,0.6,0.0,0.1,0.0,0.0,60.0,0.4,0.3,57.75,3
Iván Sánchez,0.04,67.92,0.68,0.0,0.0,0.0,0.8,0.0,0.32,0.0,0.16,0.68,0.16,17.4,0.04,5.68,84.37,58.06,0.0,0.0,0.0,0.64,0.0,0.12,0.0,0.0,14.29,1.72,0.36,59.41,3
Saúl Ñíguez,0.1,85.71,0.68,0.0,0.03,0.0,1.35,0.0,0.48,0.03,0.84,0.48,0.03,15.52,0.03,2.61,80.67,51.85,0.0,0.03,0.0,0.35,0.0,0.1,0.26,0.0,60.29,0.16,1.1,54.95,2
Pablo Maffeo,0.06,50.0,0.6,0.06,0.03,0.0,2.14,0.0,0.74,0.0,1.66,0.94,0.11,24.31,0.11,3.97,70.86,35.82,0.0,0.26,0.0,1.03,0.0,0.11,0.17,0.03,60.0,1.29,0.91,54.59,2
Nico Williams,0.17,48.0,1.69,0.0,0.22,0.0,0.86,0.0,0.22,0.0,0.19,0.61,0.19,21.36,0.11,8.75,78.41,53.85,0.0,0.14,0.0,0.78,0.0,0.06,0.08,0.0,42.55,0.97,0.64,45.21,1
Kike Pérez,0.03,51.72,1.28,0.0,0.0,0.0,1.86,0.0,0.56,0.0,0.72,1.19,0.08,31.47,0.06,7.08,79.35,61.48,0.0,0.11,0.0,1.14,0.0,0.08,0.25,0.0,50.79,1.58,1.58,49.07,2
Jesús Corona,0.25,42.86,0.25,0.0,0.0,0.0,0.25,0.0,0.25,0.0,0.25,0.25,0.0,9.5,0.0,3.5,84.21,50.0,0.0,0.0,0.0,0.5,0.0,0.0,0.0,0.0,0.0,1.25,0.5,45.0,2
Alexander Isak,0.5,40.0,1.5,0.0,0.0,0.0,0.5,0.0,0.0,0.0,1.0,0.0,0.0,13.5,0.0,2.5,62.96,50.0,0.0,0.0,0.0,1.5,0.0,0.0,0.0,0.0,0.0,0.0,0.5,33.33,1
Isco,0.0,55.0,0.33,0.0,0.0,0.0,1.25,0.0,0.83,0.0,0.25,0.5,0.17,32.75,0.17,10.25,86.77,57.14,0.0,0.0,0.0,1.17,0.0,0.0,0.42,0.0,26.32,2.83,0.92,51.18,3
Jorge Cuenca,0.0,0.0,0.4,0.0,0.1,0.0,0.9,0.0,0.6,0.1,4.3,0.3,0.0,38.0,0.0,2.3,87.37,35.9,0.0,0.1,0.0,0.7,0.0,0.0,0.1,0.0,68.18,0.1,0.4,64.1,1
Álvaro Odriozola,0.0,0.0,0.33,0.0,0.0,0.0,0.0,0.0,0.0,0.0,0.0,0.0,0.33,7.33,0.0,1.33,100.0,0.0,0.0,0.0,0.0,0.0,0.0,0.0,0.0,0.0,0.0,0.67,0.0,66.67,2
Federico Fernández,0.0,0.0,0.0,0.0,0.0,0.0,1.0,0.0,2.0,0.0,12.0,0.0,0.0,14.0,0.0,1.0,57.14,66.67,0.0,0.0,0.0,0.0,0.0,2.0,0.0,0.0,33.33,0.0,0.0,50.0,3
Dominik Greif,0.0,0.0,0.0,0.0,0.0,0.0,0.0,0.0,0.0,0.0,0.0,0.0,0.0,36.0,0.0,1.0,58.33,55.88,5.0,0.0,0.0,3.0,0.0,0.0,0.0,0.0,0.0,0.0,0.0,0.0,2
Kike Barja,0.04,46.99,0.63,0.0,0.0,0.0,0.56,0.0,0.15,0.0,0.11,0.59,0.26,13.48,0.22,4.96,76.1,42.86,0.0,0.04,0.0,0.63,0.0,0.04,0.04,0.0,42.11,0.56,0.67,40.31,2
Dani García,0.0,100.0,0.36,0.0,0.08,0.0,1.84,0.04,0.76,0.0,0.8,0.72,0.04,28.48,0.08,5.12,79.92,51.25,0.0,0.04,0.0,0.72,0.0,0.04,0.24,0.0,55.26,0.56,1.36,53.9,3
Óscar de Marcos,0.03,41.38,0.11,0.0,0.03,0.0,1.81,0.0,0.78,0.0,1.51,0.97,0.14,39.3,0.16,11.05,78.89,47.59,0.0,0.19,0.0,0.89,0.0,0.03,0.19,0.0,52.08,0.43,1.16,47.43,3
Jon Moncayola,0.03,57.14,0.97,0.0,0.05,0.0,1.49,0.03,0.46,0.0,0.76,1.24,0.03,35.51,0.08,8.73,81.58,58.85,0.0,0.05,0.0,0.86,0.0,0.11,0.16,0.0,53.13,0.46,0.95,46.27,2
Ferran Torres,0.12,53.57,1.15,0.0,0.21,0.0,0.39,0.0,0.09,0.0,0.12,0.45,0.24,15.3,0.06,4.67,81.19,53.57,0.0,0.12,0.0,0.33,0.0,0.0,0.15,0.03,55.0,0.76,0.52,46.75,1
Youssef En-Nesyri,0.26,20.0,1.94,0.1,0.32,0.0,0.52,0.0,0.13,0.0,0.52,0.32,0.1,7.52,0.03,1.45,65.67,50.0,0.0,0.06,0.0,0.58,0.0,0.13,0.13,0.0,39.74,0.35,0.32,40.44,2
Omar Alderete,0.04,77.27,0.68,0.04,0.0,0.0,1.4,0.0,1.04,0.0,3.28,0.48,0.08,33.96,0.04,3.8,59.13,32.33,0.0,0.2,0.0,0.84,0.0,0.12,0.36,0.0,65.96,0.4,1.4,57.75,2
Rodrigo Ely,0.0,83.33,0.53,0.0,0.0,0.0,0.83,0.0,0.86,0.0,5.61,0.19,0.03,40.72,0.03,1.94,81.51,41.7,0.0,0.08,0.0,1.56,0.0,0.14,0.22,0.03,67.24,0.39,0.69,63.5,2
Luiz Felipe,0.0,55.56,0.13,0.0,0.0,0.0,1.48,0.0,1.22,0.0,4.35,0.7,0.09,38.13,0.0,1.78,85.4,41.46,0.0,0.22,0.0,0.83,0.0,0.17,0.13,0.13,46.27,0.43,0.43,55.17,2
Arnau Martínez,0.09,55.81,0.61,0.03,0.0,0.0,2.09,0.0,0.76,0.03,1.36,1.42,0.18,38.12,0.12,7.15,82.35,43.12,0.0,0.06,0.0,1.3,0.0,0.18,0.33,0.0,59.02,2.0,1.09,57.36,1
Samuel Costa,0.03,45.0,0.63,0.0,0.03,0.0,1.91,0.0,1.16,0.0,1.91,1.0,0.03,33.66,0.06,3.66,79.85,55.17,0.0,0.03,0.0,1.38,0.0,0.09,0.16,0.0,66.67,1.38,1.59,55.1,1
Gabriel Paulista,0.05,0.0,0.67,0.05,0.1,0.0,0.81,0.0,1.52,0.05,3.67,0.29,0.0,36.24,0.0,3.38,84.1,52.94,0.0,0.05,0.0,1.0,0.0,0.14,0.1,0.1,58.33,0.52,0.57,59.32,3
Unai Simón,0.0,0.0,0.0,0.0,0.0,0.0,0.06,0.03,0.0,0.0,0.42,0.0,0.0,25.61,0.0,1.26,68.39,40.63,2.26,0.29,0.1,1.1,0.0,0.1,0.06,0.0,100.0,0.03,0.0,100.0,2
Álvaro Negredo,0.05,55.56,1.05,0.0,0.14,0.0,0.24,0.0,0.0,0.0,0.38,0.0,0.24,8.14,0.1,1.71,61.4,45.45,0.0,0.0,0.0,0.76,0.0,0.05,0.0,0.0,54.39,0.38,0.24,54.44,3
Hugo Guillamón,0.04,25.0,0.16,0.0,0.0,0.0,0.8,0.0,0.76,0.08,1.12,0.64,0.12,39.48,0.16,9.84,84.4,60.63,0.0,0.16,0.0,0.76,0.0,0.16,0.2,0.0,50.0,1.36,1.4,46.58,1
Pere Milla,0.19,42.5,1.16,0.06,0.1,0.0,1.0,0.0,0.29,0.0,0.55,0.87,0.06,18.16,0.03,4.06,71.58,55.81,0.0,0.0,0.0,1.23,0.0,0.19,0.23,0.0,46.77,1.42,0.61,49.18,3
Fran García,0.05,50.82,0.79,0.0,0.03,0.0,2.21,0.0,1.16,0.05,1.34,1.08,0.0,40.97,0.08,8.89,81.5,35.19,0.0,0.24,0.0,1.26,0.0,0.13,0.03,0.0,25.93,0.68,0.58,54.61,1
Kike Salas,0.17,0.0,0.5,0.17,0.0,0.0,0.17,0.0,0.83,0.17,3.83,0.0,0.17,35.0,0.17,2.17,84.29,40.0,0.0,0.0,0.0,0.67,0.0,0.17,0.17,0.17,60.0,0.17,0.67,50.0,1
Paul Akouokou,0.0,60.0,0.25,0.0,0.0,0.0,1.33,0.0,1.0,0.0,1.33,0.58,0.0,14.17,0.0,1.67,93.53,76.92,0.0,0.08,0.0,0.25,0.0,0.25,0.25,0.0,46.15,0.33,0.58,55.77,2
Javi Sánchez,0.03,100.0,0.28,0.0,0.03,0.0,1.34,0.0,1.44,0.06,3.47,0.28,0.0,36.28,0.0,2.25,82.52,44.86,0.0,0.16,0.0,1.25,0.0,0.09,0.34,0.0,50.55,0.28,1.06,53.85,2
Álvaro Rodríguez,0.17,0.0,0.33,0.17,0.0,0.0,0.33,0.0,0.0,0.0,0.17,0.0,0.17,2.0,0.17,0.33,75.0,0.0,0.0,0.0,0.0,0.33,0.0,0.0,0.0,0.0,33.33,0.0,0.5,28.57,1
Alfonso Pedraza,0.0,39.62,1.0,0.0,0.0,0.0,1.35,0.0,0.69,0.0,0.81,0.38,0.15,23.35,0.12,5.5,81.55,35.29,0.0,0.23,0.0,0.58,0.0,0.0,0.19,0.0,50.0,0.58,0.77,48.82,2
Lucas Pérez,0.21,40.0,1.21,0.0,0.14,0.0,0.21,0.0,0.07,0.0,0.21,0.14,0.07,13.71,0.0,4.5,83.33,50.0,0.0,0.14,0.0,0.79,0.0,0.21,0.14,0.0,20.0,0.29,0.36,30.95,3
Luis Pérez,0.0,44.44,0.22,0.0,0.0,0.0,2.44,0.0,0.89,0.0,1.44,0.61,0.06,22.78,0.06,4.39,80.0,48.84,0.0,0.17,0.0,1.44,0.0,0.17,0.11,0.0,30.43,0.89,0.67,59.52,2
Domingos Duarte,0.0,83.33,0.52,0.0,0.03,0.0,0.84,0.0,1.26,0.06,4.52,0.23,0.03,30.9,0.06,1.9,77.24,44.04,0.0,0.26,0.0,1.1,0.0,0.19,0.29,0.03,60.26,0.68,1.03,58.93,2
Jon Pacheco,0.0,66.67,0.18,0.0,0.0,0.0,0.94,0.06,0.71,0.06,2.18,0.24,0.0,52.82,0.06,3.59,89.98,45.21,0.0,0.24,0.0,0.47,0.0,0.29,0.12,0.0,56.6,0.65,1.06,55.66,1
Ander Guevara,0.0,75.0,0.13,0.0,0.0,0.0,0.63,0.0,0.25,0.0,0.38,0.38,0.13,22.25,0.0,6.63,90.45,33.33,0.0,0.0,0.0,0.13,0.0,0.0,0.25,0.0,60.0,0.38,0.63,53.85,2
Joaquín Fernández,0.04,50.0,0.37,0.04,0.04,0.0,1.3,0.0,1.0,0.04,3.59,0.41,0.0,36.3,0.0,2.44,83.16,47.06,0.0,0.19,0.0,1.37,0.0,0.19,0.15,0.0,64.63,0.41,0.59,64.29,2
Asier Illarramendi,0.04,100.0,0.46,0.0,0.04,0.0,1.5,0.0,0.75,0.0,0.67,1.17,0.0,26.04,0.0,5.38,86.24,47.06,0.0,0.08,0.0,0.17,0.0,0.04,0.21,0.0,44.44,0.54,1.04,48.32,3
Óscar Plano,0.03,48.15,0.91,0.0,0.09,0.0,1.21,0.0,0.88,0.0,0.55,0.76,0.12,18.45,0.03,5.03,75.37,55.26,0.0,0.03,0.0,0.88,0.0,0.12,0.09,0.0,40.48,1.48,0.7,50.18,3
Lucas Torró,0.03,61.11,0.85,0.0,0.0,0.0,1.45,0.0,1.27,0.0,1.94,0.73,0.0,35.3,0.0,5.61,80.69,47.92,0.0,0.24,0.0,0.7,0.0,0.06,0.27,0.0,63.24,0.94,1.94,53.01,2
Nemanja Maksimović,0.0,33.33,0.62,0.0,0.1,0.0,1.41,0.0,1.17,0.0,0.93,0.45,0.0,19.1,0.0,3.41,78.7,44.44,0.0,0.1,0.0,0.79,0.0,0.1,0.1,0.0,60.0,0.28,0.86,54.8,2
Fran Beltrán,0.0,72.73,0.67,0.0,0.0,0.0,0.94,0.0,1.47,0.03,0.92,1.14,0.06,48.75,0.06,9.25,90.09,71.85,0.0,0.11,0.0,0.97,0.0,0.25,0.11,0.0,27.27,0.44,0.72,38.18,1
Edinson Cavani,0.2,44.44,1.36,0.08,0.16,0.0,0.28,0.0,0.08,0.0,0.4,0.48,0.12,13.92,0.08,3.28,75.57,80.95,0.0,0.0,0.0,0.52,0.0,0.08,0.24,0.0,41.67,0.32,0.72,35.45,3
Carlos Clerc,0.0,53.06,0.28,0.0,0.03,0.0,2.34,0.0,0.88,0.0,2.56,0.59,0.13,33.41,0.03,5.66,77.83,30.47,0.0,0.13,0.0,1.28,0.0,0.28,0.16,0.0,46.51,0.97,1.0,58.91,3
Selim Amallah,0.29,47.83,0.71,0.0,0.0,0.0,2.14,0.0,0.71,0.0,0.14,0.43,0.0,11.29,0.14,3.29,77.22,66.67,0.0,0.0,0.0,0.57,0.0,0.0,0.29,0.14,46.67,1.14,1.43,49.4,2
Axel Witsel,0.0,85.71,0.27,0.0,0.0,0.0,1.09,0.0,0.7,0.0,2.21,0.42,0.03,40.12,0.0,3.94,92.67,54.1,0.0,0.15,0.0,0.73,0.0,0.09,0.06,0.03,53.25,0.45,0.61,57.65,3
Jesús Navas,0.0,64.71,0.31,0.0,0.0,0.0,0.59,0.0,0.69,0.0,1.31,0.34,0.03,31.66,0.0,9.72,81.24,48.89,0.0,0.09,0.0,0.72,0.0,0.13,0.16,0.0,34.88,1.03,0.22,55.71,3
Daniel Carvajal,0.0,64.29,0.44,0.0,0.04,0.0,1.19,0.0,0.56,0.04,1.48,0.63,0.04,42.63,0.07,10.41,87.05,70.42,0.0,0.04,0.0,0.81,0.0,0.0,0.22,0.04,52.63,0.56,0.81,52.8,3
Álex Sola,0.0,58.33,0.4,0.0,0.0,0.0,1.7,0.0,0.7,0.0,1.0,0.3,0.0,14.2,0.0,3.5,80.99,38.46,0.0,0.1,0.0,0.4,0.0,0.1,0.1,0.0,70.0,0.8,0.3,66.1,1
Agustín Marchesín,0.0,0.0,0.0,0.0,0.0,0.0,0.0,0.0,0.0,0.0,0.63,0.05,0.0,29.26,0.0,1.05,67.45,41.72,2.32,0.32,0.21,1.05,0.11,0.47,0.16,0.0,100.0,0.21,0.0,87.5,3
Zouhair Feddal,0.0,0.0,0.13,0.0,0.0,0.0,0.5,0.0,0.63,0.13,3.38,0.13,0.0,24.88,0.0,1.0,79.9,43.59,0.0,0.0,0.0,0.88,0.0,0.0,0.13,0.0,50.0,0.25,0.5,48.0,3
Abdessamad Ezzalzouli,0.14,58.42,1.43,0.0,0.04,0.0,1.04,0.0,0.14,0.0,0.21,0.36,0.04,16.07,0.07,5.18,74.22,55.56,0.0,0.0,0.0,0.5,0.0,0.04,0.07,0.07,15.0,1.21,0.96,48.83,1
Stole Dimitrievski,0.0,0.0,0.0,0.0,0.0,0.0,0.03,0.08,0.03,0.0,0.81,0.03,0.0,24.76,0.0,1.19,53.71,27.78,2.57,0.24,0.14,1.19,0.0,0.14,0.11,0.0,90.0,0.08,0.0,86.67,2
Dani Rodríguez,0.09,53.85,0.71,0.06,0.09,0.0,1.2,0.0,0.6,0.0,0.26,0.71,0.14,18.46,0.17,4.97,82.04,67.8,0.0,0.06,0.0,0.69,0.0,0.06,0.23,0.0,22.92,0.94,1.4,40.0,3
Juanmi Latasa,0.06,33.33,0.83,0.06,0.06,0.0,0.28,0.0,0.06,0.0,0.44,0.0,0.06,8.89,0.0,1.83,50.0,100.0,0.0,0.06,0.0,0.06,0.0,0.0,0.11,0.0,55.28,0.61,1.17,49.71,1
Théo Bongonda,0.13,48.78,1.39,0.0,0.13,0.0,0.9,0.0,0.19,0.0,0.26,0.74,0.1,13.23,0.1,4.19,76.1,46.15,0.0,0.03,0.0,0.68,0.0,0.13,0.06,0.0,51.85,1.19,0.48,50.42,2
Damián Suárez,0.04,38.24,0.21,0.0,0.04,0.0,1.75,0.0,0.54,0.0,1.07,0.79,0.11,24.21,0.04,4.93,66.96,35.82,0.0,0.18,0.0,0.64,0.0,0.07,0.25,0.0,48.39,0.61,1.54,46.73,3
Munir El Haddadi,0.11,42.86,1.14,0.0,0.14,0.0,0.43,0.0,0.32,0.0,0.14,0.29,0.07,12.36,0.04,3.32,69.36,25.0,0.0,0.0,0.0,0.46,0.0,0.04,0.14,0.0,50.0,1.21,0.5,49.14,2
Alexander Sørloth,0.35,40.85,1.85,0.03,0.68,0.0,0.53,0.0,0.06,0.0,0.76,0.21,0.24,13.76,0.09,4.12,69.66,55.56,0.0,0.03,0.0,0.41,0.0,0.18,0.12,0.0,52.63,0.47,0.94,39.05,2
Léo Baptistão,0.18,46.67,1.61,0.07,0.18,0.0,1.14,0.0,0.68,0.0,0.32,0.71,0.04,18.25,0.07,3.61,67.91,40.82,0.0,0.0,0.0,0.96,0.0,0.11,0.25,0.0,40.3,0.82,1.07,44.04,3
Joaquín,0.0,64.71,0.36,0.0,0.05,0.0,0.14,0.0,0.18,0.0,0.18,0.09,0.09,13.09,0.09,5.05,85.07,44.44,0.0,0.0,0.0,0.14,0.0,0.0,0.09,0.0,16.67,0.36,0.05,53.49,3
Malcom Ares,0.0,71.43,0.38,0.0,0.0,0.0,0.5,0.0,0.25,0.0,0.13,0.0,0.0,5.25,0.0,2.88,88.1,100.0,0.0,0.0,0.0,0.38,0.0,0.0,0.0,0.0,100.0,1.0,0.25,74.07,1
Curro,0.0,0.0,0.5,0.0,0.0,0.0,1.0,0.0,0.0,0.0,0.0,0.5,0.0,13.0,0.0,3.0,76.92,66.67,0.0,0.0,0.0,0.5,0.0,0.5,0.5,0.0,0.0,0.0,0.5,33.33,2
Manu Bueno,0.0,33.33,0.5,0.0,0.0,0.0,3.5,0.0,0.0,0.0,1.0,1.5,0.0,33.0,0.0,4.5,78.79,50.0,0.0,0.0,0.0,0.5,0.0,1.0,0.0,0.0,25.0,1.0,0.5,55.0,1
Jon Magunazelaia,0.0,100.0,0.5,0.0,0.0,0.0,0.5,0.0,0.0,0.0,0.5,1.0,0.5,7.0,0.0,1.5,50.0,0.0,0.0,0.0,0.0,1.0,0.0,0.0,0.0,0.0,0.0,0.5,0.5,37.5,1
Williot Swedberg,0.0,50.0,0.0,0.0,0.0,0.0,0.75,0.0,0.0,0.0,0.25,0.0,0.0,4.25,0.0,1.25,82.35,0.0,0.0,0.0,0.0,0.0,0.0,0.0,0.25,0.0,0.0,0.25,0.25,71.43,1
Lucas Rosa,0.0,47.37,0.35,0.0,0.06,0.0,2.29,0.0,0.88,0.0,1.12,0.47,0.06,17.65,0.06,3.0,74.67,38.1,0.0,0.06,0.0,0.88,0.0,0.12,0.18,0.0,55.56,0.65,1.12,57.36,1
Yan Couto,0.04,50.91,0.32,0.0,0.0,0.0,1.0,0.0,0.2,0.0,0.4,0.32,0.16,18.72,0.08,4.52,78.85,44.74,0.0,0.04,0.0,0.56,0.0,0.04,0.12,0.0,12.5,0.6,0.48,51.11,1
Ilaix Moriba,0.0,54.55,0.88,0.0,0.0,0.0,1.46,0.0,0.17,0.0,0.5,0.42,0.13,20.5,0.08,6.29,80.89,62.16,0.0,0.0,0.0,0.63,0.0,0.04,0.17,0.08,48.08,1.38,1.33,54.12,1
Borja García,0.09,54.55,0.73,0.0,0.0,0.0,0.91,0.0,0.45,0.0,0.36,0.64,0.09,23.91,0.0,6.18,82.13,60.0,0.0,0.0,0.0,0.91,0.0,0.18,0.09,0.0,46.15,1.82,0.36,56.0,3
Martin Braithwaite,0.32,39.53,1.87,0.0,0.26,0.0,0.39,0.0,0.16,0.0,0.35,0.29,0.1,13.68,0.06,4.23,68.63,66.67,0.0,0.06,0.0,1.35,0.0,0.13,0.16,0.03,44.86,1.35,0.65,47.41,3
Íñigo Lekue,0.0,55.0,0.45,0.0,0.0,0.0,1.2,0.05,0.65,0.0,1.25,0.35,0.0,32.15,0.05,7.1,81.03,48.0,0.0,0.1,0.0,0.65,0.0,0.1,0.05,0.0,68.0,0.3,0.75,58.0,2
Fali,0.0,50.0,0.36,0.0,0.08,0.0,1.08,0.0,0.52,0.0,2.68,0.44,0.04,23.6,0.0,2.8,77.12,52.98,0.0,0.16,0.0,0.84,0.0,0.16,0.24,0.0,50.94,0.72,0.64,56.59,2
Joan Jordán,0.0,55.56,0.57,0.0,0.04,0.0,1.39,0.04,0.7,0.0,0.57,0.96,0.0,47.13,0.04,12.57,88.47,70.59,0.0,0.09,0.0,1.0,0.0,0.22,0.35,0.0,47.83,0.52,1.48,43.8,2
Lucas Olaza,0.0,36.36,0.22,0.0,0.0,0.0,1.04,0.0,0.61,0.0,1.3,0.39,0.04,24.83,0.04,4.7,80.39,50.0,0.0,0.13,0.0,1.0,0.0,0.17,0.13,0.0,47.37,0.87,0.52,53.96,2
Lisandro Magallán,0.0,100.0,0.43,0.0,0.07,0.0,1.36,0.0,0.93,0.0,2.14,0.14,0.0,27.64,0.0,1.5,83.46,50.88,0.0,0.14,0.0,0.79,0.0,0.0,0.0,0.07,47.22,0.36,1.07,56.0,2
Óscar Valentín,0.0,38.89,0.38,0.0,0.0,0.0,2.71,0.0,1.29,0.0,0.76,2.21,0.0,34.32,0.0,6.97,81.92,51.45,0.0,0.09,0.0,0.82,0.0,0.15,0.32,0.0,37.5,1.47,2.21,44.9,2
Ángel Correa,0.26,41.07,1.23,0.0,0.17,0.0,0.34,0.03,0.29,0.0,0.14,0.31,0.2,14.06,0.03,4.94,81.1,50.0,0.0,0.03,0.0,0.37,0.0,0.06,0.06,0.03,23.81,0.57,0.54,35.71,2
Lucas Boyé,0.2,61.9,2.06,0.09,0.29,0.0,1.03,0.0,0.43,0.0,1.29,0.51,0.2,18.06,0.06,5.2,79.75,66.67,0.0,0.03,0.0,1.14,0.0,0.2,0.2,0.03,46.67,1.29,1.74,44.16,2
Tete Morente,0.13,44.44,1.44,0.03,0.13,0.0,1.03,0.0,0.78,0.03,0.75,0.66,0.03,19.72,0.0,6.13,80.82,62.26,0.0,0.09,0.0,0.91,0.0,0.13,0.16,0.0,62.5,0.66,1.0,47.64,2
Florian Lejeune,0.13,66.67,1.32,0.03,0.03,0.36,0.9,0.0,0.48,0.03,3.84,0.26,0.0,45.03,0.0,4.77,79.08,44.41,0.0,0.26,0.0,1.1,0.0,0.1,0.13,0.1,64.13,0.29,0.74,60.61,3
Ramón Terrats,0.04,51.52,0.79,0.0,0.04,0.0,0.79,0.0,0.46,0.0,0.38,0.5,0.08,20.5,0.04,4.75,86.38,75.0,0.0,0.0,0.0,0.5,0.0,0.0,0.04,0.0,30.0,0.88,0.71,45.99,1
Ander Barrenetxea,0.13,57.63,0.78,0.0,0.17,0.0,0.91,0.0,0.22,0.0,0.3,0.7,0.04,14.65,0.04,4.3,77.15,42.86,0.0,0.0,0.0,0.17,0.0,0.04,0.17,0.0,42.31,0.61,1.0,45.98,1
Luis Javier Suárez,0.19,47.5,1.95,0.0,0.29,0.0,0.81,0.0,0.14,0.0,0.48,0.95,0.24,17.62,0.19,3.81,70.0,40.74,0.0,0.0,0.0,1.29,0.0,0.05,0.19,0.05,39.13,1.05,1.71,37.45,2
Andoni Gorosabel,0.0,60.0,0.52,0.0,0.0,0.0,1.52,0.0,0.63,0.0,0.78,0.63,0.04,30.44,0.0,7.04,86.74,62.0,0.0,0.11,0.0,0.59,0.0,0.11,0.11,0.0,36.54,0.63,0.93,49.71,2
Felipe,0.0,50.0,0.33,0.0,0.0,0.0,1.0,0.0,0.0,0.0,2.33,0.67,0.0,43.33,0.0,5.33,92.31,62.5,0.0,0.0,0.0,1.0,0.0,0.0,0.0,0.0,50.0,1.0,1.33,50.0,3
Javier Hernández,0.04,68.75,0.64,0.0,0.04,0.0,0.84,0.0,0.28,0.04,1.44,0.32,0.08,25.96,0.08,4.68,82.13,48.84,0.0,0.04,0.0,0.72,0.0,0.04,0.12,0.0,50.0,0.84,0.36,61.76,2
Lucas Ocampos,0.21,42.37,1.58,0.0,0.05,0.0,1.16,0.0,0.42,0.0,0.26,1.21,0.11,21.11,0.0,6.58,77.06,31.25,0.0,0.16,0.0,0.89,0.0,0.16,0.37,0.0,63.83,1.26,0.79,49.75,2
Fernando Calero,0.0,33.33,0.26,0.0,0.0,0.0,1.7,0.0,0.48,0.0,1.93,0.48,0.04,26.59,0.04,3.04,81.75,43.86,0.0,0.07,0.0,0.93,0.0,0.15,0.22,0.0,54.69,0.33,0.81,55.83,2
Gonzalo Melero,0.15,47.22,0.89,0.0,0.15,0.0,1.19,0.0,0.26,0.0,0.7,1.04,0.11,27.74,0.11,6.7,86.78,81.25,0.0,0.0,0.0,0.93,0.0,0.11,0.19,0.0,46.88,1.11,0.89,46.73,2
Manu Vallejo,0.0,25.0,0.14,0.0,0.0,0.0,0.57,0.0,0.14,0.0,0.14,0.71,0.0,11.57,0.14,4.57,81.48,100.0,0.0,0.0,0.0,0.71,0.0,0.0,0.0,0.0,0.0,0.86,0.14,37.93,2
Nicolás González,0.04,82.35,0.54,0.04,0.08,0.0,1.04,0.0,0.73,0.04,0.54,0.62,0.04,29.69,0.04,8.73,87.44,45.65,0.0,0.04,0.0,0.73,0.0,0.08,0.04,0.0,64.29,0.5,1.27,53.07,1
Álex Centelles,0.07,46.15,0.33,0.0,0.13,0.0,1.47,0.0,0.73,0.0,2.27,0.4,0.07,28.27,0.13,5.53,75.94,35.62,0.0,0.07,0.0,1.27,0.0,0.07,0.0,0.07,29.17,0.33,0.47,48.78,1
Cristhian Stuani,0.28,0.0,1.09,0.0,0.19,0.0,0.41,0.0,0.06,0.0,0.16,0.28,0.06,5.13,0.0,1.25,74.39,60.0,0.0,0.0,0.0,0.44,0.0,0.06,0.25,0.0,46.67,0.72,1.22,41.61,3
Jørgen Strand Larsen,0.13,48.28,1.28,0.03,0.19,0.0,0.47,0.0,0.09,0.0,0.75,0.72,0.09,10.41,0.13,2.66,69.37,58.82,0.0,0.0,0.0,0.81,0.0,0.19,0.13,0.0,47.19,1.34,1.06,44.36,1
Francis Coquelin,0.06,50.0,0.44,0.0,0.06,0.0,1.13,0.0,0.56,0.0,0.38,0.0,0.13,18.88,0.0,3.75,87.42,63.64,0.0,0.0,0.0,0.38,0.0,0.0,0.13,0.0,60.0,0.44,0.69,51.56,3
Juan Iglesias,0.03,50.0,0.66,0.0,0.03,0.0,1.91,0.0,0.66,0.0,2.19,1.0,0.06,18.88,0.0,2.59,61.42,27.48,0.0,0.19,0.0,0.81,0.0,0.19,0.25,0.0,44.12,0.66,1.38,48.67,2
Aitor Ruibal,0.0,53.85,0.58,0.0,0.0,0.0,1.85,0.0,0.92,0.0,1.23,1.04,0.19,26.04,0.0,6.65,78.14,41.67,0.0,0.12,0.0,0.42,0.0,0.08,0.15,0.04,45.45,0.69,0.85,51.34,2
Leandro Cabrera,0.0,75.0,0.72,0.0,0.13,0.0,1.44,0.03,1.34,0.03,3.34,0.47,0.06,38.53,0.03,3.59,73.32,34.68,0.0,0.13,0.0,1.56,0.0,0.13,0.25,0.06,62.38,0.63,0.91,60.54,3
Mohamed-Ali Cho,0.05,47.06,1.21,0.0,0.26,0.0,0.68,0.0,0.11,0.0,0.11,0.32,0.26,7.05,0.11,2.32,73.88,12.5,0.0,0.0,0.0,0.42,0.0,0.05,0.05,0.0,25.0,0.63,0.58,43.81,1
Sergi Gómez,0.0,0.0,0.31,0.0,0.1,0.0,1.0,0.0,0.93,0.0,4.14,0.14,0.0,38.59,0.0,1.69,85.97,46.63,0.0,0.1,0.0,1.45,0.0,0.14,0.0,0.07,55.0,0.28,0.31,62.02,3
Srđan Babić,0.09,50.0,0.26,0.09,0.03,0.0,0.82,0.0,0.85,0.0,3.56,0.5,0.0,39.97,0.0,2.21,85.8,49.09,0.0,0.12,0.0,1.53,0.0,0.12,0.15,0.0,61.02,0.26,0.71,54.37,2
Umar Sadiq,0.6,42.86,1.6,0.4,0.2,0.0,0.2,0.0,0.0,0.0,0.6,0.4,0.2,9.4,0.0,2.8,72.34,100.0,0.0,0.0,0.0,0.6,0.0,0.0,0.2,0.0,31.58,0.6,2.4,26.23,2
Jorge Meré,0.0,0.0,0.4,0.0,0.0,0.0,1.1,0.0,0.6,0.0,3.1,0.3,0.0,21.5,0.0,1.2,83.26,48.39,0.0,0.1,0.0,0.9,0.0,0.1,0.0,0.0,66.67,0.3,0.1,69.05,2
Rubén Alcaraz,0.1,54.55,1.1,0.0,0.03,0.0,1.39,0.0,0.61,0.03,1.13,1.13,0.1,32.13,0.0,5.77,81.43,60.61,0.0,0.13,0.0,0.74,0.0,0.1,0.32,0.0,50.85,1.06,1.45,45.04,3
Óliver Torres,0.09,46.88,0.69,0.03,0.09,0.0,1.22,0.0,0.31,0.0,0.19,1.28,0.13,31.91,0.03,11.19,81.59,66.06,0.0,0.03,0.0,0.78,0.0,0.19,0.06,0.0,28.0,1.41,0.94,41.57,2
Alex Telles,0.0,51.85,0.44,0.0,0.0,0.0,0.78,0.0,0.74,0.0,1.3,0.44,0.07,20.19,0.07,4.22,81.1,43.64,0.0,0.0,0.0,0.78,0.0,0.11,0.22,0.0,61.9,0.52,0.93,52.82,3
Ayoze Pérez,0.16,58.33,1.79,0.0,0.32,0.0,1.63,0.0,0.63,0.0,0.16,1.58,0.16,19.74,0.05,7.11,81.07,80.0,0.0,0.11,0.0,0.79,0.0,0.11,0.16,0.0,25.0,1.53,1.68,44.0,2
Carles Pérez,0.09,45.83,1.54,0.0,0.0,0.0,1.11,0.0,0.17,0.0,0.23,1.26,0.09,18.49,0.14,7.11,86.09,70.59,0.0,0.06,0.0,0.66,0.0,0.09,0.11,0.0,13.04,1.06,1.0,39.13,2
Ronaël Pierre-Gabriel,0.13,50.0,0.25,0.0,0.0,0.0,2.13,0.0,1.13,0.0,1.25,0.75,0.0,8.25,0.0,2.13,78.79,25.0,0.0,0.0,0.0,0.5,0.0,0.13,0.0,0.13,66.67,0.5,0.5,61.7,2
Giovanni González,0.0,57.14,0.27,0.0,0.0,0.0,1.07,0.0,0.47,0.0,1.4,0.87,0.07,23.0,0.13,3.33,79.71,50.0,0.0,0.2,0.0,0.33,0.0,0.13,0.33,0.0,52.17,1.13,1.07,52.48,2
Aimar Oroz,0.1,58.49,0.74,0.0,0.06,0.0,0.84,0.0,0.77,0.0,0.13,0.71,0.1,26.03,0.19,8.87,80.3,62.16,0.0,0.03,0.0,0.68,0.0,0.1,0.19,0.0,30.36,1.97,1.16,44.7,1
Miguel Gutiérrez,0.06,52.24,0.5,0.0,0.0,0.0,1.21,0.03,0.53,0.0,1.03,0.41,0.21,31.32,0.09,7.15,85.82,46.27,0.0,0.03,0.0,0.91,0.0,0.15,0.18,0.0,36.0,0.71,0.68,49.77,1
José Luis Morales,0.24,40.0,1.41,0.0,0.28,0.0,0.24,0.0,0.07,0.0,0.07,0.41,0.07,8.21,0.0,2.52,73.53,83.33,0.0,0.03,0.0,0.38,0.0,0.0,0.07,0.0,33.33,0.34,0.21,37.39,3
Roque Mesa,0.07,51.72,0.9,0.0,0.0,0.0,0.93,0.0,0.45,0.03,0.62,0.9,0.03,32.52,0.03,6.59,83.35,59.48,0.0,0.03,0.0,0.76,0.0,0.03,0.31,0.03,32.35,0.86,1.31,39.39,3
José Ángel Carmona,0.16,50.0,0.53,0.0,0.0,0.0,1.53,0.0,0.79,0.0,1.21,0.89,0.05,23.21,0.05,3.84,80.27,46.67,0.0,0.0,0.0,0.89,0.0,0.21,0.37,0.11,32.14,0.68,1.74,42.47,1
Yangel Herrera,0.1,60.0,1.2,0.05,0.2,0.0,1.3,0.0,0.2,0.0,0.6,0.45,0.1,19.75,0.1,4.65,82.78,50.0,0.0,0.0,0.0,0.85,0.0,0.1,0.2,0.0,36.73,1.1,1.7,42.86,2
Unai García,0.0,71.43,0.24,0.0,0.0,0.0,1.1,0.05,0.9,0.05,2.71,0.24,0.0,37.67,0.05,2.86,80.03,45.57,0.0,0.24,0.0,0.81,0.0,0.1,0.29,0.05,56.72,0.19,1.05,53.03,3
Jaume Costa,0.0,45.45,0.34,0.0,0.13,0.0,1.56,0.03,0.69,0.0,1.16,0.69,0.06,27.59,0.03,5.44,74.75,41.49,0.0,0.28,0.0,0.91,0.0,0.09,0.34,0.0,51.72,1.0,1.38,52.59,3
Ander Herrera,0.0,55.56,0.59,0.0,0.0,0.0,1.06,0.0,0.65,0.0,0.65,0.71,0.12,26.24,0.06,5.53,84.3,46.43,0.0,0.0,0.0,0.47,0.0,0.12,0.24,0.06,58.33,0.65,1.18,45.56,3
Stefan Mitrović,0.0,0.0,0.05,0.0,0.0,0.0,0.64,0.05,0.77,0.0,4.05,0.18,0.0,23.18,0.0,1.05,79.02,46.15,0.0,0.32,0.0,0.64,0.0,0.14,0.18,0.0,70.37,0.14,0.59,63.22,3
Edgar González,0.0,100.0,0.36,0.0,0.12,0.0,1.12,0.0,0.84,0.0,4.76,0.52,0.04,35.56,0.0,0.84,89.09,46.05,0.0,0.2,0.0,0.64,0.0,0.16,0.16,0.08,59.76,0.52,0.92,56.88,2
Álex Fernández,0.11,55.56,0.61,0.0,0.04,0.0,0.46,0.0,0.29,0.0,0.68,0.36,0.04,24.32,0.0,4.86,86.64,64.52,0.0,0.11,0.0,0.79,0.0,0.14,0.0,0.0,28.57,0.5,0.25,36.97,3
Sergi Guardiola,0.1,42.86,1.23,0.0,0.13,0.0,0.68,0.0,0.16,0.0,0.42,0.35,0.0,12.68,0.0,3.19,70.23,60.0,0.0,0.0,0.0,0.48,0.0,0.03,0.1,0.0,30.77,0.97,0.68,41.09,3
Rodrigo Riquelme,0.12,44.53,1.65,0.0,0.09,0.0,0.59,0.0,0.32,0.03,0.15,0.76,0.21,18.41,0.12,6.82,75.88,48.57,0.0,0.0,0.0,1.06,0.0,0.15,0.03,0.0,40.91,1.06,0.79,42.66,1
Aitor Paredes,0.0,0.0,0.5,0.0,0.0,0.0,0.44,0.0,0.88,0.0,1.63,0.31,0.13,31.5,0.0,2.19,89.68,60.66,0.0,0.0,0.0,1.0,0.0,0.13,0.19,0.0,75.0,0.13,0.75,55.56,1
Ivan Balliu,0.0,47.83,0.16,0.0,0.0,0.0,1.41,0.0,0.68,0.05,1.81,0.32,0.11,35.81,0.0,9.49,79.85,39.06,0.0,0.24,0.0,1.14,0.0,0.14,0.16,0.0,43.94,0.92,1.14,53.85,3
Johan Mojica,0.0,50.0,0.25,0.0,0.0,0.0,0.95,0.0,0.4,0.05,0.8,0.25,0.05,21.65,0.0,4.5,83.6,47.06,0.0,0.0,0.0,0.8,0.0,0.05,0.1,0.0,68.75,0.85,0.35,61.29,3
Pierre-Emerick Aubameyang,0.0,0.0,1.0,0.0,0.0,0.0,0.0,0.0,0.0,0.0,0.0,0.0,0.0,3.0,0.0,0.0,100.0,0.0,0.0,0.0,0.0,0.0,0.0,0.0,0.0,0.0,0.0,0.0,0.0,0.0,3
Hugo Sotelo,0.0,0.0,1.0,0.0,0.0,0.0,0.0,0.0,0.0,0.0,0.0,0.0,0.0,23.0,0.0,3.0,86.96,0.0,0.0,0.0,0.0,0.0,0.0,0.0,0.0,0.0,0.0,0.0,0.0,0.0,1
Carlos Domínguez,0.0,100.0,0.33,0.0,0.0,0.0,0.33,0.0,0.0,0.0,2.33,0.33,0.0,11.33,0.0,0.33,82.35,0.0,0.0,0.0,0.0,0.33,0.0,0.0,0.0,0.0,100.0,0.0,0.0,60.0,1
Aleix Garrido,0.0,0.0,0.0,0.0,0.0,0.0,2.0,0.0,0.0,0.0,0.0,0.0,0.0,2.0,0.0,1.0,100.0,0.0,0.0,0.0,0.0,0.0,0.0,0.0,0.0,0.0,0.0,0.0,0.0,66.67,1
Moi Parra,0.0,0.0,0.0,0.0,0.0,0.0,1.0,0.0,0.0,0.0,0.0,0.0,0.0,3.0,0.0,0.0,100.0,0.0,0.0,0.0,0.0,0.0,0.0,0.0,0.0,0.0,0.0,0.0,0.0,100.0,1
Adnan Januzaj,0.0,57.14,0.0,0.0,0.0,0.0,0.0,0.0,0.5,0.0,0.0,0.5,0.0,11.0,0.0,3.5,68.18,100.0,0.0,0.0,0.0,0.0,0.0,0.0,0.0,0.0,0.0,1.0,0.5,50.0,2
Franco Russo,0.0,0.0,0.0,0.0,0.0,0.0,0.67,0.0,1.0,0.0,1.33,0.33,0.0,19.67,0.0,1.33,76.27,58.33,0.0,0.0,0.0,0.67,0.0,0.0,0.0,0.0,60.0,0.67,0.0,63.64,2
Iker Benito,0.0,37.5,0.0,0.0,0.0,0.0,1.0,0.0,0.5,0.0,0.75,0.5,0.5,8.75,0.0,1.0,77.14,33.33,0.0,0.0,0.0,0.0,0.0,0.0,0.0,0.0,20.0,0.5,0.5,40.0,1
Kike García,0.06,66.67,1.2,0.03,0.14,0.0,0.17,0.0,0.03,0.0,0.37,0.09,0.11,6.69,0.0,1.77,70.94,11.11,0.0,0.0,0.0,0.43,0.0,0.09,0.14,0.0,43.14,0.74,0.74,44.9,3
Unai López,0.03,46.15,0.76,0.0,0.03,0.0,0.94,0.03,0.44,0.0,0.18,0.71,0.0,25.26,0.06,6.65,84.52,65.83,0.0,0.0,0.0,0.56,0.0,0.03,0.06,0.0,29.17,0.5,0.65,41.46,2
Óscar Mingueza,0.0,66.67,0.24,0.0,0.0,0.0,1.76,0.0,0.57,0.1,1.0,0.33,0.14,35.62,0.0,7.14,83.29,47.67,0.0,0.14,0.0,0.71,0.0,0.24,0.1,0.0,50.0,0.38,0.9,56.78,1
Javi Puado,0.19,46.94,1.54,0.0,0.3,0.0,0.54,0.0,0.27,0.0,0.27,0.43,0.08,14.68,0.05,4.03,79.93,56.25,0.0,0.0,0.0,1.08,0.0,0.11,0.11,0.0,33.87,0.68,0.43,40.83,2
Karim Rekik,0.06,50.0,0.5,0.0,0.0,0.0,0.69,0.0,0.63,0.0,1.44,0.06,0.0,42.44,0.06,4.38,92.05,48.84,0.0,0.19,0.0,0.88,0.0,0.13,0.13,0.0,66.67,0.31,1.25,51.9,2
Tino Kadewere,0.07,66.67,1.27,0.0,0.0,0.0,0.4,0.0,0.13,0.0,0.07,0.33,0.07,9.4,0.0,1.8,67.38,50.0,0.0,0.0,0.0,0.4,0.0,0.07,0.07,0.0,60.0,0.2,0.4,51.09,2
Sergio León,0.21,37.04,0.97,0.07,0.14,0.0,0.21,0.0,0.0,0.0,0.14,0.1,0.1,6.62,0.03,1.83,70.31,56.25,0.0,0.03,0.0,0.93,0.0,0.03,0.0,0.03,27.27,0.76,0.28,37.84,3
Darko Brašanac,0.04,57.14,0.44,0.0,0.04,0.0,1.16,0.0,0.48,0.04,0.36,0.44,0.04,14.6,0.04,4.64,82.74,58.33,0.0,0.0,0.0,0.4,0.0,0.16,0.2,0.0,50.0,0.56,0.64,52.99,3
Matheus Cunha,0.0,85.71,1.09,0.0,0.36,0.0,0.36,0.0,0.18,0.0,0.27,0.27,0.09,7.18,0.18,2.18,78.48,66.67,0.0,0.0,0.0,0.45,0.0,0.09,0.18,0.0,17.65,0.55,0.64,38.78,1
Darwin Machís,0.0,40.74,1.73,0.0,0.27,0.0,0.27,0.0,0.27,0.0,0.36,0.64,0.36,14.36,0.09,3.45,73.42,51.72,0.0,0.18,0.0,0.27,0.0,0.0,0.09,0.0,25.0,1.09,0.91,39.44,2
Benjamin Lecomte,0.0,0.0,0.0,0.0,0.0,0.0,0.0,0.2,0.0,0.0,1.0,0.0,0.0,24.7,0.0,1.5,63.16,47.09,2.9,0.1,0.0,1.3,0.0,0.1,0.1,0.1,0.0,0.0,0.1,0.0,3
Renato Tapia,0.0,61.11,0.54,0.0,0.04,0.0,1.68,0.0,0.68,0.04,1.21,0.68,0.04,28.32,0.0,4.29,86.0,59.23,0.0,0.04,0.0,0.82,0.0,0.18,0.21,0.04,59.09,0.57,1.04,54.05,2
Haris Seferović,0.17,53.33,0.72,0.11,0.22,0.0,0.33,0.0,0.06,0.0,0.33,0.28,0.06,10.83,0.06,2.28,67.69,66.67,0.0,0.0,0.0,0.61,0.0,0.0,0.17,0.0,50.0,0.39,0.22,48.78,3
Ferland Mendy,0.0,70.37,0.06,0.0,0.0,0.0,1.17,0.0,0.78,0.0,0.67,0.44,0.0,42.89,0.06,12.61,92.62,80.95,0.0,0.11,0.0,0.94,0.0,0.0,0.11,0.0,46.67,1.0,0.22,59.09,2
Miguel Rodríguez,0.14,33.33,0.43,0.0,0.0,0.0,1.0,0.0,0.14,0.0,0.43,1.0,0.0,11.14,0.14,3.43,73.08,33.33,0.0,0.0,0.0,0.43,0.0,0.14,0.0,0.0,11.11,1.14,0.86,38.0,1
Pedro Bigas,0.0,62.5,0.79,0.0,0.14,0.0,1.32,0.0,1.18,0.04,3.29,0.39,0.0,36.64,0.0,2.82,80.9,40.12,0.0,0.04,0.0,1.29,0.0,0.18,0.11,0.07,68.85,0.57,0.61,65.79,3
César Montes,0.15,40.0,0.65,0.1,0.0,0.0,0.85,0.0,0.7,0.05,4.95,0.4,0.0,39.4,0.0,3.8,78.17,42.75,0.0,0.1,0.0,1.8,0.0,0.2,0.35,0.0,63.21,0.3,0.9,57.14,2
Alejandro Pozo,0.0,54.55,0.33,0.0,0.0,0.0,1.23,0.0,0.87,0.03,1.07,0.87,0.27,28.5,0.1,4.13,72.87,36.43,0.0,0.1,0.0,0.87,0.0,0.0,0.07,0.0,34.29,0.47,0.5,47.47,1
Bernardo Espinosa,0.05,75.0,0.55,0.0,0.05,0.0,0.3,0.05,0.6,0.05,3.45,0.3,0.0,45.45,0.05,1.8,89.11,38.89,0.0,0.05,0.0,1.1,0.0,0.2,0.25,0.0,65.85,0.5,0.6,58.54,3
Bono,0.0,100.0,0.0,0.0,0.0,0.0,0.08,0.04,0.08,0.0,0.76,0.12,0.0,34.2,0.0,0.48,73.33,42.22,2.68,0.16,0.12,1.4,0.04,0.24,0.08,0.0,66.67,0.04,0.0,61.54,3
Raúl García,0.06,54.55,1.49,0.0,0.11,0.0,0.34,0.0,0.17,0.0,0.2,0.29,0.06,8.54,0.09,2.51,64.55,52.0,0.0,0.0,0.0,0.31,0.0,0.06,0.11,0.0,51.25,0.54,0.4,50.66,3
Willian José,0.07,33.33,0.75,0.0,0.07,0.0,0.32,0.0,0.04,0.0,0.54,0.18,0.07,9.36,0.04,2.07,78.63,50.0,0.0,0.0,0.0,0.32,0.0,0.07,0.04,0.0,44.44,0.21,0.32,41.25,3
Íñigo Eguaras,0.04,80.0,0.32,0.0,0.0,0.0,0.44,0.0,0.24,0.0,0.6,0.52,0.04,21.4,0.04,3.72,85.05,61.82,0.0,0.0,0.0,0.72,0.0,0.04,0.24,0.0,37.5,0.32,0.28,46.43,3
Dyego Sousa,0.0,41.67,0.65,0.0,0.05,0.0,0.5,0.0,0.05,0.0,0.7,0.05,0.05,7.85,0.05,2.0,68.15,50.0,0.0,0.0,0.0,0.25,0.0,0.05,0.05,0.0,51.92,0.6,0.5,50.47,3
Iván Villar,0.0,0.0,0.0,0.0,0.0,0.0,0.0,0.0,0.0,0.0,0.79,0.05,0.0,26.11,0.0,0.79,64.11,35.34,2.0,0.21,0.21,1.21,0.0,0.05,0.0,0.0,66.67,0.11,0.0,66.67,2
Matija Nastasić,0.07,0.0,0.29,0.07,0.0,0.0,0.71,0.07,1.29,0.0,3.07,0.21,0.0,21.0,0.0,2.0,80.61,45.76,0.0,0.14,0.0,0.86,0.0,0.07,0.21,0.0,60.0,0.0,0.86,47.5,2
Erik Lamela,0.19,49.25,1.47,0.03,0.22,0.0,1.44,0.0,0.22,0.0,0.09,0.69,0.06,22.59,0.0,8.5,79.81,81.25,0.0,0.06,0.0,0.75,0.0,0.16,0.25,0.03,34.78,0.66,1.84,37.54,3
Rubén Peña,0.0,67.86,0.6,0.0,0.1,0.0,1.6,0.0,0.85,0.0,1.2,1.05,0.1,22.75,0.05,5.65,73.19,32.76,0.0,0.1,0.0,0.85,0.0,0.0,0.1,0.05,41.18,0.7,1.3,47.31,3
Kasper Dolberg,0.0,100.0,0.5,0.0,0.0,0.0,0.25,0.0,0.0,0.0,1.25,0.5,0.25,6.75,0.25,1.25,70.37,50.0,0.0,0.0,0.0,0.5,0.0,0.0,0.0,0.0,42.86,1.0,0.5,47.37,2
Toni Lato,0.04,77.78,0.38,0.0,0.04,0.0,0.96,0.0,0.25,0.0,0.5,0.5,0.0,16.96,0.0,4.79,83.05,43.33,0.0,0.0,0.0,0.42,0.0,0.04,0.04,0.0,17.39,0.38,0.5,48.86,2
Borja Mayoral,0.23,43.55,1.49,0.03,0.37,0.0,0.26,0.0,0.09,0.0,0.23,0.74,0.14,20.97,0.06,5.29,78.07,74.47,0.0,0.06,0.0,0.97,0.0,0.17,0.11,0.0,30.0,1.09,0.46,33.95,2
Gonzalo Plata,0.03,43.42,1.09,0.0,0.21,0.0,1.94,0.0,0.35,0.0,0.21,1.38,0.06,20.38,0.15,6.35,78.07,36.36,0.0,0.09,0.0,1.0,0.0,0.09,0.03,0.0,27.87,1.21,0.65,44.6,1
Iván Fresneda,0.0,44.12,0.18,0.0,0.05,0.0,2.18,0.0,0.68,0.0,2.0,0.82,0.14,31.32,0.0,6.09,80.7,46.05,0.0,0.09,0.0,1.41,0.0,0.14,0.14,0.0,30.77,1.14,0.59,53.04,1
Ruben Sanchez Saez,0.0,54.55,0.5,0.0,0.0,0.0,1.67,0.0,1.0,0.0,0.78,0.5,0.22,13.56,0.11,2.61,76.64,41.38,0.0,0.0,0.0,1.28,0.0,0.11,0.06,0.0,75.0,0.39,1.0,56.14,1
Franck Kessié,0.04,60.0,0.54,0.0,0.07,0.0,0.54,0.0,0.43,0.0,0.39,0.36,0.04,15.93,0.04,2.68,86.77,58.33,0.0,0.0,0.0,0.21,0.0,0.04,0.14,0.0,46.67,0.57,0.61,48.45,2
César de la Hoz,0.04,50.0,0.28,0.0,0.0,0.0,1.52,0.0,0.56,0.04,1.44,0.72,0.12,21.96,0.0,2.8,79.05,49.35,0.0,0.08,0.0,1.08,0.0,0.12,0.24,0.0,46.3,0.48,0.84,50.97,3
Luiz Henrique,0.03,52.83,1.27,0.0,0.06,0.0,1.45,0.0,0.42,0.0,0.39,0.73,0.12,15.76,0.09,3.94,76.35,45.45,0.0,0.0,0.0,0.55,0.0,0.21,0.18,0.0,40.58,1.24,0.76,46.49,1
Juan Cala,0.0,0.0,0.33,0.0,0.0,0.0,0.67,0.0,0.33,0.0,4.0,0.33,0.0,12.67,0.0,0.67,78.95,53.85,0.0,0.0,0.0,0.67,0.0,0.33,0.0,0.0,42.86,1.67,0.33,58.82,3
Francisco Portillo,0.07,56.25,0.19,0.0,0.0,0.0,0.48,0.0,0.26,0.0,0.26,0.48,0.04,16.15,0.04,4.96,81.19,46.67,0.0,0.0,0.0,0.56,0.0,0.04,0.04,0.0,50.0,0.11,0.07,45.45,3
Alberto Moreno,0.0,42.86,0.63,0.0,0.04,0.0,0.96,0.0,0.96,0.0,0.96,0.54,0.08,25.13,0.04,7.29,85.41,43.24,0.0,0.04,0.0,0.58,0.0,0.04,0.29,0.0,54.55,0.38,1.08,44.64,3
Josan,0.04,67.74,0.23,0.0,0.0,0.0,0.96,0.0,0.27,0.04,0.46,0.5,0.15,15.81,0.12,2.92,84.67,48.48,0.0,0.08,0.0,0.65,0.0,0.04,0.12,0.0,41.67,0.69,0.38,53.08,3
Manuel Sánchez,0.0,41.03,0.32,0.0,0.03,0.0,1.65,0.0,0.45,0.0,1.23,0.97,0.0,28.48,0.06,7.77,81.54,39.02,0.0,0.19,0.0,0.77,0.0,0.06,0.1,0.0,40.54,0.32,0.84,44.88,1
Arnaut Danjuma,0.2,42.86,1.2,0.0,0.3,0.0,0.3,0.0,0.0,0.0,0.1,0.1,0.0,8.7,0.0,2.7,74.71,50.0,0.0,0.0,0.0,0.5,0.0,0.2,0.0,0.0,0.0,0.7,0.2,44.83,2
José Carlos Lazo,0.09,33.33,0.55,0.0,0.0,0.0,0.45,0.0,0.27,0.0,0.45,0.0,0.18,3.0,0.09,1.0,78.79,0.0,0.0,0.0,0.0,0.18,0.0,0.09,0.0,0.0,0.0,0.55,0.27,48.15,2
Martin Hongla,0.0,81.82,0.06,0.0,0.0,0.0,1.13,0.0,0.5,0.06,2.88,0.63,0.0,38.75,0.0,3.75,83.39,53.51,0.0,0.19,0.0,1.38,0.0,0.19,0.31,0.13,30.43,0.19,1.31,42.53,2
Ismaila Ciss,0.03,50.0,0.63,0.0,0.06,0.0,1.22,0.0,0.69,0.0,1.06,0.59,0.0,21.66,0.0,3.25,82.83,66.67,0.0,0.06,0.0,0.84,0.0,0.0,0.13,0.0,54.84,0.41,1.19,47.15,2
Enzo Roco,0.0,60.0,0.45,0.0,0.05,0.0,1.5,0.05,0.82,0.18,2.77,0.41,0.0,32.23,0.0,2.36,82.23,54.13,0.0,0.0,0.0,1.45,0.0,0.18,0.18,0.05,70.15,0.45,1.55,60.53,3
Álvaro Fernández,0.0,0.0,0.0,0.0,0.0,0.0,0.0,0.18,0.0,0.0,0.64,0.0,0.09,28.91,0.0,3.36,61.32,47.44,3.09,0.18,0.0,1.45,0.0,0.18,0.09,0.0,75.0,0.18,0.0,66.67,2
Iván Martín,0.13,59.09,0.75,0.04,0.17,0.0,0.38,0.0,0.38,0.0,0.46,0.63,0.25,26.92,0.13,6.92,85.14,76.47,0.0,0.04,0.0,1.0,0.0,0.04,0.08,0.0,42.86,0.54,0.75,36.59,1
Gonçalo Paciência,0.08,31.58,1.2,0.08,0.08,0.0,0.32,0.0,0.0,0.0,0.16,0.2,0.04,6.4,0.0,2.12,59.38,52.94,0.0,0.0,0.0,0.2,0.0,0.08,0.08,0.04,55.77,0.68,0.76,45.11,2
Aihen Muñoz,0.0,51.35,0.26,0.0,0.0,0.0,1.65,0.0,0.39,0.0,1.35,1.09,0.13,34.17,0.04,7.26,80.15,38.75,0.0,0.3,0.0,0.7,0.0,0.22,0.09,0.0,45.83,0.7,1.26,45.19,2
Djené,0.0,85.71,0.27,0.0,0.0,0.0,1.24,0.0,1.27,0.06,2.3,0.48,0.03,33.39,0.03,3.39,77.5,35.71,0.0,0.27,0.0,0.97,0.0,0.21,0.3,0.03,64.29,1.15,1.48,57.03,3
Pape Gueye,0.06,70.0,1.25,0.0,0.06,0.0,2.31,0.0,1.38,0.0,0.63,1.06,0.19,33.31,0.19,6.81,83.68,60.81,0.0,0.19,0.0,1.06,0.0,0.25,0.13,0.19,52.78,2.13,1.88,56.52,1
Luca Koleosho,0.25,50.0,0.25,0.0,0.0,0.0,0.5,0.0,0.0,0.0,0.0,0.25,0.0,6.25,0.0,2.75,72.0,0.0,0.0,0.0,0.0,0.25,0.0,0.0,0.0,0.0,0.0,0.0,0.25,50.0,1
Clément Grenier,0.0,60.0,0.14,0.0,0.05,0.0,0.95,0.0,0.29,0.0,0.29,0.48,0.1,15.19,0.0,3.67,78.06,53.33,0.0,0.0,0.0,0.52,0.0,0.0,0.33,0.0,25.0,0.62,1.0,44.32,3
Kaiky,0.0,66.67,0.08,0.0,0.0,0.0,0.38,0.0,0.85,0.08,2.15,0.31,0.0,17.08,0.0,0.92,81.53,54.55,0.0,0.0,0.0,0.92,0.0,0.08,0.38,0.0,37.5,0.23,0.54,43.24,1
Haissem Hassan,0.0,66.67,0.0,0.0,0.0,0.0,0.0,0.0,0.5,0.0,0.0,1.0,0.0,9.5,0.0,3.0,78.95,100.0,0.0,0.0,0.0,0.0,0.0,0.0,0.0,0.0,50.0,0.5,0.0,50.0,1
Alexander Callens,0.0,0.0,0.0,0.0,0.0,0.0,0.5,0.0,0.17,0.0,1.0,0.17,0.0,13.83,0.0,1.5,84.34,0.0,0.0,0.0,0.0,0.0,0.0,0.0,0.17,0.0,0.0,0.17,0.5,44.44,3
Iddrisu Baba,0.0,68.75,0.41,0.0,0.03,0.0,1.07,0.0,0.38,0.0,1.14,0.59,0.0,20.0,0.0,2.07,81.9,57.33,0.0,0.14,0.0,0.76,0.0,0.07,0.17,0.0,57.58,1.03,1.07,53.17,2
Rafa Mir,0.23,0.0,1.92,0.08,0.42,0.0,0.31,0.0,0.15,0.0,0.42,0.12,0.04,9.77,0.0,2.23,69.29,42.86,0.0,0.04,0.0,0.65,0.0,0.27,0.04,0.0,46.84,0.42,0.88,37.84,2
Gastón Álvarez,0.09,47.06,0.23,0.05,0.0,0.0,1.73,0.0,0.68,0.05,1.45,0.86,0.05,18.82,0.0,2.59,62.56,20.0,0.0,0.23,0.0,0.59,0.0,0.09,0.36,0.05,49.21,0.55,1.23,50.57,1
Mikel Oyarzabal,0.17,31.82,0.83,0.04,0.26,0.0,0.57,0.0,0.13,0.0,0.17,0.61,0.17,15.61,0.04,4.91,76.88,50.0,0.0,0.04,0.0,0.48,0.0,0.04,0.04,0.0,34.09,0.7,0.65,36.69,2
Jaime Mata,0.06,40.0,0.78,0.0,0.11,0.0,0.72,0.0,0.17,0.0,0.28,0.83,0.11,6.17,0.06,1.33,57.66,40.0,0.0,0.0,0.0,0.17,0.0,0.0,0.28,0.0,40.0,0.39,0.94,36.78,3
Marcos André,0.06,69.23,1.0,0.0,0.06,0.0,0.24,0.0,0.0,0.0,0.0,0.06,0.06,3.71,0.0,1.18,68.25,0.0,0.0,0.0,0.0,0.29,0.0,0.12,0.12,0.06,40.0,0.71,0.53,51.47,2
Javier Guerra,0.1,51.85,1.5,0.0,0.1,0.0,1.6,0.0,1.1,0.0,0.9,1.1,0.2,22.8,0.0,5.7,81.58,30.77,0.0,0.1,0.0,0.6,0.0,0.0,0.0,0.0,42.86,0.7,1.3,39.81,1
Pablo Marín,0.0,62.5,0.9,0.0,0.2,0.0,1.0,0.0,0.4,0.0,0.2,0.5,0.1,16.4,0.0,4.6,78.05,42.86,0.0,0.0,0.0,0.4,0.0,0.0,0.1,0.0,36.36,0.2,1.2,40.38,1
Iker Munoz,0.0,100.0,0.25,0.0,0.0,0.0,0.13,0.0,0.38,0.0,1.0,0.38,0.0,13.63,0.0,2.13,81.65,67.86,0.0,0.13,0.0,0.5,0.0,0.0,0.0,0.0,66.67,0.5,0.63,50.0,1
Pablo Barrios,0.0,55.56,0.57,0.0,0.0,0.0,0.9,0.05,0.43,0.0,0.24,0.33,0.05,20.9,0.05,5.0,83.37,50.0,0.0,0.0,0.0,0.33,0.0,0.1,0.19,0.0,40.0,0.57,0.33,54.17,1
Dennis Hadžikadunić,0.0,0.0,0.63,0.0,0.0,0.0,1.13,0.0,0.38,0.0,3.38,0.0,0.0,22.13,0.0,2.13,77.4,43.33,0.0,0.13,0.0,1.38,0.0,0.13,0.13,0.0,55.17,0.25,0.75,58.7,2
Rubén Sobrino,0.09,44.62,1.0,0.03,0.18,0.0,1.67,0.0,0.73,0.0,0.48,1.0,0.09,18.0,0.06,5.03,73.4,21.74,0.0,0.21,0.0,0.67,0.0,0.15,0.33,0.0,47.24,1.61,1.52,46.9,3
Fidel,0.11,47.76,0.52,0.0,0.0,0.0,0.56,0.0,0.19,0.0,0.26,1.26,0.19,30.56,0.07,9.0,74.3,57.53,0.0,0.0,0.0,1.0,0.0,0.07,0.22,0.0,25.0,0.7,0.37,38.33,3
Sergio Reguilón,0.0,75.0,0.27,0.0,0.0,0.0,0.64,0.0,0.18,0.0,0.18,0.18,0.0,11.18,0.0,3.18,82.11,0.0,0.0,0.0,0.0,0.09,0.0,0.09,0.09,0.09,61.54,0.55,0.36,61.54,2
Cristhian Mosquera,0.0,0.0,0.67,0.0,0.0,0.0,1.33,0.0,0.33,0.0,1.0,0.33,0.0,15.33,0.0,0.67,84.78,0.0,0.0,0.0,0.0,0.67,0.0,0.0,0.0,0.0,60.0,0.33,0.0,72.73,1
Carlos Martín,0.0,0.0,0.25,0.0,0.0,0.0,0.5,0.0,0.25,0.0,0.0,0.25,0.0,2.25,0.0,0.0,66.67,0.0,0.0,0.0,0.0,0.25,0.0,0.0,0.25,0.0,0.0,0.0,0.5,40.0,1
Fede San Emeterio,0.0,50.0,0.18,0.0,0.0,0.0,1.24,0.0,0.52,0.0,0.82,0.73,0.03,19.64,0.03,2.7,79.78,55.93,0.0,0.03,0.0,0.55,0.0,0.15,0.42,0.0,43.4,0.67,1.76,41.9,2
Víctor Chust,0.07,33.33,0.14,0.0,0.07,0.0,0.64,0.0,0.71,0.07,3.79,0.21,0.0,31.07,0.0,2.21,83.45,59.79,0.0,0.14,0.0,1.07,0.0,0.36,0.21,0.0,48.48,0.29,0.79,46.88,1
Oier Zarraga,0.0,71.43,0.69,0.0,0.04,0.0,0.54,0.0,0.38,0.0,0.19,0.46,0.08,13.31,0.0,4.04,82.08,63.64,0.0,0.0,0.0,0.46,0.0,0.04,0.19,0.0,42.86,0.46,0.65,43.48,1
Keidi Bare,0.0,40.0,0.28,0.0,0.06,0.0,0.83,0.0,0.61,0.0,0.39,0.33,0.0,14.5,0.06,2.94,84.29,56.0,0.0,0.0,0.0,0.5,0.0,0.17,0.0,0.0,35.71,0.72,0.61,52.24,2
Helibelton Palacios,0.0,58.33,0.17,0.0,0.0,0.0,1.58,0.0,0.83,0.0,2.13,0.29,0.08,28.04,0.0,3.46,77.12,26.97,0.0,0.08,0.0,1.38,0.0,0.33,0.29,0.0,45.65,0.79,1.25,53.8,2
Thomas Delaney,0.0,0.0,0.38,0.0,0.0,0.0,0.5,0.0,0.5,0.0,0.38,0.25,0.0,19.75,0.0,2.0,87.34,50.0,0.0,0.0,0.0,0.63,0.0,0.25,0.38,0.0,81.82,0.63,0.5,62.07,3
Valery Fernández,0.0,56.52,0.28,0.0,0.08,0.0,0.48,0.0,0.4,0.04,0.24,0.16,0.08,12.24,0.08,3.8,86.6,88.89,0.0,0.04,0.0,0.52,0.0,0.04,0.04,0.0,66.67,0.64,0.24,61.45,1
Bryan Gil,0.12,52.78,1.0,0.0,0.18,0.0,1.29,0.0,0.47,0.0,0.47,0.76,0.06,18.18,0.12,6.47,82.2,0.0,0.0,0.06,0.0,0.65,0.0,0.12,0.24,0.0,30.77,1.24,1.06,47.48,1
Dimitri Foulquier,0.0,46.34,0.1,0.0,0.0,0.0,1.03,0.0,0.47,0.0,1.23,0.27,0.07,21.63,0.07,4.6,73.19,35.29,0.0,0.1,0.0,0.73,0.0,0.07,0.13,0.0,47.22,0.47,0.93,49.39,2
Brian Ocampo,0.06,51.35,0.72,0.0,0.0,0.0,1.0,0.0,0.17,0.0,0.11,0.72,0.17,18.11,0.06,5.22,78.22,75.0,0.0,0.06,0.0,0.83,0.0,0.11,0.11,0.0,35.0,1.5,1.78,40.57,1
Asier Villalibre,0.0,0.0,0.8,0.0,0.0,0.0,0.0,0.0,0.0,0.0,0.2,0.0,0.0,3.6,0.0,1.6,61.11,0.0,0.0,0.0,0.0,0.0,0.0,0.0,0.0,0.0,50.0,0.2,0.6,33.33,2
Brian Cufré,0.0,100.0,0.6,0.0,0.0,0.0,1.0,0.0,0.4,0.0,0.2,0.6,0.0,13.4,0.0,3.0,83.58,50.0,0.0,0.0,0.0,0.2,0.0,0.2,0.0,0.0,0.0,0.6,1.0,50.0,2
Reinier,0.11,52.94,0.56,0.06,0.11,0.0,0.67,0.0,0.28,0.0,0.22,0.33,0.11,13.56,0.06,3.94,80.74,0.0,0.0,0.0,0.0,0.44,0.0,0.06,0.06,0.06,33.33,0.83,0.22,46.15,1
José Mari,0.0,50.0,0.28,0.0,0.0,0.0,0.89,0.0,0.28,0.0,0.44,0.33,0.06,11.17,0.0,2.61,83.58,69.23,0.0,0.0,0.0,0.39,0.0,0.06,0.22,0.0,41.67,0.39,0.33,51.67,3
Tanguy Nianzou,0.05,83.33,0.32,0.05,0.0,0.0,1.05,0.05,0.84,0.0,2.11,0.16,0.0,40.42,0.0,4.11,88.02,46.43,0.0,0.11,0.0,1.26,0.0,0.16,0.05,0.05,74.42,0.74,0.68,70.37,1
Pablo Torre,0.0,60.0,0.13,0.0,0.0,0.0,0.25,0.0,0.25,0.0,0.13,0.25,0.13,11.0,0.0,4.38,85.23,50.0,0.0,0.0,0.0,0.25,0.0,0.0,0.0,0.0,50.0,0.38,0.5,40.91,1
Gonzalo Villar,0.0,76.47,0.19,0.0,0.0,0.0,0.63,0.0,0.38,0.0,0.31,0.5,0.06,15.5,0.0,3.31,79.84,53.85,0.0,0.0,0.0,0.31,0.0,0.0,0.31,0.0,50.0,0.75,1.25,49.41,2
Largie Ramazani,0.09,50.0,1.24,0.0,0.15,0.0,0.45,0.0,0.45,0.03,0.21,0.58,0.06,7.85,0.03,2.45,71.04,63.16,0.0,0.0,0.0,0.91,0.0,0.03,0.18,0.0,21.74,0.45,0.94,35.64,1
Mamadou Mbaye,0.0,100.0,0.07,0.0,0.0,0.0,0.71,0.07,0.5,0.07,3.5,0.14,0.07,20.79,0.0,1.07,75.26,36.36,0.0,0.14,0.0,1.14,0.0,0.07,0.14,0.0,55.32,0.14,0.43,60.56,2
Portu,0.0,37.14,0.44,0.0,0.09,0.0,0.82,0.0,0.5,0.0,0.41,0.71,0.03,15.38,0.09,3.97,71.7,31.71,0.0,0.09,0.0,0.59,0.0,0.12,0.15,0.03,36.36,0.74,0.74,43.43,3
Carlos Fernández,0.04,72.22,0.88,0.0,0.21,0.0,0.25,0.0,0.04,0.0,0.17,0.58,0.04,6.13,0.0,1.67,65.99,0.0,0.0,0.0,0.0,0.29,0.0,0.04,0.25,0.0,52.08,0.63,0.71,45.38,2
Hugo Duro,0.03,20.0,1.1,0.0,0.23,0.0,0.5,0.0,0.07,0.0,0.23,0.33,0.1,9.07,0.03,2.6,73.9,57.14,0.0,0.07,0.0,0.67,0.0,0.0,0.17,0.0,33.68,1.17,0.67,41.79,1
Óscar Trejo,0.09,57.0,0.74,0.0,0.06,0.0,1.41,0.03,0.24,0.0,0.21,1.03,0.15,28.24,0.12,10.29,83.02,50.0,0.0,0.0,0.0,0.79,0.0,0.15,0.26,0.0,23.4,1.91,2.26,39.43,3
Juanpe,0.05,100.0,0.26,0.0,0.0,0.0,1.0,0.0,0.53,0.05,3.05,0.32,0.05,45.89,0.0,2.58,86.12,47.62,0.0,0.11,0.0,1.16,0.0,0.16,0.16,0.0,64.29,0.11,0.58,58.82,3
Mariano Díaz,0.0,0.0,0.56,0.0,0.0,0.0,0.11,0.0,0.0,0.0,0.0,0.0,0.11,4.44,0.0,1.22,80.0,100.0,0.0,0.0,0.0,0.11,0.0,0.0,0.22,0.0,62.5,0.0,0.33,37.5,2
Oscar Ureña,0.0,100.0,0.33,0.0,0.0,0.0,1.33,0.0,0.33,0.0,0.0,0.33,0.0,6.0,0.0,2.67,83.33,0.0,0.0,0.0,0.0,0.67,0.0,0.0,0.0,0.0,0.0,0.33,0.67,52.94,1
Lago Júnior,0.0,100.0,0.4,0.0,0.0,0.0,0.2,0.0,0.0,0.0,0.0,0.0,0.0,3.2,0.0,1.4,75.0,50.0,0.0,0.0,0.0,0.4,0.0,0.0,0.0,0.0,80.0,0.2,0.6,58.33,3
Francisco Mwepu,0.0,0.0,0.0,0.0,0.0,0.0,1.0,0.0,0.0,0.0,0.0,0.0,0.0,4.0,0.0,0.0,100.0,0.0,0.0,0.0,0.0,0.0,0.0,0.0,0.0,0.0,0.0,0.0,0.0,100.0,1
Alberto Perea,0.0,40.0,0.0,0.0,0.0,0.0,2.0,0.0,0.0,0.0,0.0,0.0,0.0,11.0,0.0,3.0,90.91,0.0,0.0,0.0,0.0,1.0,0.0,0.0,0.0,0.0,0.0,2.0,0.0,50.0,3
Roberto Torres,0.0,50.0,0.0,0.0,0.0,0.0,0.0,0.0,0.0,0.0,0.0,0.0,0.0,5.5,0.0,3.0,100.0,100.0,0.0,0.0,0.0,0.0,0.0,0.0,0.0,0.0,0.0,0.0,0.0,33.33,3
Diego Collado,0.0,0.0,0.0,0.0,0.0,0.0,0.0,0.0,0.0,0.0,0.0,0.0,0.0,2.5,0.0,1.5,80.0,0.0,0.0,0.0,0.0,0.0,0.0,0.0,0.0,0.0,0.0,0.0,0.0,0.0,1
Josep Gayá,0.0,0.0,0.0,0.0,0.0,0.0,0.0,0.0,0.5,0.0,3.0,0.0,0.0,3.5,0.0,0.0,85.71,0.0,0.0,0.0,0.0,1.0,0.0,0.0,0.0,0.0,50.0,0.0,0.0,33.33,1
Ander Martín,0.0,100.0,0.0,0.0,0.0,0.0,0.67,0.0,0.0,0.0,0.33,1.0,0.0,6.67,0.0,3.0,60.0,0.0,0.0,0.0,0.0,0.0,0.0,0.0,0.0,0.0,25.0,0.0,0.67,33.33,1
Anthony Lozano,0.04,43.59,1.07,0.0,0.11,0.0,0.21,0.0,0.11,0.0,0.61,0.21,0.0,10.14,0.04,2.57,68.66,22.22,0.0,0.07,0.0,0.54,0.0,0.14,0.21,0.0,42.86,1.25,1.54,38.82,2
Juanmi,0.18,44.44,0.82,0.0,0.14,0.0,0.64,0.0,0.18,0.0,0.14,1.09,0.09,10.91,0.0,1.95,84.58,63.64,0.0,0.05,0.0,0.73,0.0,0.09,0.14,0.0,36.0,1.0,0.68,41.3,2
Nacho Vidal,0.0,52.0,0.45,0.0,0.05,0.0,1.35,0.05,0.95,0.0,1.35,0.75,0.05,22.8,0.0,5.2,75.88,37.93,0.0,0.15,0.0,0.65,0.0,0.1,0.2,0.0,69.05,0.85,1.4,51.5,2
Sergio Akieme,0.03,60.0,0.79,0.0,0.07,0.0,0.93,0.0,0.48,0.0,1.28,0.34,0.1,26.86,0.0,3.93,80.62,39.13,0.0,0.07,0.0,1.41,0.0,0.14,0.17,0.0,48.28,0.62,0.69,50.0,2
Luca De La Torre,0.0,60.0,0.61,0.0,0.07,0.0,1.0,0.0,0.32,0.0,0.18,0.71,0.07,20.82,0.07,6.71,86.62,47.83,0.0,0.0,0.0,0.57,0.0,0.04,0.21,0.0,17.86,0.43,1.18,37.25,2
Samu Sáiz,0.25,40.0,0.5,0.0,0.0,0.0,0.25,0.13,0.0,0.0,0.0,0.13,0.0,18.75,0.0,5.5,79.33,70.0,0.0,0.0,0.0,0.63,0.0,0.0,0.13,0.0,40.0,0.5,0.38,41.38,3
Jon Morcillo,0.0,100.0,0.1,0.0,0.0,0.0,0.1,0.0,0.1,0.0,0.0,0.1,0.0,3.7,0.1,1.3,81.08,0.0,0.0,0.0,0.0,0.1,0.0,0.0,0.0,0.0,50.0,0.1,0.1,54.55,2
Adrià Pedrosa,0.0,11.11,0.14,0.0,0.0,0.0,0.71,0.0,0.71,0.0,0.29,0.43,0.29,8.71,0.0,2.0,83.61,25.0,0.0,0.0,0.0,0.43,0.0,0.0,0.0,0.0,50.0,0.57,0.43,40.74,2
Jon Karrikaburu,0.0,0.0,0.83,0.0,0.17,0.0,0.17,0.0,0.0,0.0,0.0,0.0,0.17,2.83,0.0,0.83,64.71,0.0,0.0,0.0,0.0,0.5,0.0,0.0,0.17,0.0,50.0,0.67,0.5,47.37,1
Martín Montoya,0.0,40.0,0.17,0.0,0.0,0.0,2.17,0.0,1.5,0.0,2.17,0.33,0.0,32.5,0.0,5.0,81.03,15.79,0.0,0.0,0.0,1.33,0.0,0.33,0.17,0.0,75.0,1.0,0.67,65.91,3
Alberto Mari,0.2,25.0,0.4,0.2,0.0,0.0,0.0,0.0,0.0,0.0,0.0,0.4,0.0,4.0,0.0,0.4,40.0,0.0,0.0,0.0,0.0,0.0,0.0,0.0,0.2,0.0,40.0,0.4,0.6,29.41,1
Pablo Ibáñez Lumbreras,0.0,57.14,0.8,0.0,0.12,0.0,1.16,0.0,0.32,0.0,0.84,0.92,0.08,15.12,0.04,2.92,74.07,51.28,0.0,0.0,0.0,0.44,0.0,0.12,0.04,0.0,39.34,0.64,0.88,43.02,2
Ricard Artero,0.0,100.0,0.57,0.0,0.14,0.0,0.43,0.0,0.14,0.0,0.43,0.0,0.0,6.71,0.0,1.57,78.72,50.0,0.0,0.0,0.0,0.14,0.0,0.14,0.0,0.0,50.0,0.14,0.29,56.25,1
Sergio Asenjo,0.0,0.0,0.0,0.0,0.0,0.0,0.0,0.2,0.0,0.0,1.1,0.0,0.0,30.6,0.0,1.2,61.44,37.36,3.1,0.1,0.1,1.7,0.0,0.4,0.0,0.0,0.0,0.4,0.0,100.0,3
Juan Carlos,0.0,0.0,0.0,0.0,0.0,0.0,0.0,0.1,0.1,0.0,1.1,0.0,0.0,28.9,0.0,0.3,82.35,46.59,2.6,0.0,0.2,1.5,0.0,0.3,0.0,0.0,100.0,0.0,0.0,100.0,3
Gonzalo Montiel,0.0,45.45,0.29,0.0,0.07,0.0,0.93,0.0,0.68,0.0,1.18,0.5,0.14,24.21,0.11,6.11,80.83,37.5,0.0,0.04,0.0,0.75,0.0,0.25,0.29,0.04,44.83,0.36,0.68,46.09,2
Randy Nteka,0.0,46.43,0.75,0.0,0.08,0.0,0.79,0.0,0.25,0.0,0.5,0.38,0.04,9.67,0.0,2.54,71.55,45.45,0.0,0.0,0.0,0.42,0.0,0.04,0.04,0.04,35.71,0.92,1.04,41.81,2
Denis Suárez,0.0,67.86,0.22,0.0,0.06,0.0,1.44,0.0,0.28,0.0,0.17,1.78,0.11,22.78,0.0,5.89,77.07,33.33,0.0,0.0,0.0,1.17,0.0,0.11,0.11,0.0,25.0,0.78,0.89,44.06,2
Nicolás Melamed,0.03,43.48,1.03,0.0,0.09,0.0,0.56,0.0,0.16,0.0,0.03,0.59,0.13,12.59,0.06,4.53,84.12,47.62,0.0,0.03,0.0,0.81,0.0,0.06,0.13,0.0,31.71,1.03,0.75,40.89,1
Óscar Gil,0.0,51.11,0.33,0.0,0.0,0.0,1.91,0.03,0.94,0.03,1.24,0.88,0.09,21.67,0.03,3.55,77.76,37.08,0.0,0.12,0.0,1.27,0.0,0.18,0.42,0.0,25.0,1.18,1.64,47.26,2
Jaime Seoane,0.0,40.0,0.13,0.0,0.0,0.0,0.63,0.0,0.06,0.0,0.06,0.38,0.06,6.81,0.0,1.56,79.82,70.0,0.0,0.0,0.0,0.31,0.0,0.19,0.06,0.0,28.57,0.25,0.38,40.91,2
Aleix Vidal,0.0,38.89,0.12,0.0,0.0,0.0,0.44,0.0,0.6,0.0,0.44,0.72,0.2,12.24,0.12,3.28,78.1,67.74,0.0,0.0,0.0,0.64,0.0,0.12,0.32,0.04,30.0,0.68,0.92,37.25,3
Yunus Musah,0.0,43.55,0.67,0.0,0.09,0.0,1.45,0.0,0.33,0.0,0.48,0.3,0.09,21.82,0.06,6.36,81.81,59.18,0.0,0.03,0.0,0.67,0.0,0.12,0.3,0.03,43.08,1.27,1.27,50.35,1
Bebé,0.0,42.86,1.0,0.0,0.0,0.0,0.0,0.0,0.0,0.0,0.0,0.5,0.0,4.75,0.0,1.25,84.21,100.0,0.0,0.0,0.0,0.25,0.0,0.0,0.25,0.0,0.0,0.5,0.5,29.41,3
Antonio Blanco,0.0,0.0,0.0,0.0,0.0,0.0,2.0,0.0,0.33,0.0,1.0,0.67,0.0,20.33,0.0,4.67,93.44,100.0,0.0,0.0,0.0,1.33,0.0,0.67,0.0,0.0,100.0,0.33,0.67,55.56,1
Ezequiel Ponce,0.12,35.71,0.85,0.09,0.21,0.0,0.26,0.0,0.03,0.0,0.38,0.21,0.0,8.47,0.0,2.12,75.35,61.54,0.0,0.0,0.0,0.44,0.0,0.06,0.06,0.03,43.75,0.26,0.94,32.4,2
Nicolás Fernández,0.0,30.0,0.28,0.0,0.06,0.0,1.28,0.06,0.28,0.0,0.06,0.44,0.06,10.22,0.06,3.44,78.26,47.06,0.0,0.0,0.0,0.5,0.0,0.06,0.11,0.0,14.29,0.5,0.61,46.75,1
Arnau Puigmal,0.05,37.04,0.77,0.0,0.05,0.0,1.0,0.0,0.5,0.05,0.23,0.23,0.0,10.45,0.0,2.68,72.61,15.38,0.0,0.0,0.0,0.73,0.0,0.09,0.18,0.0,27.27,0.68,0.45,51.02,1
Chumi,0.05,43.75,0.14,0.05,0.0,0.0,1.38,0.0,0.71,0.0,2.24,0.43,0.0,34.33,0.0,2.71,82.39,38.82,0.0,0.05,0.0,1.29,0.0,0.14,0.24,0.0,47.83,0.14,0.48,51.02,1
Rodrigo Battaglia,0.0,0.0,0.13,0.0,0.0,0.0,0.8,0.0,0.33,0.13,1.2,0.53,0.0,15.27,0.0,2.47,80.79,46.67,0.0,0.13,0.0,0.4,0.0,0.07,0.33,0.0,57.89,0.73,0.73,50.75,3
Carles Aleñá,0.06,64.86,0.94,0.0,0.06,0.0,0.51,0.0,0.11,0.03,0.43,0.83,0.06,21.66,0.06,5.31,78.63,58.82,0.0,0.06,0.0,0.6,0.0,0.17,0.29,0.03,28.3,1.43,1.71,40.23,2
Andrés Martín,0.0,60.0,0.44,0.0,0.11,0.0,0.44,0.0,0.11,0.0,0.22,0.22,0.11,6.78,0.0,1.22,57.38,33.33,0.0,0.0,0.0,0.11,0.0,0.0,0.11,0.0,71.43,0.22,0.56,51.85,1
Sergio Arribas,0.0,0.0,0.5,0.0,0.0,0.0,0.0,0.0,0.0,0.0,0.0,0.0,0.0,5.0,0.0,2.5,90.0,0.0,0.0,0.0,0.0,0.5,0.0,0.0,0.0,0.0,0.0,0.0,0.0,0.0,1
Loren Morón,0.0,0.0,0.0,0.0,0.0,0.0,1.0,0.0,0.0,0.0,0.5,0.0,0.0,2.0,0.0,1.0,75.0,0.0,0.0,0.0,0.0,0.0,0.0,0.0,0.5,0.0,0.0,0.0,1.0,33.33,2
Beñat Turrientes,0.0,50.0,0.0,0.0,0.0,0.0,0.5,0.0,0.0,0.0,0.33,0.67,0.0,7.17,0.0,1.33,90.7,66.67,0.0,0.0,0.0,0.17,0.0,0.17,0.0,0.0,0.0,0.17,0.33,33.33,1
Ángel Rodríguez,0.06,33.33,0.76,0.0,0.24,0.0,0.06,0.0,0.06,0.0,0.06,0.12,0.0,4.65,0.0,1.24,73.42,66.67,0.0,0.0,0.0,0.29,0.0,0.0,0.06,0.0,52.63,0.35,0.53,41.3,3
Roger Martí,0.04,61.54,0.81,0.0,0.27,0.0,0.42,0.0,0.12,0.0,0.54,0.42,0.04,10.69,0.04,2.5,74.46,54.55,0.0,0.0,0.0,0.69,0.0,0.12,0.12,0.0,30.77,1.0,1.62,35.67,3
Abdón Prats,0.04,37.5,0.23,0.04,0.08,0.0,0.04,0.0,0.0,0.0,0.08,0.0,0.12,3.5,0.04,0.92,63.74,83.33,0.0,0.0,0.0,0.23,0.0,0.04,0.04,0.0,26.92,0.23,0.19,27.91,2
Ángel Algobia,0.0,66.67,0.27,0.0,0.0,0.0,1.04,0.0,0.12,0.0,0.35,1.0,0.04,19.54,0.0,2.77,81.69,52.54,0.0,0.04,0.0,0.5,0.0,0.08,0.12,0.0,25.0,0.38,1.19,36.09,1
Robert Navarro,0.0,43.75,0.71,0.0,0.06,0.0,0.29,0.0,0.12,0.0,0.06,0.06,0.12,7.12,0.0,2.59,77.69,100.0,0.0,0.0,0.0,0.35,0.0,0.0,0.12,0.0,58.33,0.35,0.47,39.06,1
Salvi Sánchez,0.0,33.33,0.38,0.0,0.04,0.0,0.54,0.0,0.08,0.0,0.04,0.25,0.04,6.33,0.0,2.04,65.79,36.36,0.0,0.0,0.0,0.58,0.0,0.04,0.08,0.0,26.67,0.42,0.33,45.45,3
Josep Chavarría,0.0,46.67,0.13,0.0,0.0,0.0,0.38,0.0,0.13,0.0,0.44,0.25,0.06,9.06,0.13,3.06,73.79,33.33,0.0,0.0,0.0,0.38,0.0,0.06,0.06,0.0,75.0,0.25,0.69,45.45,2
Iván Alejo,0.0,32.43,0.74,0.0,0.0,0.0,1.03,0.0,0.16,0.03,0.29,0.65,0.06,8.68,0.03,1.87,66.91,27.78,0.0,0.0,0.0,0.71,0.0,0.13,0.35,0.03,59.52,1.42,1.23,48.71,2
Manu Trigueros,0.0,40.0,0.35,0.0,0.0,0.0,0.87,0.0,0.22,0.0,0.17,0.57,0.04,22.91,0.04,7.74,89.56,65.22,0.0,0.09,0.0,0.35,0.0,0.0,0.09,0.04,31.58,0.43,0.57,42.7,3
Pol Lirola,0.08,41.18,0.08,0.0,0.0,0.0,1.08,0.0,0.58,0.0,1.08,0.42,0.25,19.5,0.0,3.42,78.63,52.38,0.0,0.0,0.0,1.17,0.0,0.25,0.08,0.0,57.14,0.25,0.33,50.82,2
Eden Hazard,0.0,50.0,0.5,0.0,0.33,0.0,0.0,0.0,0.17,0.0,0.0,0.33,0.0,17.83,0.17,8.33,88.79,100.0,0.0,0.0,0.0,0.17,0.0,0.0,0.0,0.0,100.0,1.5,0.33,63.16,3
Ander Capa,0.0,66.67,0.0,0.0,0.0,0.0,0.14,0.0,0.0,0.0,0.29,0.57,0.0,9.14,0.0,2.71,84.38,50.0,0.0,0.0,0.0,0.0,0.0,0.0,0.14,0.0,100.0,0.0,0.57,38.89,3
Diego Moreno,0.0,27.27,0.45,0.0,0.0,0.0,0.36,0.0,0.45,0.0,1.82,0.45,0.09,20.82,0.0,3.0,70.31,36.67,0.0,0.09,0.0,0.64,0.0,0.18,0.09,0.0,38.46,0.36,0.27,37.21,1
Jesús Vázquez,0.0,35.71,0.6,0.0,0.0,0.0,1.3,0.0,0.1,0.0,0.8,0.5,0.0,12.7,0.0,4.6,85.83,40.0,0.0,0.0,0.0,0.4,0.0,0.1,0.1,0.0,33.33,0.5,0.4,49.02,1
Aritz Elustondo,0.0,62.5,0.32,0.0,0.04,0.0,1.04,0.0,0.8,0.0,1.64,0.48,0.08,27.4,0.04,2.92,82.63,46.38,0.0,0.2,0.0,0.4,0.0,0.16,0.2,0.04,42.86,0.36,0.84,46.77,2
Toni Villa,0.04,34.72,0.65,0.0,0.0,0.0,1.19,0.0,0.31,0.0,0.04,0.69,0.08,12.5,0.12,5.12,81.23,45.45,0.0,0.0,0.0,0.5,0.0,0.0,0.08,0.0,28.57,0.73,0.46,41.99,2
Joel Roca Casals,0.0,38.46,0.8,0.0,0.0,0.0,0.4,0.0,0.0,0.0,0.2,0.6,0.0,6.8,0.0,1.2,73.53,0.0,0.0,0.0,0.0,0.0,0.0,0.0,0.2,0.0,0.0,1.0,0.4,44.44,1
Omar El Hilali,0.0,0.0,0.0,0.0,0.0,0.0,0.6,0.0,0.2,0.0,1.0,0.2,0.0,5.2,0.0,0.2,57.69,16.67,0.0,0.0,0.0,0.4,0.0,0.0,0.2,0.0,66.67,0.4,0.0,70.0,1
Shon Weissman,0.07,50.0,1.2,0.0,0.33,0.0,0.13,0.0,0.07,0.0,0.33,0.27,0.0,5.93,0.0,1.07,77.53,0.0,0.0,0.0,0.0,0.87,0.0,0.0,0.0,0.0,14.81,0.53,0.33,28.07,2
Abdul Mumin,0.0,55.56,0.38,0.0,0.0,0.0,0.69,0.0,0.56,0.0,2.19,0.25,0.0,23.88,0.0,1.44,77.23,32.89,0.0,0.06,0.0,0.94,0.0,0.13,0.13,0.0,40.63,0.5,0.44,49.33,2
Radamel Falcao,0.07,13.33,0.78,0.0,0.15,0.0,0.15,0.0,0.07,0.0,0.37,0.26,0.0,6.15,0.0,1.93,74.7,57.14,0.0,0.0,0.0,0.3,0.0,0.04,0.15,0.0,46.94,0.52,0.59,38.39,3
Lautaro Blanco,0.0,43.48,0.06,0.0,0.0,0.0,0.94,0.0,0.12,0.0,0.47,1.0,0.18,14.59,0.12,3.06,64.11,34.88,0.0,0.0,0.0,0.82,0.0,0.12,0.12,0.0,0.0,0.12,0.41,36.84,1
Augusto Solari,0.0,25.0,0.17,0.0,0.08,0.0,0.83,0.0,0.33,0.0,0.08,0.67,0.0,9.92,0.08,2.0,78.15,20.0,0.0,0.0,0.0,0.25,0.0,0.0,0.08,0.0,57.14,0.33,0.75,41.3,3
Jesús Vallejo,0.0,0.0,1.0,0.0,1.0,0.0,0.0,0.0,0.0,0.0,0.0,0.0,0.0,12.0,0.0,1.0,100.0,100.0,0.0,0.0,0.0,0.0,0.0,0.0,0.0,0.0,0.0,0.0,0.0,0.0,2
Mamady Diarra,0.0,33.33,1.5,0.0,0.0,0.0,1.0,0.0,0.0,0.0,0.0,0.5,0.0,4.5,0.0,0.5,88.89,0.0,0.0,0.0,0.0,0.5,0.0,0.0,0.0,0.0,0.0,0.5,0.5,44.44,1
Roger Martínez,0.0,0.0,1.0,0.0,0.0,0.0,0.0,0.0,0.0,0.0,0.0,0.0,0.0,5.0,0.0,5.0,100.0,0.0,0.0,0.0,0.0,1.0,0.0,0.0,0.0,0.0,0.0,0.0,0.0,0.0,1
Casemiro,0.0,0.0,0.0,0.0,0.0,0.0,0.0,0.0,0.0,0.0,1.0,0.0,0.0,8.0,0.0,1.0,87.5,50.0,0.0,0.0,0.0,0.0,0.0,0.0,0.0,0.0,0.0,0.0,1.0,0.0,3
Nabil Touaizi,0.0,0.0,0.0,0.0,0.0,0.0,0.0,0.0,0.0,0.0,0.0,0.0,0.0,1.0,0.0,1.0,100.0,0.0,0.0,0.0,0.0,0.0,0.0,0.0,0.0,0.0,0.0,0.0,0.0,0.0,1
Carlos Álvarez,0.0,0.0,0.0,0.0,0.0,0.0,1.0,0.0,0.0,0.0,0.0,0.0,0.0,4.0,0.0,1.0,100.0,0.0,0.0,0.0,0.0,1.0,0.0,0.0,1.0,0.0,0.0,0.0,1.0,50.0,1
Iván Romero,0.0,0.0,0.0,0.0,0.0,0.0,0.0,0.0,0.0,0.0,0.0,0.0,0.0,3.0,0.0,1.0,33.33,0.0,0.0,0.0,0.0,0.0,0.0,0.0,1.0,0.0,100.0,1.0,1.0,50.0,1
Diego Mariño,0.0,0.0,0.0,0.0,0.0,0.0,0.0,0.0,0.0,0.0,1.0,0.0,0.0,7.0,0.0,0.0,85.71,66.67,3.0,0.0,0.0,2.0,0.0,0.0,0.0,0.0,0.0,0.0,0.0,0.0,3
Babatunde Akinsola,0.0,0.0,0.0,0.0,0.0,0.0,1.0,0.0,0.0,0.0,0.0,0.0,0.0,2.0,0.0,0.0,100.0,0.0,0.0,0.0,0.0,1.0,0.0,0.0,0.0,0.0,0.0,1.0,0.0,66.67,1
Javi Llabrés,0.0,0.0,0.0,0.0,0.0,0.0,0.0,0.0,0.0,0.0,1.0,0.0,0.0,4.0,0.0,1.0,100.0,0.0,0.0,0.0,0.0,0.0,0.0,0.0,0.0,0.0,0.0,0.0,0.0,0.0,1
Alberto del Moral,0.0,0.0,0.0,0.0,0.0,0.0,0.0,0.0,0.0,0.0,0.0,0.0,0.0,1.0,0.0,0.0,0.0,0.0,0.0,0.0,0.0,0.0,0.0,0.0,0.0,0.0,0.0,0.0,0.0,0.0,1
Roberto Arroyo,0.0,100.0,0.0,0.0,0.0,0.0,1.0,0.0,0.0,0.0,0.0,0.0,0.0,4.0,0.0,0.0,0.0,0.0,0.0,0.0,0.0,1.0,0.0,0.0,0.0,0.0,0.0,0.0,0.0,50.0,1
Fran Delgado,0.0,0.0,0.0,0.0,0.0,0.0,0.0,0.0,0.0,0.0,0.0,0.0,0.0,6.0,0.0,1.0,100.0,0.0,0.0,0.0,0.0,0.0,0.0,0.0,0.0,0.0,0.0,0.0,0.0,0.0,1
Matt Doherty,0.0,0.0,0.0,0.0,0.0,0.0,0.0,0.0,0.0,0.0,0.0,0.0,0.0,4.0,0.0,0.5,62.5,0.0,0.0,0.0,0.0,0.0,0.0,0.0,0.0,0.0,0.0,0.0,0.5,0.0,3
Pablo Durán,0.0,33.33,0.0,0.0,0.0,0.0,0.0,0.0,0.25,0.0,0.25,0.0,0.0,5.0,0.0,0.75,70.0,0.0,0.0,0.0,0.0,0.25,0.0,0.0,0.0,0.0,50.0,0.0,0.25,33.33,1
Raúl Parra,0.0,0.0,0.0,0.0,0.0,0.0,0.67,0.0,0.17,0.0,1.33,0.83,0.0,13.33,0.0,1.67,62.5,40.0,0.0,0.0,0.0,0.5,0.0,0.0,0.17,0.0,75.0,0.5,1.0,43.48,1
Kevin Vázquez,0.0,100.0,0.0,0.0,0.0,0.0,1.3,0.0,0.2,0.0,0.7,0.4,0.0,19.1,0.0,3.7,74.35,31.58,0.0,0.1,0.0,0.8,0.0,0.0,0.2,0.0,25.0,0.5,0.8,50.0,2
Joseba Zaldúa,0.0,37.5,0.1,0.0,0.0,0.0,1.5,0.0,1.1,0.0,2.1,0.3,0.1,21.4,0.1,4.4,70.09,31.43,0.0,0.0,0.0,1.4,0.0,0.3,0.4,0.0,61.29,0.4,1.1,54.67,3
Raúl Guti,0.0,38.46,0.71,0.0,0.07,0.0,0.64,0.0,0.29,0.0,0.18,0.36,0.0,14.18,0.0,2.82,81.86,47.37,0.0,0.0,0.0,0.75,0.0,0.14,0.04,0.0,37.5,0.79,0.29,49.04,2
Diego González,0.0,33.33,0.38,0.0,0.13,0.0,0.75,0.0,0.44,0.06,3.06,0.25,0.0,23.0,0.0,1.38,79.62,38.16,0.0,0.0,0.0,1.19,0.0,0.25,0.31,0.0,70.37,0.31,1.06,52.11,2
Tomás Alarcón,0.0,0.0,0.5,0.0,0.0,0.0,0.75,0.0,0.5,0.0,0.5,0.25,0.0,22.25,0.0,4.75,84.27,68.42,0.0,0.0,0.0,1.25,0.0,0.5,0.0,0.25,75.0,0.75,1.0,47.37,1
Pol Lozano,0.0,0.0,0.0,0.0,0.0,0.0,0.0,0.0,0.0,0.0,0.25,0.0,0.0,1.75,0.0,0.25,71.43,50.0,0.0,0.0,0.0,0.0,0.0,0.25,0.25,0.0,50.0,0.0,0.25,33.33,1
Amath Ndiaye,0.07,46.67,0.82,0.0,0.18,0.0,1.04,0.0,0.18,0.0,0.14,0.29,0.07,9.79,0.0,2.89,74.09,53.85,0.0,0.04,0.0,0.43,0.0,0.07,0.07,0.04,29.63,0.86,1.25,43.35,2
Dani Gómez,0.0,33.33,0.0,0.0,0.0,0.0,0.25,0.0,0.13,0.0,0.0,0.13,0.0,1.75,0.0,0.88,85.71,0.0,0.0,0.0,0.0,0.0,0.0,0.13,0.13,0.0,100.0,0.25,0.38,42.86,2
José Pozo,0.0,33.33,0.13,0.0,0.0,0.0,0.25,0.0,0.13,0.0,0.13,0.0,0.0,5.13,0.0,1.88,82.93,0.0,0.0,0.0,0.0,0.38,0.0,0.0,0.0,0.0,40.0,0.5,0.25,45.45,2
Unai Vencedor,0.0,50.0,0.3,0.0,0.2,0.0,0.3,0.0,0.1,0.0,0.1,0.5,0.0,12.1,0.0,2.8,88.43,82.35,0.0,0.0,0.0,0.6,0.0,0.1,0.2,0.0,100.0,0.2,1.2,25.0,1
Fernando Niño,0.0,0.0,0.33,0.0,0.0,0.0,0.0,0.0,0.0,0.0,0.0,0.0,0.0,1.67,0.0,1.33,100.0,0.0,0.0,0.0,0.0,0.0,0.0,0.0,0.0,0.0,0.0,0.0,0.33,0.0,1
Mikel Balenziaga,0.0,100.0,0.33,0.0,0.0,0.0,1.33,0.0,0.33,0.0,0.67,0.0,0.0,18.0,0.0,3.67,74.07,22.22,0.0,0.0,0.0,1.0,0.0,0.0,0.0,0.0,0.0,0.0,1.0,55.56,3
David Torres,0.0,100.0,0.14,0.0,0.14,0.0,0.14,0.0,0.43,0.0,1.0,0.0,0.0,32.0,0.0,1.86,79.91,26.92,0.0,0.0,0.0,1.14,0.0,0.0,0.14,0.0,50.0,0.29,0.43,52.0,1
Kenedy,0.0,30.77,0.5,0.0,0.08,0.0,0.5,0.0,0.08,0.0,0.0,0.17,0.08,6.5,0.08,2.08,67.95,0.0,0.0,0.0,0.0,0.67,0.0,0.08,0.25,0.0,40.0,0.17,0.75,33.33,2
Antonio Sánchez,0.0,46.15,0.38,0.0,0.03,0.0,0.59,0.03,0.69,0.03,0.22,0.75,0.09,12.16,0.0,2.47,72.49,33.33,0.0,0.0,0.0,0.53,0.0,0.06,0.16,0.0,30.43,0.47,0.81,34.87,2
Juan Narváez,0.0,50.0,0.6,0.0,0.0,0.0,0.2,0.0,0.0,0.0,0.0,0.0,0.0,6.8,0.0,2.4,73.53,0.0,0.0,0.0,0.0,0.8,0.0,0.0,0.0,0.0,33.33,1.8,0.2,51.85,2
Youba Diarra,0.0,0.0,0.0,0.0,0.0,0.0,0.6,0.0,0.4,0.0,0.6,0.8,0.2,9.8,0.0,0.8,81.63,42.86,0.0,0.0,0.0,1.0,0.0,0.0,0.4,0.0,0.0,0.0,0.6,18.75,2
Maximiliano Gómez,0.0,0.0,1.0,0.0,0.0,0.0,0.0,0.0,0.0,0.0,0.67,0.0,0.0,4.67,0.0,2.0,64.29,0.0,0.0,0.0,0.0,0.0,0.0,0.33,0.0,0.0,22.22,1.0,1.33,27.78,2
Ludwig Augustinsson,0.0,0.0,0.0,0.0,0.0,0.0,0.5,0.0,0.25,0.0,0.5,0.5,0.0,13.5,0.0,1.25,70.37,20.0,0.0,0.0,0.0,1.0,0.0,0.0,0.0,0.0,80.0,0.25,0.25,63.64,2
John Nwankwo,0.0,71.43,0.14,0.0,0.0,0.0,1.43,0.07,1.0,0.0,1.5,0.5,0.0,30.21,0.0,2.71,83.92,58.33,0.0,0.21,0.0,0.86,0.0,0.14,0.21,0.07,62.22,0.57,1.64,53.98,1
Awer Mabil,0.0,50.0,0.6,0.0,0.2,0.0,0.4,0.0,0.0,0.0,0.2,0.4,0.0,8.8,0.0,2.6,72.73,33.33,0.0,0.0,0.0,1.2,0.0,0.0,0.0,0.0,16.67,0.6,0.0,44.44,2
Jordan Amavi,0.0,0.0,0.0,0.0,0.0,0.0,0.6,0.0,0.8,0.0,0.8,0.4,0.0,12.8,0.0,1.6,50.0,14.29,0.0,0.0,0.0,0.4,0.0,0.0,0.2,0.2,72.73,0.4,0.6,59.09,2
Mickaël Malsa,0.0,100.0,0.0,0.0,0.0,0.0,0.4,0.0,0.4,0.0,0.4,0.6,0.0,4.0,0.0,0.6,65.0,25.0,0.0,0.0,0.0,0.4,0.0,0.0,0.0,0.0,50.0,0.0,0.4,33.33,2
Abner Vinícius,0.0,30.0,0.38,0.0,0.23,0.0,0.92,0.0,0.62,0.08,1.46,0.69,0.0,20.23,0.0,4.15,76.43,25.0,0.0,0.0,0.0,0.69,0.0,0.08,0.15,0.0,33.33,0.15,0.62,36.23,1
Sekou Gassama,0.0,0.0,2.0,0.0,1.0,0.0,0.0,0.0,0.0,0.0,0.0,0.0,0.0,9.0,0.0,3.0,77.78,0.0,0.0,0.0,0.0,0.0,0.0,2.0,0.0,0.0,50.0,0.0,1.0,40.0,2
Fabrizio Angileri,0.0,40.0,0.2,0.0,0.0,0.0,0.8,0.0,0.47,0.07,0.6,0.47,0.0,12.07,0.0,2.07,56.91,29.17,0.0,0.0,0.0,0.73,0.0,0.27,0.13,0.07,62.96,0.07,0.47,50.75,2
Ángel Alarcón,0.0,0.0,0.25,0.0,0.0,0.0,0.0,0.0,0.0,0.0,0.0,0.5,0.0,1.75,0.0,0.5,71.43,0.0,0.0,0.0,0.0,0.0,0.0,0.0,0.0,0.0,0.0,0.25,0.5,14.29,1
Marko Milovanović,0.0,0.0,0.5,0.0,0.0,0.0,0.0,0.0,0.0,0.0,0.0,0.0,0.0,4.5,0.0,0.5,44.44,0.0,0.0,0.0,0.0,0.5,0.0,0.0,0.5,0.0,62.5,0.0,1.0,38.46,1
Mamadou Fall,0.0,0.0,0.0,0.0,0.0,0.0,0.0,0.0,0.0,0.0,1.0,0.0,0.0,10.0,0.0,0.0,70.0,0.0,0.0,0.0,0.0,0.0,0.0,0.0,0.0,0.0,0.0,0.0,1.0,0.0,1
Axel Werner,0.0,100.0,0.0,0.0,0.0,0.0,0.0,0.0,0.0,0.0,0.0,0.5,0.0,30.0,0.0,1.0,71.67,36.0,2.5,0.0,0.0,1.5,0.0,0.5,0.0,0.0,0.0,0.0,0.0,50.0,2
Álvaro Giménez,0.0,0.0,0.0,0.0,0.0,0.0,0.0,0.0,0.0,0.0,0.0,0.5,0.0,1.0,0.0,1.0,100.0,0.0,0.0,0.0,0.0,0.0,0.0,0.5,0.0,0.0,0.0,0.5,0.5,33.33,3
Gonzalo Verdú,0.06,0.0,0.56,0.0,0.06,0.0,0.63,0.0,0.63,0.0,1.94,0.25,0.0,21.13,0.0,0.75,79.59,33.9,0.0,0.0,0.0,0.63,0.0,0.13,0.0,0.13,63.64,0.31,0.63,59.72,3
Wassim Keddari,0.0,0.0,0.0,0.0,0.0,0.0,0.43,0.0,0.0,0.14,0.43,0.14,0.0,8.57,0.0,1.71,95.0,83.33,0.0,0.0,0.0,0.71,0.0,0.14,0.0,0.0,33.33,0.0,0.29,35.71,1
Domingos Quina,0.0,62.5,0.6,0.0,0.0,0.0,0.3,0.0,0.3,0.0,0.0,0.2,0.1,13.6,0.0,3.8,85.29,66.67,0.0,0.0,0.0,0.7,0.0,0.1,0.1,0.1,0.0,1.1,0.5,47.5,1
Filip Jörgensen,0.0,0.0,0.0,0.0,0.0,0.0,0.0,0.0,0.0,0.0,1.0,0.5,0.0,23.0,0.0,0.0,86.96,40.0,1.5,0.0,0.0,1.5,0.0,0.0,0.0,0.0,0.0,0.0,0.0,0.0,1
Mario Suárez,0.0,0.0,0.0,0.0,0.0,0.0,0.0,0.0,0.0,0.0,0.0,0.0,0.0,1.5,0.0,0.0,66.67,0.0,0.0,0.0,0.0,0.5,0.0,0.0,0.0,0.5,0.0,0.0,0.0,0.0,3
Fran Pérez,0.0,62.5,0.14,0.0,0.0,0.0,0.14,0.0,0.0,0.0,0.14,0.43,0.0,9.29,0.0,2.86,86.15,66.67,0.0,0.0,0.0,0.43,0.0,0.0,0.29,0.0,0.0,0.43,0.57,31.03,1
Javier Pastore,0.0,0.0,0.0,0.0,0.0,0.0,0.0,0.0,0.0,0.0,0.0,0.0,0.0,7.0,0.0,4.0,85.71,100.0,0.0,0.0,0.0,0.0,0.0,0.0,0.0,0.0,0.0,0.0,1.0,0.0,3
Pablo Muñoz,0.0,0.0,0.0,0.0,0.0,0.0,0.0,0.0,0.0,0.0,0.0,0.5,0.0,1.0,0.0,1.0,100.0,0.0,0.0,0.0,0.0,0.0,0.0,0.0,0.0,0.0,0.0,0.5,1.0,16.67,2
Santiago Arzamendia,0.0,33.33,0.33,0.0,0.0,0.0,0.75,0.08,0.17,0.0,1.17,1.25,0.0,15.25,0.0,2.25,68.31,29.17,0.0,0.0,0.0,1.17,0.0,0.08,0.0,0.0,50.0,0.17,0.33,36.54,2
Pape Cheikh,0.0,0.0,0.0,0.0,0.0,0.0,0.0,0.0,0.0,0.0,0.0,0.5,0.0,9.5,0.0,0.5,73.68,0.0,0.0,0.0,0.0,0.5,0.0,0.0,0.5,0.5,0.0,0.0,1.5,0.0,2
Houboulang Mendes,0.0,50.0,0.07,0.0,0.0,0.0,1.36,0.07,0.5,0.07,1.21,1.14,0.07,15.07,0.07,2.29,72.04,29.41,0.0,0.0,0.0,1.79,0.0,0.21,0.14,0.0,50.0,0.29,0.93,40.24,2
Lamine Yamal,0.0,0.0,1.0,0.0,1.0,0.0,0.0,0.0,0.0,0.0,0.0,0.0,0.0,8.0,0.0,6.0,100.0,100.0,0.0,0.0,0.0,0.0,0.0,0.0,0.0,0.0,0.0,0.0,0.0,0.0,1
Antonio Gomis,0.0,0.0,0.0,0.0,0.0,0.0,0.0,0.0,0.0,0.0,1.0,0.0,0.0,3.0,0.0,0.0,0.0,0.0,0.0,0.0,0.0,1.0,0.0,0.0,0.0,0.0,0.0,0.0,0.0,0.0,1
Alejandro Alfaro,0.0,0.0,0.0,0.0,0.0,0.0,0.0,0.0,0.0,0.0,0.0,0.0,0.0,1.0,0.0,0.0,100.0,0.0,0.0,0.0,0.0,0.0,0.0,0.0,0.0,0.0,0.0,0.0,2.0,0.0,1
Iñaki Peña,0.0,0.0,0.0,0.0,0.0,0.0,0.0,0.0,0.0,0.0,0.0,0.0,0.0,11.0,0.0,0.0,90.91,50.0,1.0,0.0,0.0,0.5,0.0,0.5,0.0,0.0,0.0,0.0,0.0,0.0,1
Mario Hernández,0.0,0.0,0.67,0.0,0.0,0.0,1.0,0.0,0.67,0.0,0.0,1.33,0.0,10.33,0.0,2.67,80.65,33.33,0.0,0.0,0.0,1.0,0.0,0.0,0.33,0.0,0.0,0.33,0.33,30.77,1
Diego Hormigo,0.0,0.0,0.0,0.0,0.0,0.0,1.0,0.0,0.0,0.0,1.0,2.0,0.0,10.0,0.0,0.0,60.0,0.0,0.0,0.0,0.0,0.0,0.0,1.0,1.0,0.0,50.0,1.0,2.0,37.5,1
Joan García,0.0,0.0,0.0,0.0,0.0,0.0,0.0,0.0,0.0,0.0,0.0,0.0,0.0,26.0,0.0,0.0,84.62,42.86,1.0,0.0,1.0,3.0,0.0,0.0,0.0,0.0,0.0,0.0,0.0,0.0,1
Diego López,0.0,0.0,0.0,0.0,0.0,0.0,0.0,0.5,0.0,0.0,0.5,0.0,0.0,12.0,0.0,0.0,70.83,14.29,0.5,0.0,0.0,2.0,0.0,0.0,0.0,0.0,0.0,0.0,0.0,0.0,3
Jorge Herrando,0.0,0.0,0.0,0.0,0.0,0.0,0.0,0.0,0.0,0.0,3.0,0.0,0.0,5.0,0.0,0.0,60.0,0.0,0.0,0.0,0.0,0.0,0.0,0.0,0.0,1.0,100.0,0.0,1.0,75.0,1
Chadi Riad,0.0,0.0,0.0,0.0,0.0,0.0,0.0,0.0,0.0,0.0,0.0,0.0,0.0,1.0,0.0,0.0,100.0,0.0,0.0,0.0,0.0,0.0,0.0,0.0,0.0,0.0,0.0,0.0,0.0,0.0,1
Pedro Ortiz,0.0,0.0,0.0,0.0,0.0,0.0,0.0,0.0,0.0,0.0,0.0,0.0,0.0,1.0,0.0,0.0,100.0,0.0,0.0,0.0,0.0,0.0,0.0,0.0,0.0,0.0,0.0,0.0,0.0,0.0,1
Esteban Saveljich,0.0,0.0,0.0,0.0,0.0,0.0,0.0,0.0,0.0,0.0,0.0,0.0,0.0,0.0,0.0,0.0,0.0,0.0,0.0,0.0,0.0,0.0,0.0,0.0,1.0,0.0,0.0,0.0,0.0,0.0,3
Diego Mendez,0.0,0.0,0.0,0.0,0.0,0.0,0.0,0.0,1.0,0.0,0.0,0.0,0.0,2.0,0.0,0.0,50.0,0.0,0.0,0.0,0.0,0.0,0.0,0.0,0.0,0.0,100.0,0.0,0.0,100.0,1
Ruben Quintanilla,0.0,0.0,0.0,0.0,0.0,0.0,0.0,0.0,0.0,0.0,0.0,0.0,0.0,2.0,0.0,0.0,100.0,100.0,0.0,0.0,0.0,0.0,0.0,0.0,0.0,0.0,0.0,0.0,0.0,0.0,1
Álex Revuelta,0.0,0.0,0.0,0.0,0.0,0.0,0.0,0.0,0.0,0.0,0.0,0.0,0.0,0.0,0.0,0.0,0.0,0.0,0.0,0.0,0.0,0.0,0.0,0.0,0.0,0.0,0.0,0.0,0.0,0.0,1
