Name,Goals,Big chances missed,Successful dribbles %,Total shots,Headed goals,Set piece conversion %,Tackles,Interceptions,Penalty committed,Clearances,Errors lead to goal,Dribbled past,Big chances created,Assists,Total passes,Accurate passes %,Accurate final third passes,Accurate long balls %,Saves,Clean sheets,Penalties faced,Penalties saved,Goals conceded inside the box,Goals conceded outside the box,Yellow cards,Red cards,Aerial duels won %,Total duels won %,Was fouled,Fouls,Appearances
Goran Karačić,0,0,0,0,0,0,0,0,0,6,0,0,0,0,42,85.71,0,50,6,1,0,0,0,0,0,0,100,100,0,0,1
Deniz Dilmen,0,0,0,0,0,0,0,0,0,1,0,0,0,0,46,58.7,0,47.06,9,0,1,1,2,0,0,0,100,100,0,0,1
Ataberk Dadakdeniz,0,0,0,0,0,0,0,0,1,5,0,0,0,0,36,47.22,1,17.39,5,1,1,1,0,0,0,0,0,50,1,1,1
Vedat Karakuş,0,0,0,0,0,0,0,0,0,2,0,0,0,0,31,80.65,0,25,6,0,0,0,1,0,0,0,0,50,1,0,1
Mauro Icardi,0.92,0.54,54.55,3.38,0.21,0,0.33,0.04,0,0.63,0,0.46,0.33,0.29,14.04,70.62,5.58,66.67,0,0.25,0,0,0.5,0.13,0.13,0,43.52,41.84,0.63,0.79,24
Fabio Borini,0.63,0.07,60.53,2.57,0.03,0,0.97,0.97,0.03,1.03,0,0.57,0.2,0.27,25,71.33,4.83,49.11,0,0.07,0,0,1.27,0.23,0.2,0,47.5,54,2.13,1.03,30
Arda Güler,0.2,0,52.63,1.7,0,0,1.25,0.15,0,0.1,0,0.95,0.35,0.15,29.25,84.96,9.85,70.45,0,0,0,0,0.45,0.1,0.05,0,50,53.03,1.4,0.55,20
Anastasios Bakasetas,0.3,0.07,63.64,2.74,0,0,1.93,0.81,0,0.41,0,0.67,0.3,0.19,51.89,82.37,14.48,57.76,0,0.22,0,0,1,0.19,0.33,0.04,35,54.92,1.74,1.15,27
Dia Saba,0.38,0.08,61.54,2,0,3.85,1.08,0.54,0,0.15,0,0.69,0.54,0.31,40.31,81.87,11.92,65.85,0,0.08,0,0,0.85,0.15,0.31,0,33.33,40.95,0.69,0.46,13
Fernando,0.17,0,39.13,1.7,0,0.35,1.57,0.97,0.03,0.57,0,1.37,0.3,0.07,62.77,82.74,9.7,60.48,0,0.13,0,0,1.23,0.17,0.33,0.03,48,44.81,0.9,0.9,30
Samu Sáiz,0.31,0,56.1,1.31,0,0,0.46,0.15,0,0.08,0,0.69,0.62,0.31,34,83.03,13.08,75.51,0,0,0,0,1.38,0,0.31,0,31.25,51.75,1.92,0.62,13
Brahim Darri,0,0,0,0,0,0,0,0,0,0,0,0,1,1,10,80,6,0,0,0,0,0,0,0,0,0,0,100,1,0,1
Vincent Aboubakar,0.81,0.44,44.9,2.94,0.06,0,0.5,0.25,0,0.44,0,0.25,0.13,0.13,17.56,77.58,6,70,0,0.13,0,0,0.69,0.19,0.19,0,41.27,38.92,1,0.81,16
Guilherme Haubert Sityá,0.06,0.06,56.52,0.41,0,0,1.85,1.29,0,1.47,0,0.76,0.38,0.26,42.53,79.67,10.44,49.71,0,0.26,0,0,1.12,0.09,0.09,0,51.39,56.64,0.56,0.59,34
Mehmet Umut Nayir,0.55,0.32,53.33,2.45,0.06,0,0.58,0.06,0,0.94,0,0.35,0.19,0.1,20.52,65.41,4.74,53.57,0,0,0,0,1.77,0.06,0.06,0,58.33,58.51,1.55,0.81,31
Alexandru Maxim,0.13,0.06,64.15,1.72,0,0.35,1.19,0.38,0,0.5,0,0.44,0.22,0.16,30.41,80.88,9.72,66.96,0,0.09,0,0,0.91,0.06,0.19,0,41.67,47.79,1,1.03,32
Enner Valencia,0.94,0.48,44.92,2.94,0.1,0,0.81,0.32,0,0.06,0,0.58,0.19,0.16,18.26,76.33,6.74,54.17,0,0.06,0,0,0.9,0.06,0.1,0.03,41.9,45.61,2.13,1.42,31
Younès Belhanda,0.4,0.27,58.62,3.27,0,0,1.17,0.2,0,0.27,0,0.53,0.37,0.23,34.57,82.16,12.6,63.77,0,0.03,0,0,1.07,0.07,0.17,0.07,43.24,48.48,0.9,0.77,30
Emin Bayram,0,0.14,50,0.71,0,0,1.86,1.57,0,3.57,0,0.14,0,0,39.71,89.57,2.43,60.87,0,0.29,0,0,0.43,0.14,0.14,0,68.75,70,0.43,0.57,7
Sérgio Oliveira,0.13,0.06,50,2.69,0.03,0,1.81,0.72,0,0.44,0.03,1.06,0.19,0.13,44.97,81.51,11.94,61.14,0,0.16,0,0,0.47,0.06,0.22,0,47.62,48.81,1.28,0.94,32
Badou Ndiaye,0.25,0.13,67.06,1.78,0,0,1.88,0.97,0,0.91,0,0.88,0.13,0.13,38.06,85.96,9.91,66.97,0,0.13,0,0,1.06,0.22,0.13,0,27.66,58.09,2.78,1.34,32
Mbaye Diagne,0.7,0.27,52,2.3,0.12,0,0.18,0.06,0,1.03,0,0.06,0.09,0.15,15.12,68.94,2.67,75,0,0.09,0,0,1.21,0.21,0.18,0,49.28,46.54,1.03,0.85,33
Kerem Aktürkoğlu,0.26,0.18,46.79,1.91,0,0.74,0.82,0.62,0,0.18,0,0.94,0.5,0.32,26.32,69.61,9.12,32.93,0,0.15,0,0,0.59,0.09,0.09,0,43.33,45.54,1.41,0.44,34
Edin Višća,0.15,0.08,92.31,1.23,0,3.85,0.92,0.62,0,0.08,0,1.23,0.54,0.23,28.23,79.56,8.69,65.22,0,0,0,0,1,0.23,0,0,33.33,48.48,0.38,0.54,13
Youssouf Ndayishimiye,0.24,0.18,55.56,1.06,0.12,0,0.94,1.12,0.12,3.65,0,0.12,0,0,71.71,90.07,7.59,65.79,0,0.41,0,0,1,0.06,0.47,0,62.86,56.12,0.76,1.12,17
Sacha Boey,0.03,0,47.83,0.81,0,0,2.81,1.61,0.03,2,0,0.65,0.26,0.13,40.32,78.96,10.42,36.79,0,0.42,0,0,0.65,0.1,0.26,0.03,65.38,56.43,0.87,1.55,31
Tolga Ciğerci,0.13,0.06,53.33,1.75,0,0,1.56,2.13,0.06,1.63,0,0.75,0.31,0.19,64.13,85.48,12.13,55.65,0,0.13,0,0,1.19,0.31,0.31,0,48.15,44.3,1.5,2.19,16
Amir Hadžiahmetović,0.13,0.03,69.57,1,0,0,1.6,1.1,0,1.07,0,1.27,0.1,0.13,56.33,86.39,8.87,68.67,0,0.27,0,0,0.9,0.13,0.2,0,48.78,49.81,1,1.23,30
Gedson Fernandes,0.09,0,71,1,0,0,2.85,0.73,0.03,0.3,0,1.18,0.24,0.15,34.48,83.57,9.03,51.67,0,0.21,0,0,0.7,0.21,0.18,0,35.14,57.83,2.21,1.61,33
Arthur Masuaku,0.06,0,71.95,0.35,0,0.81,2.13,0.84,0,1.06,0.03,0.81,0.1,0.19,47.55,80.6,9.13,44.13,0,0.23,0,0,0.74,0.16,0.26,0,59.52,59.19,0.35,1,31
Carlos Mané,0.16,0.12,47.27,0.96,0,0,1.76,0.56,0,0.28,0,0.6,0.28,0.16,22.28,76.48,5.2,54.29,0,0,0,0,0.96,0.4,0,0,35.71,56.61,1.08,0.32,25
Kévin Rodrigues,0.06,0,55.56,1.33,0,0.51,2.67,1.48,0.12,1.7,0.03,1.15,0.24,0.15,40.03,78.88,8.15,52.85,0,0.21,0,0,1.06,0.18,0.18,0,62.5,60.98,1.64,0.94,33
Salih Uçan,0.1,0.07,61.36,1.34,0,0,2.34,0.93,0,0.79,0,1.34,0.28,0.21,36.9,81.31,8.17,55.56,0,0.07,0,0,0.72,0.21,0.21,0,42.22,46.94,0.83,2.03,29
Ali Gholizadeh,0,0,80,0.5,0,0,1.25,0.25,0,0,0,0,0,0.25,13.75,78.18,5.5,100,0,0,0,0,0.25,0.25,0,0,50,68,0.75,0.5,4
Yusuf Sarı,0.16,0.06,60.71,2.06,0,0,0.61,0.29,0,0.06,0,0.52,0.32,0.19,17.55,84.01,6.32,73.91,0,0,0,0,0.94,0.03,0.1,0.03,11.76,50.97,0.77,0.48,31
Cenk Tosun,0.47,0.44,56.52,2.59,0.09,0,0.97,0.13,0,0.47,0.03,0.69,0.13,0.19,16.16,74.08,4.84,48.39,0,0.06,0,0,0.53,0.19,0.09,0.03,52.34,48.15,0.94,0.94,32
Lucas Torreira,0,0.06,58.82,0.65,0,0,2.77,1.29,0,0.81,0.03,1.26,0,0,55.81,88.21,11.42,65.57,0,0.13,0,0,0.61,0.13,0.19,0,37.7,58.61,1.9,1.19,31
Alejandro Pozuelo,0.33,0.17,61.29,0.92,0,0,0.17,0.33,0,0.42,0,0.92,0.42,0.25,37.67,86.73,11.5,52.94,0,0,0,0,1.08,0,0.08,0,54.55,40,0.75,0.92,12
Rachid Ghezzal,0.18,0,64.29,1.09,0,0,0.55,0.09,0,0.09,0,1.09,0.18,0.27,24.82,78.75,6.55,60,0,0.09,0,0,0.36,0.09,0.09,0,33.33,38.89,0.36,0.64,11
Dries Mertens,0.2,0.33,42.22,2.53,0,0,0.97,0.37,0,0.23,0,0.73,0.2,0.1,27.77,78.03,10.2,64.52,0,0,0,0,0.6,0.07,0.23,0,28.57,44.5,1.37,1.37,30
Léo Duarte,0,0.1,83.33,0.5,0,0,1.87,0.97,0.03,2.9,0,0.43,0,0.03,61.43,90.07,4.6,53.16,0,0.33,0,0,0.9,0.1,0.1,0,56.88,64.19,0.63,0.63,30
Valentin Eysseric,0.09,0.06,53.33,1.78,0,0.35,1.72,0.5,0.03,0.44,0,0.94,0.38,0.09,43.28,77.91,12.5,56.11,0,0,0,0,1.25,0.06,0.31,0,45.45,49.42,1.72,1.91,32
Wout Weghorst,0.5,0.81,45,3.25,0.19,0,0.75,0.25,0,1,0,0.63,0.19,0.25,18.63,69.46,6,46.15,0,0.19,0,0,0.94,0.25,0.13,0,49.43,44.33,1.63,1.75,16
Günay Güvenç,0,0,0,0,0,0,0.03,0,0,1.23,0.03,0.07,0.07,0.07,32.47,60.16,1.4,36.54,3.27,0.2,0.27,0.07,1.27,0.03,0.13,0.03,100,88.24,0.23,0,30
Emre Akbaba,0.22,0.13,48.98,1.84,0.03,0,1.09,0.47,0,0.25,0,0.28,0.13,0.13,22.31,76.19,5.84,48.61,0,0.06,0,0,0.38,0.09,0.09,0,25.93,47.27,1.19,1.03,32
Jason Lokilo,0.25,0.06,75,1.69,0,0,0.5,0.63,0,0.25,0.06,0.31,0.25,0.19,26.06,80.1,7.25,38.71,0,0.13,0,0,0.81,0.31,0.19,0,18.18,53.28,1.56,0.88,16
Mahmoud Trézéguet,0.39,0.29,34.07,3.43,0.04,0,1.54,0.57,0.04,0.29,0,0.71,0.18,0.11,28.61,82.15,11.43,47.22,0,0.18,0,0,0.89,0.14,0.21,0,28.89,43.69,1.46,0.96,28
Michy Batshuayi,0.63,0.26,55,2.11,0.11,0,0.32,0,0,0.21,0,0.05,0.11,0.05,16.32,70.65,4.53,81.82,0,0,0,0,0.58,0,0.21,0.05,44.07,42,0.47,0.95,19
Nathan Redmond,0.2,0.16,58.46,1.88,0,0,0.76,0.28,0,0.24,0,0.52,0.24,0.2,24.52,75.53,6.76,48,0,0.12,0,0,0.44,0.16,0.2,0,36.36,47.93,0.8,0.92,25
Fernando Muslera,0,0,0,0,0,0,0,0.09,0.03,0.52,0.03,0.03,0,0,33.33,78.09,0.79,50.43,2.48,0.48,0.06,0.03,0.67,0.12,0.15,0,100,87.5,0.21,0.03,33
Muhammed Şengezer,0,0,0,0,0,0,0,0.08,0,0.58,0,0,0,0,43.08,74.85,1.17,41.12,3.83,0.25,0.42,0,1.42,0.08,0.17,0,50,66.67,0.08,0,12
Sadık Çiftpınar,0.08,0,0,0.33,0.08,0,1.17,1.92,0,4.75,0.08,0.25,0,0,32.33,83.76,0.67,44.19,0,0.33,0,0,1.25,0.08,0.33,0,62.5,63,1.67,1.33,12
Willian Arão,0,0.03,58.33,0.84,0,0,1.9,1.61,0,1.26,0,0.77,0.13,0.13,44.68,87.44,8.19,73.87,0,0.16,0,0,0.87,0.06,0.13,0,50.41,51.88,0.35,0.87,31
Tayyip Talha Sanuç,0.13,0,90,0.7,0.04,0,0.7,1.3,0,2.57,0,0.26,0,0,45.65,86.57,2.52,47.86,0,0.3,0,0,0.61,0.13,0.04,0,60,60.81,0.65,0.78,23
Efecan Karaca,0.18,0.07,44.83,0.71,0.04,0,1.07,0.36,0,0.39,0,0.86,0.21,0.21,35.36,83.33,10.11,60.61,0,0.11,0,0,1.5,0.29,0.14,0,35.9,52.17,2.64,1,28
Andreas Cornelius,0.25,0.5,66.67,2.5,0.25,0,0,0,0,0.5,0,0.25,0.5,0.25,19.5,65.38,6,66.67,0,0.5,0,0,1,0.25,0,0,66.67,48.98,1,2.25,4
Mickaël Malsa,0.1,0,76.92,1,0.1,0,3.3,1.2,0,1.8,0,1.9,0.1,0,42.4,81.84,6.2,42.86,0,0.3,0,0,1.2,0.1,0.1,0,60,53.72,1.3,2.2,10
Ahmet Oğuz,0,0,62.96,0.29,0,0,2.77,2.06,0,2.06,0.03,1.23,0.1,0.1,42.52,77.62,8.16,52.22,0,0.19,0,0,1.1,0.06,0.26,0,63.83,57.64,2.1,1.9,31
Dimitris Goutas,0,0.13,62.5,0.65,0,0,1.68,1.71,0.03,4.19,0,0.32,0.13,0.06,44.29,79.46,3.23,42.91,0,0.23,0,0,1.32,0.16,0.13,0,62.81,65.38,0.68,0.58,31
Gökhan Akkan,0,0,0,0,0,0,0,0,0,1.61,0.09,0.13,0,0,29,58.02,1.22,26.34,3.57,0.17,0.17,0,1.13,0.22,0.09,0,88.89,75,0.17,0,23
Ferdi Kadıoğlu,0.09,0.06,56.58,0.72,0,0,2.09,0.88,0.06,0.91,0,0.63,0.09,0.13,53.91,85.57,15.44,53.21,0,0.19,0,0,1.03,0.13,0.16,0,42.11,58.28,1.78,0.84,32
Gustavo Henrique,0.15,0.15,0,0.54,0.08,0,0.85,1.08,0,2.38,0,0.46,0.08,0.08,46.23,86.02,2.69,49.28,0,0.54,0,0,0.77,0.08,0.23,0,70.45,52.87,0.31,1.62,13
İrfan Can Kahveci,0.15,0.04,50,1.22,0,0,1.07,0.26,0.04,0.3,0,0.59,0.26,0.07,25.11,80.09,7.44,43.86,0,0,0,0,0.67,0,0.15,0.07,57.58,47.87,1.04,1.56,27
Samet Akaydin,0.06,0.03,88.89,0.7,0.03,0,2,1.82,0,3.85,0.06,0.55,0,0,60.06,86.48,3.64,48.77,0,0.21,0,0,0.97,0.21,0.21,0,66.89,62.78,0.82,1.24,33
Alexandru Epureanu,0,0.06,100,0.65,0,0,1.59,1.24,0,3.53,0,0.59,0,0,62,87.95,6.18,60.42,0,0,0,0,1.53,0.06,0.06,0,65.52,61.11,0.59,1.18,17
Romain Saïss,0.04,0,50,0.64,0.04,0,1.2,1.08,0,3.36,0,0.28,0.08,0.04,54.36,82.19,5.56,50.81,0,0.24,0,0,0.72,0.12,0.24,0,71.57,58.67,0.44,1.72,25
Mergim Berisha,1,1,0,3,0,0,0,0,0,0,0,0,0,0,3,66.67,1,100,0,0,0,0,0,0,1,0,100,50,1,1,1
Jorge Morel,0.08,0,80,0.67,0.08,0,1.5,1.5,0,3.83,0,0.58,0,0,48.17,90.66,2.42,53.7,0,0.17,0,0,1.5,0.25,0.08,0,56.67,64.38,0.67,0.5,12
Deniz Tabak,0,0,0,0,0,0,0,0,0,0,0,0,0,0,3,66.67,0,0,0,0,0,0,2,0,0,0,0,0,0,0,1
Hamidou Traoré,0,0.33,87.5,1.33,0,0,2.67,0.33,0,0.67,0,0,0,0,43.33,73.08,7,48.15,0,0.67,0,0,0.67,0.33,0.33,0,37.5,65.52,0.33,0.67,3
Ferhat Kaplan,0,0,0,0,0,0,0,0,0,0.85,0,0.08,0,0,30.15,65.82,1.54,42.67,3.23,0.31,0.31,0,1.15,0.15,0.15,0,90,83.33,0.15,0,13
Abdülkerim Bardakcı,0.1,0.13,63.16,0.97,0.07,0,1.43,1.23,0,2.27,0.03,0.67,0.07,0.1,57.43,85.08,5.53,45.64,0,0.47,0,0,0.7,0.1,0.13,0.07,63.27,56.86,0.77,1.17,30
Majid Hosseini,0.08,0,90,0.36,0.08,0,1.6,1,0.04,2.96,0.04,0.64,0,0.04,53.64,87.7,3.6,56.1,0,0.16,0,0,1,0.32,0.24,0.04,59.15,59.15,0.24,0.76,25
Ertaç Özbir,0,0,50,0,0,0,0.09,0.06,0.03,1,0.03,0.03,0.03,0.03,37.56,85.86,0.38,52.96,3.16,0.25,0.25,0,1.16,0.22,0.13,0,100,84,0.22,0.03,32
Francisco Calvo,0.1,0.1,45.83,0.74,0.06,0,1.26,1.52,0.06,3.74,0,0.61,0.03,0,60.26,85.92,4.39,59.46,0,0.29,0,0,1.03,0.1,0.39,0,56.56,52.47,0.61,0.9,31
Melih Kabasakal,0.06,0,60,0.76,0,0,3.59,2.24,0.06,1.12,0,1.53,0.06,0,47.65,87.53,6.71,53.85,0,0.12,0,0,1.59,0.29,0.12,0,53.33,56.77,0.65,1,17
Steven Caulker,0.17,0,0,0.5,0.17,0,0.67,1.17,0,3.67,0,0,0,0,33,85.86,0.5,41.67,0,0.17,0,0,1.17,0,0,0,46.15,54.55,0.33,0.33,6
Jorman Campuzano,0.07,0,77.42,0.41,0.04,0,2.48,1.26,0,0.7,0,1.37,0.04,0,37.11,84.03,5.37,62.96,0,0.04,0,0,1.26,0.26,0.22,0,45.76,58.16,1.96,1.3,27
Haji Wright,0.54,0.46,40.85,2.86,0.21,0,0.39,0.18,0,0.36,0,0.32,0.14,0.07,13.36,70.59,3.64,20,0,0,0,0,1.32,0.18,0.04,0,47.29,40.05,1.64,2.07,28
Vitor Hugo,0.05,0,100,0.7,0.05,0,0.95,1.2,0.05,2.55,0,0.2,0,0,50.95,90.97,1.8,65,0,0.35,0,0,0.9,0.25,0.2,0,70,61.06,0.25,1,20
Marek Hamšík,0.13,0.13,77.78,1,0,0,0.74,0.48,0,0.39,0,0.52,0.09,0.09,42.96,85.93,8.87,71.3,0,0,0,0,0.78,0.09,0,0,58.33,50.7,0.22,0.39,23
Matteo Ricci,0.06,0.06,50,0.81,0,0,1.63,1,0,0.75,0,1.56,0.13,0.25,46.88,84.53,7.25,68.63,0,0,0,0,1.31,0.25,0.25,0,66.67,46.03,1.06,1.44,16
Marc Bartra,0.14,0,60,0.9,0.03,0,1.52,1.79,0.03,3.1,0,0.79,0.03,0.03,54.59,82.44,5.38,42.92,0,0.21,0,0,1.17,0.17,0.1,0.03,57.05,56.16,0.79,1.14,29
Milot Rashica,0.15,0.12,48,1.46,0,0,1.19,0.46,0,0.46,0,0.62,0.31,0.23,21.15,76.73,8.08,60.71,0,0.04,0,0,0.58,0.04,0.12,0,40,43,0.92,0.96,26
Lincoln,0,0,42.86,0.76,0,0,1.19,0.86,0,0.81,0,0.29,0.43,0.29,35.33,85.71,9.24,48.89,0,0.14,0,0,0.76,0.05,0.1,0,46.15,55.7,1.76,0.71,21
Kartal Kayra Yılmaz,0,0,40,0.46,0,0,1.27,1.19,0,0.96,0,0.92,0.12,0.08,31,83.25,6.38,60.47,0,0.04,0,0,1.15,0.04,0.12,0,43.33,50.7,0.77,0.62,26
Semih Güler,0,0.03,75,0.33,0,0,1.1,0.83,0.03,3.53,0,0.23,0,0.03,49.47,86.59,4.87,54.1,0,0.13,0,0,0.97,0.17,0.13,0,54.55,63.3,0.2,0.33,30
Tomislav Glumac,0.07,0.11,0,0.74,0.07,0,1.07,1.48,0.07,5.52,0,0.44,0,0,45.48,82.08,3.22,54.03,0,0.04,0,0,1.33,0.11,0.3,0.04,69.03,60.08,0.59,1.63,27
Güray Vural,0.13,0.03,54.17,0.97,0,1.67,2.53,1.43,0.03,1.5,0,1,0.27,0.07,43.27,80.05,7,41.89,0,0.13,0,0,1.33,0.17,0.27,0,40.54,53.51,0.6,1.13,30
Rúnar Alex Rúnarsson,0,0,100,0,0,0,0,0.03,0.07,0.63,0,0.03,0.03,0.03,34.67,77.5,0.53,39.56,3.6,0.2,0.3,0.03,1.53,0.27,0.13,0,85.71,82.35,0.2,0.07,30
Zouhair Feddal,0,0,0,0.2,0,0,1,1.4,0,5,0,0.4,0,0,47.2,83.47,2.6,39.29,0,0.4,0,0,1.2,0.4,0,0,40,42.31,0.4,1.4,5
Caner Erkin,0,0,75,0.32,0,0,0.63,1.05,0.05,1.47,0,0.84,0.37,0.37,35.79,74.71,6.84,46.49,0,0.16,0,0,1.32,0.16,0.16,0,48.28,43.96,0.42,0.95,19
Victor Nelsson,0,0.12,100,0.42,0,0,0.79,0.97,0,3.33,0,0.18,0.03,0,58,85.68,4.06,49.17,0,0.45,0,0,0.67,0.09,0.15,0,65.41,57.09,0.58,1.45,33
Sam Larsson,0.07,0.1,53.33,1.43,0.03,0,1.53,1.37,0,0.33,0,1.3,0.23,0.13,23.5,71.63,7.47,52.63,0,0.1,0,0,1.07,0.17,0.13,0,34,45.42,0.53,0.63,30
Marlos Moreno,0.08,0,62.96,1.75,0,0,2.08,0.42,0,0.08,0,1.25,0.17,0.17,22.33,79.48,7.67,54.55,0,0,0,0,1.17,0,0.25,0,35,57.83,2.5,1.08,12
Milson,0.5,0.1,35.14,1.8,0,0,1.5,0.2,0,0,0,1.3,0,0.1,13.3,70.68,5.5,16.67,0,0,0,0,0.6,0.1,0.2,0,33.33,42.31,1.5,1.2,10
Muhammet Demir,0.29,0.19,55.81,1.81,0.14,0,0.95,0.05,0,0.33,0,0.33,0.14,0,16.29,73.68,4.57,50,0,0.1,0,0,0.43,0.05,0.1,0,41.98,47.7,1.71,1,21
Cherif Ndiaye,0.67,1,46.43,2.42,0,0,0.58,0,0.08,0.75,0,0.42,0.08,0.08,14.42,82.08,5.08,77.78,0,0,0,0,1.42,0.25,0.08,0,30,46.77,2.5,1.33,12
Ibrahim Drešević,0.03,0,81.82,0.16,0,0,1.78,1.31,0,2.97,0.03,0.78,0,0,62.88,89.26,3.84,64.07,0,0.22,0,0,1.53,0.28,0.13,0,44,51.48,0.75,1.22,32
Serkan Kırıntılı,0,0,0,0,0,0,0,0,0,0.6,0.1,0,0,0,31.1,73.31,1,49.68,3.2,0.1,0.1,0,1.3,0.2,0,0,100,100,0,0,10
Jure Balkovec,0.14,0,60,0.69,0,0.43,0.97,0.31,0,1.03,0,0.38,0.14,0.03,44,82.52,7.52,56.62,0,0.14,0,0,1.17,0.14,0.14,0,63.64,62.5,0.76,0.38,29
Magomed Ozdoev,0.15,0.09,47.83,1.18,0,0,1.55,0.73,0.03,1.15,0.03,0.61,0.15,0.09,39.52,83.51,9.33,57.48,0,0.09,0,0,1.3,0.24,0.21,0,41.86,49.76,0.73,0.91,33
Ivan Cavaleiro,0.09,0,61.02,0.95,0,0,0.5,0.36,0,0.14,0,0.73,0.36,0.23,19.55,83.95,7.27,68.18,0,0,0,0,0.86,0.18,0.09,0,27.27,39.08,0.55,0.86,22
Maximiliano Gómez,0.19,0.19,61.29,1.88,0.04,0,0.15,0.35,0,0.38,0,0.35,0.15,0.12,18.73,73.31,6.27,65.38,0,0.12,0,0,0.96,0.19,0.15,0,50,48.21,1.54,1.58,26
Jonas Svensson,0,0,55,0.41,0,0,2.48,1.03,0,1.9,0,0.9,0.14,0.1,40.62,84.21,9.24,43.75,0,0.28,0,0,0.9,0.24,0.17,0,48.98,56.47,1.28,1.14,29
Campanharo,0,0,35,0.25,0,0,3.17,1.5,0,1,0,1.17,0.04,0.04,38.33,89.35,4.96,67.16,0,0.08,0,0,0.83,0.33,0.04,0,55.88,55.84,1.13,1.63,24
Deniz Türüç,0.23,0.03,42.22,1.37,0,0,1.27,0.17,0.03,0.53,0,0.73,0.17,0.07,28.1,83.27,8.33,55.7,0,0.07,0,0,0.67,0.1,0.2,0,30.23,40.41,0.97,1.43,30
Mustafa Erdilman,0,0,75,0.4,0,0,1,0.6,0,0.4,0,0.2,0.2,0.2,8,70,3,30,0,0,0,0,0,0,0,0,50,65,0.4,0.6,5
Muhammet Taha Tepe,0,0,0,0,0,0,0,0,0,0.8,0,0,0,0,20.6,54.37,1.4,40.26,2.8,0.4,0,0,0.8,0.4,0,0,0,0,0,0,5
Abdülkadir Ömür,0.07,0.1,61.11,1.21,0,0,1.24,0.59,0,0.28,0,0.76,0.1,0.1,32.28,87.61,10.03,65.96,0,0.03,0,0,0.86,0.14,0,0,32.65,50,0.76,0.38,29
David Jensen,0,0,0,0,0,0,0,0.03,0.03,0.91,0.16,0.06,0,0,32.78,63.39,1,37.48,3.81,0.22,0.34,0.09,1.41,0.38,0.13,0,92.31,80,0.13,0.03,32
Kévin Malcuit,0.05,0.05,50,0.75,0.05,0,2.45,1.25,0,2.75,0,0.35,0.3,0.1,37.25,75.17,7.05,26.67,0,0.15,0,0,1.2,0.15,0.2,0,60.53,61.08,0.65,1,20
Jackson Muleka,0.17,0.1,53.13,1.52,0.1,0,0.69,0.31,0,0.21,0,0.34,0.21,0.03,9.9,71.08,2.76,40,0,0,0,0,0.34,0.07,0.07,0,47.06,42.2,0.41,0.93,29
Mortadha Ben Ouanes,0.14,0.21,50,0.76,0,0,1.17,1.24,0.03,1.62,0,0.79,0.17,0.14,32.52,76.46,7.76,40.22,0,0.24,0,0,1.24,0.07,0.24,0.03,44.64,52.07,1.55,0.97,29
Souza,0.1,0,0,0.9,0,0,2,1.1,0,2.1,0,0.8,0,0.1,37.4,87.7,4.9,56.25,0,0.3,0,0,0.9,0.1,0.3,0.1,56.52,50.65,0.6,1.5,10
Marko Jevtović,0.14,0,40,0.81,0.05,0,1.57,2.05,0,1.67,0,0.9,0,0,41.71,82.08,5.57,41.67,0,0.14,0,0,1.24,0.05,0.24,0,67.27,55.41,0.71,1.1,21
Arda Kızıldağ,0.07,0,100,0.4,0,0,1.07,0.73,0,3.27,0,0.47,0.07,0.07,28.73,81.67,1.53,45.71,0,0.07,0,0,1.2,0.07,0.2,0,59.26,61.9,0.47,0.4,15
Yunus Akgün,0.04,0,61.7,1.2,0,0,0.36,0.16,0,0.04,0,0.48,0.2,0.08,17.64,81.86,6.32,18.18,0,0.04,0,0,0.2,0.12,0.04,0,25,48.39,0.76,0.36,25
Zé Luís,0.14,0.21,60,1.07,0.07,0,0.29,0.36,0,0.79,0,0.07,0.14,0.07,11.86,71.08,2.71,66.67,0,0,0,0,0.79,0.07,0.07,0,66.67,58.82,0.79,0.64,14
Joshua King,0.25,0.31,42.42,1.94,0.06,0,0.94,0.13,0,0,0,0.25,0.25,0.06,12.56,82.59,5.44,100,0,0,0,0,0.56,0.13,0.06,0,47.06,42.06,0.5,1.19,16
Uroš Radaković,0.05,0,75,0.5,0.05,0,1,1.45,0,3.55,0,0.55,0,0,54.45,89.57,3.18,58.25,0,0.14,0,0,1.18,0.27,0.05,0,64.89,58.55,0.23,0.73,22
Miguel Crespo,0.13,0.04,55.56,0.87,0,0,1.91,0.39,0,0.26,0,0.57,0.04,0.09,30.39,82.26,6.48,62.22,0,0.09,0,0,0.57,0,0.17,0.04,56,55.93,2.35,1.78,23
Attila Szalai,0.06,0.03,66.67,0.66,0.06,0,1.06,1.09,0.03,2.72,0.03,0.38,0.06,0.06,63.5,84.5,4.91,50.34,0,0.31,0,0,1.13,0.13,0.13,0,70.53,62.29,0.19,0.69,32
Nacer Chadli,1,0,0,3,1,0,1,0,0,0,0,2,0,0,27,74.07,9,0,0,0,0,0,0,0,0,0,0,14.29,0,1,1
Christian Atsu,0.33,0,33.33,0.67,0,33.33,0,0.33,0,0.33,0,0,0,0,6.33,84.21,0.67,66.67,0,0,0,0,0.33,0,0,0,100,66.67,0.33,0,3
Christian Luyindama,0,0,100,0.4,0,0,1.4,1.4,0,2.8,0,0.4,0,0.2,36.6,85.79,1.2,43.48,0,0.2,0,0,1.4,0,0,0,53.85,58.62,0.2,0.6,5
Mario Balotelli,0,0,50,4.5,0,0,0,0,0,0.5,0,0.5,0,0,11.5,73.91,2,50,0,0,0,0,0,0,0,0,50,40,0,0,2
Sokol Cikalleshi,0,0,50,1,0,0,3,0,0,0,0,0,0,0,7.5,66.67,1.5,0,0,0,0,0,0,0,0,0,40,66.67,0.5,0.5,2
Mehmet Feyzi Yıldırım,0,0,0,0,0,0,2,1,0,1.5,0,0,0,0,14.5,79.31,1,50,0,0,0,0,0.5,0,0.5,0,100,85.71,0.5,0.5,2
Kâzımcan Karataş,0,0,45.83,0.73,0,0,1.82,1.82,0,0.82,0,0.64,0.09,0,32.91,77.62,6.45,59.26,0,0.27,0,0,0.18,0.09,0.09,0,53.33,48.62,0.55,1.82,11
Olivier Kemen,0.11,0.04,68.18,1.04,0,0,1.41,0.63,0,0.59,0,0.48,0.22,0.15,31.15,81.81,6.22,67.71,0,0.07,0,0,1.15,0.41,0.22,0,35.9,51.29,1.41,1.56,27
Orkun Ozdemir,0,0,0,0,0,0,0.05,0,0.05,0.65,0,0.05,0,0,28.65,56.72,1.3,35.56,3.65,0,0.25,0.05,1.4,0.1,0.2,0,100,85.71,0.3,0.05,20
Ibrahim Šehić,0,0,0,0,0,0,0,0.03,0.03,0.52,0.07,0.03,0,0,35.48,80.08,0.9,50.64,2.83,0.28,0.17,0,0.97,0.07,0.1,0.03,100,80,0.14,0.03,29
Lucas Lima,0.03,0,53.33,0.41,0,0,1.21,0.62,0,1.55,0,0.66,0.1,0.07,40.97,79.12,8.93,46.26,0,0.34,0,0,0.62,0.03,0.1,0,48.72,48.76,0.59,1.1,29
Alexander Merkel,0.14,0,0,0.5,0,0,1.43,0.21,0,1,0,0.71,0.14,0.07,26.14,84.43,4.86,41.94,0,0,0,0,1,0,0.14,0,63.64,51.56,0.43,0.79,14
Erce Kardeşler,0,0,0,0,0,0,0,0,0,1.19,0.1,0.19,0,0,35.38,65.28,1.24,39.76,3.86,0.19,0.19,0,1.71,0.1,0.14,0,88.89,73.68,0.33,0,21
Omar Colley,0,0,0,0.4,0,0,0.9,1.7,0,5,0.1,0.2,0.1,0,53.2,86.84,3.4,45.1,0,0.3,0,0,0.8,0.2,0.4,0,60.47,61.25,1.4,1.1,10
Onur Bulut,0.1,0,46.51,0.59,0,1.72,1.66,1.03,0.07,1.93,0,0.86,0.14,0.14,42.66,82.13,7.24,56.2,0,0.28,0,0,0.86,0.31,0.07,0,50,51.58,0.79,0.72,29
Charis Charisis,0.04,0.04,67.35,0.65,0,0,2.58,0.88,0,0.46,0,1.15,0.12,0.04,24.77,80.9,5.92,63.29,0,0.08,0,0,1.12,0.12,0.12,0,45.71,58.09,1.62,1.08,26
Enis Bardhi,0.2,0.07,60.98,1.4,0.03,0,0.73,0.1,0,0.33,0,0.73,0,0,21.27,85.11,7.13,57.14,0,0.03,0,0,0.57,0.17,0.07,0,45.45,45.88,0.87,1.1,30
Erdal Rakip,0,0,46.67,0.27,0,0,2.27,1,0,0.53,0,1.07,0,0,22.27,77.84,4.8,40,0,0.07,0,0,0.53,0.2,0.13,0,64.58,57.67,1.47,1.53,15
Umut Bozok,0.3,0.19,57.14,1.33,0.04,0,0.56,0.07,0,0.11,0,0.3,0.07,0.04,13.19,77.53,4,53.85,0,0,0,0,0.59,0.11,0.11,0,32.61,41.06,0.74,0.89,27
Adil Demirbağ,0,0.11,16.67,0.67,0,0,1.04,1.11,0.07,2.63,0,0.52,0.04,0,58.11,90.06,2.81,60.92,0.04,0.26,0,0,1.11,0.11,0.33,0.04,54.72,53.59,0.93,1.15,27
Marlon,0,0,50,0.38,0,0,2.46,0.54,0,1.62,0,0.69,0.08,0.08,39.08,78.15,8.38,51.76,0,0.15,0,0,1.38,0.08,0.08,0.08,47.83,58,0.77,0.92,13
Aytaç Kara,0.09,0,90,1.09,0.06,0,1.16,0.94,0.03,0.72,0,0.53,0,0.03,26.16,86.62,5.59,51.32,0,0.03,0,0,1.03,0.03,0.16,0,50,56.82,0.44,0.63,32
Yonathan Del Valle,0.06,0.06,45.83,1.44,0,0,0.94,0.11,0,0.06,0,0.22,0.28,0.06,8.28,74.5,2.33,61.11,0,0,0,0,0.89,0.06,0.11,0,75,48.24,0.56,0.78,18
Adnan Januzaj,0.18,0.09,58.97,1.27,0,0,0.55,0.18,0,0.18,0,1.09,0.27,0.27,19.09,76.67,5.82,60,0,0.09,0,0,0.73,0,0.09,0.09,33.33,49.45,1.18,0.64,11
Ertuğrul Ersoy,0.09,0,100,0.65,0.09,0,1.65,0.7,0.04,4.09,0.04,0.35,0,0,31.57,81.82,1.48,34.71,0,0.09,0,0,1,0.04,0.3,0.04,50.82,59.4,0.35,0.74,23
Patrick van Aanholt,0,0,0,0.9,0,0,1.4,0.8,0,1.6,0,0.3,0,0.2,41.5,81.93,7.1,45.24,0,0.3,0,0,0.7,0.1,0.2,0,61.54,61.36,0.5,0.6,10
Papy Djilobodji,0.07,0.07,71.43,0.48,0.03,0,0.79,1.48,0.03,4.93,0,0.41,0.03,0.03,45.17,79.92,2.62,34.93,0,0.14,0,0,1.31,0.07,0.34,0.03,54.44,53.29,0.45,0.66,29
Altay Bayındır,0,0,0,0,0,0,0.08,0,0.08,0.73,0.04,0.08,0,0,26.73,68.92,1.88,37.65,2.27,0.35,0.19,0.04,1.08,0.12,0.08,0,100,80,0.31,0.08,26
Fredrik Ulvestad,0.04,0.04,75,1.11,0.04,0,1.43,0.79,0,0.5,0,0.43,0.11,0.11,27.25,79.95,6.68,54.55,0,0.07,0,0,1,0.18,0.14,0,62.69,58.17,0.96,1.14,28
Kerim Alıcı,0,0,0,0.25,0,0,1.25,1.5,0,1,0,0.5,0.25,0.25,17.5,60,1.75,14.29,0,0.25,0,0,0.5,0,0,0,57.14,39.13,0,1,4
Jovan Manev,0,0.13,40,0.63,0,0,1.13,0.88,0,3.38,0,0.13,0,0,31.13,88.35,2,58.82,0,0.13,0,0,0.63,0,0,0,78.26,62.5,0.13,0.75,8
Haris Hajradinović,0.06,0.06,44,1.15,0.03,0,1.97,0.61,0,0.27,0,0.94,0.18,0.06,26.42,74.66,8.36,54,0,0.03,0,0,1.27,0.06,0.24,0,29.73,47.13,1.12,1.73,33
Ali Sowe,0.38,0.56,50,2.28,0.06,0,0.75,0.09,0,0.63,0,0.53,0.13,0.13,20.13,75.47,5.44,72,0,0.16,0,0,1.13,0.22,0,0,32.39,36.49,1.34,1.44,32
Lucas Biglia,0,0.04,54.55,0.32,0,0,2.12,1.12,0.04,1.12,0,1.56,0.08,0,44.72,89.45,8.4,70,0,0.12,0,0,0.68,0.04,0.24,0,48.65,50.24,1.04,1.16,25
Okan Erdoğan,0,0,91.67,0.17,0,0,2.47,2.1,0.03,3.57,0,0.93,0,0.03,45.1,82.48,3.1,46.98,0,0.23,0,0,1.4,0.3,0.23,0,50.68,57.69,0.43,0.87,30
Muammer Yıldırım,0,0,0,0,0,0,0,0,0,1,0,0,0,0,24.17,68.28,0.83,36.62,3.33,0,0.17,0,1.5,0.33,0,0,50,66.67,0.17,0,6
Riad Bajić,0.41,0.29,54.55,2.38,0.09,0,0.44,0.12,0.03,0.29,0,0.09,0.09,0.06,16.26,69.8,4.62,71.43,0,0.03,0,0,1.35,0.29,0.03,0,34.91,41.39,1.32,0.62,34
Volkan Babacan,0,0,0,0,0,0,0,0,0,0.67,0.14,0.05,0,0,37.95,76.29,0.86,46.73,2.29,0.38,0.1,0,0.71,0.1,0,0,66.67,66.67,0.24,0,21
Vukan Savićević,0.04,0.08,48.78,1.15,0,0,1.31,0.23,0,0.08,0,0.73,0.23,0,23.31,72.77,6.04,55.71,0,0,0,0,0.81,0.19,0.23,0,51.61,51.79,1.19,0.77,26
Benjamin Stambouli,0.03,0,67.31,0.4,0.03,0,1.33,0.73,0,1.73,0.03,0.93,0.1,0.13,40.73,78.89,6.77,49.39,0,0.1,0,0,0.9,0.17,0.1,0.03,58.14,54.67,0.77,0.73,30
Bilal Bayazit,0,0,0,0,0,0,0.13,0.03,0.03,0.73,0.07,0,0,0,32.93,69.84,0.5,40.42,3.4,0.23,0.23,0.03,1.3,0.43,0.07,0.03,87.5,84.21,0.17,0.07,30
Mame Thiam,0.33,0.3,44.74,1.74,0.15,0,0.7,0.56,0.04,0.7,0,0.33,0.11,0.07,22.41,75.37,4.07,45.45,0,0.15,0,0,1.15,0.37,0.07,0,48.6,44.13,0.78,1.41,27
Muammer Sarıkaya,0.03,0.06,69.77,0.71,0,0,2.19,0.68,0,0.84,0,1.32,0.03,0.13,37.1,83.74,7.48,58.97,0,0.06,0,0,1.26,0.29,0.23,0,48.78,55.4,1.32,1.32,31
Mame Biram Diouf,0.32,0.36,45.45,2.14,0.18,0,0.5,0.07,0,0.57,0,0.14,0.04,0.04,9.79,62.41,2.32,50,0,0,0,0,1,0.07,0,0.04,60.4,54.5,0.5,0.79,28
Arif Kocaman,0.07,0,44.44,0.21,0.07,0,0.93,1.36,0.07,4.29,0,0.14,0,0,40.57,83.98,0.64,35.29,0,0.29,0,0,1.07,0.5,0.07,0,56.86,55.29,0.07,0.57,14
Bruno Peres,0,0.14,87.5,0.57,0,0,2,1.71,0,1.14,0,0.57,0,0,50.43,88.1,8.43,70.37,0,0.14,0,0,1.14,0.14,0.43,0,50,60.42,0.43,1.29,7
Mert Günok,0,0,100,0,0,0,0.13,0.04,0,0.61,0.09,0.04,0,0,30.57,66.29,1.3,41.65,2.35,0.3,0.09,0,0.78,0.17,0,0,83.33,85.71,0.17,0,23
Onur Ergün,0.07,0.03,50,0.63,0,0,1.7,0.77,0,1.1,0,0.77,0,0,32.57,84.03,6.53,62.5,0,0.13,0,0,0.93,0.13,0.2,0,51.28,50,0.37,1.2,30
Luan Peres,0.09,0.09,63.64,0.36,0,0,2.09,1.55,0.09,2.27,0,0.64,0,0,39.73,84.21,4.45,55.17,0,0.18,0,0,0.82,0.09,0.09,0.09,88.24,65.75,0.27,1,11
Gökhan Inler,0.07,0,75,0.75,0,0,0.64,0.25,0,0.36,0,0.57,0.04,0.11,28.71,89.05,6.57,76.39,0,0.04,0,0,0.46,0.04,0.07,0,58.33,47.71,0.43,0.86,28
Max Gradel,0.23,0.1,49.11,1.47,0.03,0,1.2,0.23,0,0.2,0,1.13,0.27,0.17,25.23,74.77,7.73,54.39,0,0,0,0,1.27,0.17,0.1,0.03,36.67,44.13,1.73,1,30
Lionel Carole,0,0,59.09,0.26,0,0,0.96,1.78,0,2.39,0.04,0.35,0.04,0.04,49.43,81.79,6.43,59.63,0,0.26,0,0,1.04,0.39,0.17,0,61.22,56.79,1.22,1.17,23
Fredy,0.12,0.08,68.75,1.62,0,0,1.85,0.58,0,0.54,0,0.92,0.19,0.08,21.62,73.13,4.69,39.22,0,0.04,0,0,0.96,0.12,0.19,0.04,37.5,48.89,0.85,1.19,26
Léo Dubois,0.05,0,33.33,0.52,0,0,0.86,0.57,0,1.38,0,0.48,0.1,0.05,22.33,83.58,6.38,47.5,0,0.19,0,0,0.29,0.05,0.05,0,54.55,52.63,0.71,0.29,21
Valon Ethemi,0.4,0.1,38,1.77,0.03,1.11,0.93,0.33,0,0.27,0,0.53,0.37,0.13,21.5,70.39,7.2,43.14,0,0.03,0,0,1.23,0.37,0.2,0,36.36,42.12,1.23,0.83,30
Ömer Ali Şahiner,0.04,0,50,0.26,0,0,2.11,0.59,0,2.19,0.04,0.78,0.04,0.04,39.78,81.94,8.11,53.9,0,0.11,0,0,0.67,0.07,0.11,0.04,46.67,54.35,0.52,0.74,27
Caner Osmanpaşa,0.09,0,37.5,0.48,0.04,0,1.48,2.3,0,3.04,0,0.26,0.04,0,33.13,79.53,0.65,31.76,0,0.17,0,0,1.22,0.26,0.13,0,62.92,59.88,0.43,0.61,23
Juan Mata,0.19,0.13,20,0.75,0.06,0,0.19,0.06,0,0,0,0.19,0,0.06,16.81,86.25,6.44,69.23,0,0,0,0,0.13,0.13,0.06,0,0,40,0.38,0.19,16
Wilson Eduardo,0.25,0.13,50,1.19,0,0,0.63,0.06,0,0.5,0,0.13,0.13,0.06,9.56,79.74,2.63,57.14,0,0,0,0,0.63,0.31,0.13,0,34.48,39.71,0.25,0.88,16
Danijel Aleksić,0.27,0.03,50,1.4,0,0,0.6,0.07,0,0.67,0,0.87,0.03,0.03,20.1,83.42,4.73,70.83,0,0.07,0,0,0.67,0.1,0.17,0,44,38.61,0.43,0.7,30
Bengali-Fodé Koita,0.21,0.29,50,1.79,0.07,0,0.29,0,0,0.5,0,0.07,0,0.07,18.79,79.09,6.57,62.5,0,0,0,0,0.71,0.07,0.29,0,55.07,51.33,1.57,0.86,14
Oğuz Gürbulak,0.04,0.07,62.5,0.79,0,0,1.64,0.86,0.04,1,0,1,0.14,0.11,29.71,80.89,5.57,64.95,0,0,0,0,0.86,0.11,0.25,0,51.61,44.44,0.57,1.82,28
Sofiane Feghouli,0,0,66.67,0.78,0,0,0,1,0,0.11,0,0.22,0.11,0.11,20.67,85.48,4.78,55,0,0,0,0,0.56,0,0.11,0,0,27.78,0.33,0.44,9
Emrah Başsan,0.08,0.04,39.29,1.19,0,0.77,0.73,0.23,0.04,0.27,0,0.69,0.15,0.15,18.69,82.92,5.54,69.23,0,0.04,0,0,0.81,0.27,0.04,0,55.56,53.37,1.81,0.5,26
Miguel Cardoso,0.23,0.16,39.06,1.77,0.03,0,0.94,0.39,0,0.55,0,0.84,0.16,0.19,23.06,78.74,5.94,52.27,0,0,0,0,1.1,0.45,0.26,0,35.06,37.9,1.23,1.52,31
Ahmed Hassan,0.42,0.46,45.45,2.25,0.13,0,0.67,0.21,0,0.67,0,0.38,0.08,0.04,18.25,75.57,3.13,68.42,0,0.04,0,0,1.54,0.21,0.08,0,39.76,40.34,0.5,1,24
João Figueiredo,0.29,0.18,43.28,2.09,0,0,0.32,0.21,0,0.56,0,0.79,0.12,0.03,17.41,75.17,4.68,63.64,0,0.03,0,0,1.03,0.03,0.15,0,34.68,37.54,1.53,1.47,34
Furkan Bayır,0.03,0,66.67,0.41,0.03,0,1.53,1.56,0.06,4.22,0.06,0.47,0.03,0,62.72,88.54,5.31,52.51,0,0.16,0,0,1.69,0.28,0.19,0,61.48,52.24,0.44,2,32
Mehmet Yeşil,0.03,0,100,0.3,0.03,0,1.06,1.58,0,5.42,0,0.33,0.03,0,30.42,75.8,1.36,36.76,0,0.12,0,0,1.24,0.36,0.12,0,60.53,65.54,0.39,0.36,33
Florian Loshaj,0,0,57.14,0.88,0,0,0.88,0.13,0,0.38,0,0.25,0.13,0.13,14,77.68,2.88,61.54,0,0,0,0,0.75,0.25,0.13,0,50,52.78,0.63,0.75,8
Ömer Toprak,0.04,0.09,80,0.48,0.04,0,0.96,0.83,0,3.17,0.04,0.26,0,0,46.3,83.57,1.83,36.15,0,0.17,0,0,0.96,0.17,0.09,0,71.43,71.79,0.61,0.26,23
Furkan Soyalp,0.04,0.08,43.75,1.19,0.04,0,1.69,0.96,0,0.58,0,1.65,0.23,0.23,20.04,75.62,3.81,48.08,0,0.04,0,0,0.69,0.08,0.27,0,43.33,44.72,0.96,1.38,26
Isaac Cofie,0.13,0,66.67,0.73,0.13,0,1.27,0.8,0,1.33,0,1.2,0,0,27.07,84.98,3.13,69.44,0,0.2,0,0,0.73,0,0.13,0,42.31,46.81,0.53,0.6,15
Gökhan Töre,0.17,0.17,33.33,0.5,0,0,0.17,0.17,0,0,0,0,0,0,11.83,87.32,4.33,100,0,0,0,0,0.33,0,0,0,0,35.29,0.5,0.5,6
Sam Adekugbe,0,0,60,0.21,0,0,1.17,1.04,0,1.42,0,0.13,0.13,0.04,38.88,84.78,7.46,62.86,0,0.17,0,0,1.29,0.08,0.25,0,54.69,58.44,0.63,0.75,24
Bafetimbi Gomis,0.35,0.35,75,1.39,0.13,0,0.22,0,0,0.22,0,0.09,0.04,0,5.39,68.55,1.91,50,0,0,0,0,0.17,0.09,0.04,0,45.71,44.78,0.13,0.43,23
Manolis Siopis,0,0,80,0.43,0,0,1.6,0.7,0,0.33,0,1.03,0,0,41.47,88.83,8.53,77.45,0,0.13,0,0,1.13,0.13,0.1,0,40.82,58.94,1.83,0.73,30
Berkan Kutlu,0,0,60,0.17,0,0,1.46,0.79,0,0.54,0,0.33,0,0,20.04,80.46,3.42,36.36,0,0.08,0,0,0.25,0.04,0.17,0,68.97,62.81,0.63,0.63,24
Jetmir Topalli,0.18,0.18,50,1.36,0,0,0.54,0.25,0.04,0.46,0,0.39,0.21,0.11,18.36,72.57,5.64,61.11,0,0.04,0,0,1.11,0.29,0.11,0,36.99,43.35,0.93,0.86,28
Ghayas Zahid,0.07,0.04,57.14,0.64,0,0,0.54,0.25,0,0.21,0,0.32,0.25,0.07,24.46,86.86,8.71,81.25,0,0.04,0,0,0.79,0.07,0.04,0,21.43,40.15,0.43,0.39,28
Ahmed Touba,0,0,50,0.21,0,0,1,1.29,0.08,3.04,0,0.33,0,0,58.75,88.44,4.75,54.88,0,0.17,0,0,0.79,0.04,0.13,0.04,48.44,51.68,0.71,1.08,24
Rayyan Baniya,0.08,0.08,53.85,0.44,0,0,1.8,1,0,3.64,0,0.4,0.04,0,57.36,86.89,1.2,46.2,0,0.2,0,0,1.36,0.28,0.16,0,70.83,63.1,0.8,1.16,25
Veysel Sarı,0.06,0.1,40,0.52,0.06,0,2.06,0.97,0.03,3.13,0.03,0.42,0.06,0.03,46.74,80.95,3.48,39.43,0,0.23,0,0,1.29,0.16,0.16,0,57.69,61.76,0.71,0.94,31
Bernard Mensah,0.19,0.07,57.38,1.74,0.04,0,1.22,0.56,0,0.74,0.04,0.52,0.15,0.11,36.74,87.9,6.81,70.93,0,0.04,0,0,1.07,0.44,0.26,0,46.67,46.07,1.52,1.96,27
Emre Taşdemir,0.2,0,16.67,0.6,0.2,0,0.6,0.4,0,1.8,0,0.2,0,0,23.6,82.2,7.2,61.54,0,0.2,0,0,0.8,0,0,0,40,42.86,0.6,0.6,5
Bersant Celina,0.06,0.11,54.29,1.28,0,0,0.83,0.28,0,0.5,0,0.5,0.22,0.06,21.11,82.11,7.33,62.5,0,0,0,0,0.83,0,0.06,0,36.36,51.14,0.39,0.17,18
Diego Rossi,0.12,0.15,60.76,1.06,0,0,0.42,0.36,0,0.18,0,0.48,0.12,0.15,19.94,86.17,7.88,60,0,0,0,0,0.52,0.06,0,0,44,47.87,0.52,0.36,33
Mustapha Yatabaré,0.22,0.37,50,1.85,0.07,0,0.89,0.33,0,0.59,0,0.48,0.04,0.04,20.85,63.59,5.07,25,0,0.04,0,0,0.85,0.15,0.11,0.04,51.79,46.49,1,1.63,27
Emeka Eze,0.27,0.2,54.93,1.87,0.07,0,0.93,0.27,0.07,1.2,0,0.6,0.27,0.13,15.33,57.83,3.07,37.5,0,0.07,0,0,1,0.4,0.2,0,27.78,39.79,2.07,1.8,15
Allyson,0,0,75,0.33,0,0,1.27,1.67,0.07,3,0,0.27,0,0,47.33,88.31,3,60.71,0,0,0,0,1.6,0.2,0.07,0.07,46.51,62.39,1.73,0.93,15
Atakan Çankaya,0,0.05,66.67,0.25,0,0,1.7,0.95,0.05,2.8,0,0.55,0,0,32.05,81.9,1.55,32.65,0,0.2,0,0,0.75,0.05,0.2,0,36.11,59.69,1.25,0.7,20
Eduart Rroca,0.13,0.17,45.71,0.87,0.04,0,1.7,0.65,0,0.91,0,0.83,0.09,0.17,33.09,76.87,8.17,48.28,0,0,0,0,1.17,0.22,0.35,0.04,38,48.12,1.78,1.74,23
Florent Hadergjonaj,0.12,0,58.33,0.32,0,0,1.44,1.36,0,1.48,0,0.72,0.12,0.04,30.84,71.47,7,39.88,0,0.24,0,0,1.4,0.08,0.12,0,48.28,58.21,0.56,0.28,25
Fredrik Gulbrandsen,0.09,0.04,50,0.96,0,0,0.26,0.26,0,0.22,0,0.48,0.26,0.13,6.57,79.47,1.87,100,0,0.04,0,0,0.3,0.17,0.13,0,40,36.96,0.43,0.65,23
Bertrand Traoré,0.17,0.08,37.04,1.67,0,0,0.67,0.42,0,0.17,0,0.17,0.08,0.08,19.92,78.24,7,60,0,0.08,0,0,0.83,0,0.08,0,22.22,46.58,1.17,0.33,12
Emre Gökay,0.33,0,50,1.67,0,0,0.67,0.33,0,0,0,0.33,0,0,7,66.67,3.67,100,0,0,0,0,1,0,0,0,0,50,0.33,0,3
Stefano Denswil,0.05,0,50,0.32,0.05,0,0.68,0.63,0.05,1.79,0,0.16,0,0,39.42,90.52,3.11,57.41,0,0.32,0,0,0.74,0.21,0.11,0,67.74,61.64,0.53,0.68,19
Bruma,0,0,100,1,0,0,0,0,0,1,0,0,0,0,7,85.71,4,0,0,0,0,0,1,1,0,0,0,100,0,0,1
Oguzhan Efe Yilmaz,0,0,0,0,0,0,1,1,0,0,0,0,0,0,2,50,0,0,0,0,0,0,0,0,0,0,0,66.67,1,1,1
Francisco Montero,0,0,100,0.33,0,0,1.67,1,0,3,0,0,0,0,47.67,88.81,4.67,56.52,0,0,0,0,1.67,0.33,0,0,50,77.78,1.33,0.33,3
Berkay Vardar,0,0,50,0.6,0,0,2,1.8,0,1.2,0,0,0,0,15.8,77.22,1.6,44.44,0,0,0,0,0.4,0.4,0.4,0,33.33,57.14,1.8,1.6,5
Recep Burak Yılmaz,0,0.1,100,0.2,0,0,1.6,0.7,0,4.3,0,0.5,0,0,44.7,90.83,2.6,50,0,0.3,0,0,1.5,0,0.1,0,62.5,61.11,0.5,1,10
Tarkan Serbest,0,0,100,0,0,0,0.64,0.91,0,2.36,0,0.36,0,0,32.82,86.7,1.82,50,0,0.18,0,0,1,0.09,0.09,0,47.06,51.52,0,0.18,11
Mustafa Eser,0,0,75,0.18,0,0,1.18,1.27,0,2.91,0,0.45,0,0,33,85.67,2.09,60.87,0,0,0,0,1.64,0,0.18,0,52.94,56,0,0.64,11
Eren Elmalı,0,0.03,47.46,0.36,0,0,1.61,1.36,0,1.48,0,0.27,0.15,0.09,42.64,84.86,7.24,48.57,0,0.3,0,0,1.24,0.21,0.24,0,56.06,59.52,1,0.52,33
Soner Dikmen,0.16,0.34,44.44,1.28,0.06,0,1.34,1.06,0,0.63,0,0.94,0.03,0.03,34.13,87,4.72,68.07,0,0.09,0,0,0.97,0.06,0.09,0,46.88,50,1.03,0.75,32
Aaron Appindangoyé,0,0,100,0.44,0,0,0.67,1.28,0,2.78,0,0.17,0,0,38.72,79.63,1.89,37.86,0,0.11,0,0,1.17,0.06,0.06,0,62.9,59,0.33,0.61,18
Uğurcan Çakır,0,0,0,0,0,0,0.03,0,0,0.61,0.03,0,0,0,28.13,59.06,1.71,37.21,2.65,0.35,0.19,0,1.32,0.23,0.1,0,100,100,0.1,0,31
Leke James,0.21,0.14,50,1.5,0,0,0.21,0.21,0,0.29,0,0.21,0,0,10.79,72.19,2.93,50,0,0,0,0,0.86,0,0,0,44.23,39.62,0.5,0.93,14
Tayfur Bingöl,0.07,0.03,53.33,0.7,0,0,0.73,0.3,0,0.53,0,0.1,0.2,0.07,17.97,85.16,4.57,51.43,0,0.1,0,0,0.3,0.13,0.07,0,51.43,50.72,0.47,0.43,30
Jimmy Durmaz,0,0.08,57.89,1.23,0,0,1,0.46,0,0.38,0,1,0,0,42.85,83.12,8.62,72.31,0,0.08,0,0,1.38,0.23,0.15,0,25,47.25,1.31,0.77,13
Olarenwaju Kayode,0.27,0.45,33.33,1.64,0,0,0.55,0.09,0,0.27,0,0.73,0.09,0,10,77.27,2.45,33.33,0,0,0,0,1,0,0.18,0,62.5,43.1,1,0.64,11
Erdoğan Yeşilyurt,0.1,0.1,41.54,2,0.07,0,0.8,0.43,0,0.7,0,0.73,0.17,0,27.3,74.85,8.17,39.06,0,0.1,0,0,1.27,0.1,0.13,0.03,44.44,49.1,1.4,0.83,30
Burak Öksüz,0.09,0,100,0.27,0,0,0.55,1,0,4.27,0,0,0,0,37.27,81.22,1.82,41.27,0,0.18,0,0,1.64,0.09,0.18,0,56,50.98,0.45,1.09,11
Geraldo,0.03,0.1,49.47,1.24,0,0,1.14,0.21,0,0.03,0,0.76,0.24,0.14,19.62,70.47,6.62,41.86,0,0,0,0,1.28,0.1,0.17,0,43.59,50.98,2.03,1.07,29
Emiliano Viviano,0,0,100,0,0,0,0.06,0,0,1.12,0,0.06,0,0,35.76,70.89,0.65,42.46,2.76,0.24,0.24,0.06,1.53,0.24,0.24,0,100,88.89,0.12,0.06,17
Ali Karimi,0.1,0,58.62,0.9,0,0,1.4,0.7,0,0.8,0.05,0.3,0.1,0,31.9,81.35,6.5,53.25,0,0.05,0,0,0.55,0.3,0.1,0.05,38.3,46.71,0.4,1.15,20
Emre Kılınç,0.07,0.1,46.67,1.1,0,0,1.17,0.6,0,0.37,0,1.2,0.17,0.07,25.87,72.68,7.73,55.56,0,0,0,0,0.9,0.2,0.13,0,37.5,43.02,1.23,0.97,30
Ermir Lenjani,0,0.06,50,0.39,0,0,0.56,0.78,0.06,1.44,0,0.17,0.11,0.11,22.06,73.55,4.17,38.1,0,0,0,0,1.22,0.17,0,0,78.57,61.54,0.67,0.72,18
Ali Şaşal Vural,0,0,100,0,0,0,0.03,0.03,0,0.53,0.03,0.1,0.03,0,27.97,63.89,1.37,44.72,2.63,0.23,0.13,0,1.3,0.13,0.03,0,100,88.46,0.27,0,30
Helton Leite,0,0,0,0,0,0,0,0,0,1.29,0.12,0,0,0,28.18,70.77,0.88,38.25,2.76,0.24,0.18,0.06,1.35,0.18,0,0,100,100,0.18,0,17
Valentin Rosier,0.04,0.04,45.9,0.48,0,0,1.96,0.81,0,1.59,0,0.7,0.19,0.11,38.59,82.63,7.52,50.34,0,0.19,0,0,0.78,0.22,0.22,0.04,50,48.95,0.74,0.96,27
Ángelo Sagal,0.13,0,57.89,1.13,0,0,0.53,0.6,0.07,0.87,0,0.6,0,0,18.4,75,4.53,45,0,0,0,0,0.87,0,0.13,0.07,42.86,45.61,1.4,0.93,15
Rúben Ribeiro,0,0,66.67,0.79,0,0,1.68,0.63,0,0.47,0,0.63,0.11,0.05,46.95,89.91,9.32,65.88,0,0.05,0,0,1.21,0.05,0.21,0.05,37.5,50.66,1.58,1.26,19
Daniel Candeias,0.04,0.07,45.45,0.52,0,0,1.7,0.22,0,0.96,0,0.74,0.37,0.11,26.37,71.21,7.22,41.89,0,0,0,0,1.33,0.15,0.19,0,48.39,48.24,0.41,1.04,27
Jesse Sekidika,0.08,0.08,55,1.38,0,0,0.92,0.77,0,0.54,0.08,0.92,0.54,0.08,16,77.4,4.54,65.22,0,0,0,0,1.23,0,0.08,0,64.29,45.88,0.54,0.85,13
Faruk Can Genç,0.08,0,0,0.08,0,0,1,1,0,1.85,0,0.69,0.08,0.08,16.23,80.09,3.15,50,0,0.15,0,0,0.31,0.08,0.23,0,55.56,47.73,0.23,0.38,13
Kerim Frei,0.17,0,57.14,0.28,0.06,0,0.56,0.39,0,0.17,0,0.44,0.06,0,11.33,85.78,4.06,66.67,0,0.06,0,0,0.39,0.06,0,0,12.5,49.32,0.5,0.22,18
Ayoub El Kaabi,0.38,0.71,27.78,2.67,0,0,0.71,0.43,0,1.1,0,0.81,0.33,0.14,21.95,74.4,5.19,54.17,0,0.14,0,0,1.62,0.1,0.14,0,41.18,37.21,0.43,0.62,21
Antonio Mršić,0.2,0.03,57.14,0.83,0,0,0.67,0.33,0,0.63,0,0.73,0.17,0.07,12,66.67,2.23,59.65,0,0,0,0,0.63,0.03,0.1,0,63.04,44.52,0.53,0.97,30
Görkem Sağlam,0.03,0.03,65,0.83,0,0,0.86,0.48,0,1.31,0,0.9,0.1,0,33.66,82.07,7.86,58.06,0,0.1,0,0,1.24,0.17,0.1,0,35,41.71,0.48,0.86,29
Barış Alper Yılmaz,0.16,0.04,45,1.28,0.04,0,0.76,0.12,0,0.32,0,0.36,0.04,0.08,11.16,75.99,4,54.55,0,0,0,0,0.2,0,0.2,0,42.37,39.47,0.52,1.44,25
Artem Dzyuba,0.25,0,0,0.75,0,0,0,0,0,0,0,0,0,0,9.5,76.32,2.25,50,0,0,0,0,1,0,0.25,0,64.29,62.5,0.25,0.25,4
Emre Mor,0.07,0.07,60.61,1.25,0,0,0.86,0.39,0,0.14,0,0.46,0.21,0.07,15.36,77.91,5.18,68.42,0,0,0,0,0.64,0.07,0.14,0,41.67,54.7,1.39,0.43,28
Robin Yalçın,0.05,0.09,62.5,0.82,0,0,1.95,0.55,0.09,0.55,0,0.64,0.05,0.05,26.32,82.9,4.95,69.62,0,0,0,0,0.73,0.23,0.27,0,60.87,59.72,0.86,0.95,22
Birkir Bjarnason,0,0.22,100,1,0,0,0.11,0.11,0,0.11,0,0.22,0.11,0.22,7.22,69.23,2,0,0,0,0,0,0.11,0.11,0,0,62.5,57.14,0.44,0.11,9
Mert Hakan Yandaş,0,0,58.33,0.67,0,0,0.73,0.33,0,0.2,0,0.8,0.07,0.07,24.6,85.09,8.2,66.67,0,0,0,0,0.4,0.07,0.33,0,40,44.58,0.73,0.93,15
Zymer Bytyqi,0,0.11,39.13,1.26,0,0,0.53,0.42,0,0.42,0,0.21,0.37,0.05,21.37,81.53,6.16,53.33,0,0.11,0,0,0.74,0.11,0.11,0,0,37.08,0.26,0.26,19
Hayrullah Bilazer,0,0.03,40.63,0.42,0,0,2.06,1.26,0.03,1.9,0,1,0.1,0.06,30.87,75.13,7.74,48.03,0,0.16,0,0,1.42,0.35,0.23,0,55.84,52.83,0.65,0.94,31
Leroy Fer,0.03,0.1,61.76,0.63,0.03,0,1.93,0.63,0,1.6,0,0.53,0.07,0.07,47.9,90.33,6.1,66.36,0,0.07,0,0,1.7,0.2,0.3,0.03,70.31,55.43,0.7,1.5,30
Abdullah Durak,0,0,66.67,0.33,0,0,2,0,0,0.33,0,1.33,0,0,39,91.45,8,57.14,0,0,0,0,1,0,0,0,50,50,0,1,3
Erhun Öztümer,0,0,100,0,0,0,0.25,0,0,0,0,0,0,0,4.5,100,2.25,100,0,0,0,0,0,0,0,0,0,71.43,0.75,0,4
Dorukhan Toköz,0,0,33.33,0.5,0,0,0.67,1.5,0,0.33,0,0.5,0,0,26.83,82.61,3.83,58.82,0,0.33,0,0,0.33,0.33,0.17,0,100,45.83,0.5,1,6
Babajide David Akintola,0.21,0.1,47.89,1.38,0.07,0,0.59,0.17,0,0.62,0,0.38,0.1,0.03,16.45,80.29,5.34,61.11,0,0,0,0,0.52,0.14,0.1,0.03,48.57,43.9,0.76,0.97,29
Lamine Diack,0.08,0.08,76.19,0.5,0,0,1.77,1.15,0,0.69,0,1.08,0.04,0,26.27,87.12,3.88,72.97,0,0.04,0,0,0.88,0.12,0.27,0,44.44,47.12,0.62,1.73,26
Jean Evrard Kouassi,0.18,0.24,48.39,1.35,0,0,0.47,0.18,0,0.24,0,0,0.06,0.06,12.35,70.48,3,33.33,0,0.06,0,0,1.06,0.18,0.06,0,21.74,48.51,1.24,0.59,17
Saba Lobjanidze,0.1,0.16,50.79,1.39,0,0,0.42,0.26,0.03,0.19,0,0.9,0.42,0.19,16.97,82.89,6.26,70.59,0,0.03,0,0,1.32,0.13,0,0,20,37.24,0.26,0.29,31
Kaan Kanak,0.06,0.06,64.29,0.81,0,0,0.63,1,0,1.06,0,0.13,0.06,0,15.94,72.94,3.63,21.21,0,0.13,0,0,0.94,0,0.19,0,33.33,55.56,0.5,0.38,16
İrfan Can Eğribayat,0,0,100,0,0,0,0,0,0,0.75,0,0.25,0,0,26.38,65.88,0.75,41.67,2.88,0.13,0.25,0,1.25,0.13,0.25,0,100,66.67,0.13,0,8
Stéphane Bahoken,0.15,0.27,64.71,1.73,0.04,0,0.5,0.12,0,0.62,0,0.38,0.12,0.08,11.81,77.52,3.27,20,0,0.12,0,0,1.23,0.04,0.12,0,34.44,35.32,0.62,1.46,26
Andrea Bertolacci,0.05,0.05,50,0.48,0,0,0.48,0.29,0,0.43,0,0.48,0.1,0.14,27.24,79.72,6.48,46,0,0,0,0,0.71,0.1,0.29,0,50,51.96,1.48,0.95,21
Murat Paluli,0,0,44,0.05,0,0,1.65,1.25,0.05,1.1,0,0.6,0,0,32.4,80.56,4.8,47.37,0,0.25,0,0,0.8,0.2,0,0,33.33,48.46,0.4,0.6,20
Mounir Chouiar,0.09,0.13,52.76,1.63,0.03,1.04,0.88,0.75,0.03,0.34,0.03,0.63,0.09,0.16,22.88,78.14,7.47,63.64,0,0.03,0,0,0.75,0.03,0.06,0,62.16,46.75,0.81,0.88,32
Ebrima Colley,0.04,0.04,48.84,0.85,0,0,0.67,0.7,0,0.22,0,0.48,0.26,0.22,16.78,77.26,4.26,44,0,0,0,0,0.78,0.22,0.11,0.04,35.29,45.75,0.93,0.85,27
Mickael Tirpan,0,0,70.83,1,0,0,1.96,2.04,0,1.48,0,0.83,0.09,0.04,37.91,77.52,7.22,42.39,0,0.13,0,0,1.57,0.09,0.39,0,49.18,46.51,1.22,2.52,23
Erdem Canpolat,0,0,0,0,0,0,0,0.1,0,0.3,0,0,0,0,25.9,64.09,1,34.51,2.9,0.1,0.4,0,1.8,0.2,0.1,0,0,100,0,0,10
Alaaddin Okumuş,0,0,50,0.07,0,0,0.71,0.43,0,0.71,0,0.5,0.21,0.14,18.71,73.66,4.43,35.71,0,0.07,0,0,0.71,0,0,0,60,47.83,0.14,0.57,14
Kamil Ahmet Çörekçi,0,0,66.67,0.24,0,0,2.18,0.71,0,1.59,0,0.65,0.18,0.06,43.41,80.89,7.82,50.48,0,0.12,0,0,1.53,0.12,0.29,0,37.5,54.78,0.35,0.65,17
Jean-Philippe Gbamin,0,0,66.67,0.37,0,0,1.53,0.58,0,0.79,0,0.37,0,0,35.84,84.88,6.42,65.75,0,0.16,0,0,0.74,0.11,0.21,0,54.29,52.27,0.58,1.26,19
Patryk Szysz,0.12,0.04,50,0.64,0,0,0.68,0.44,0,0.24,0,0.84,0.24,0.16,11.36,77.46,3.64,66.67,0,0.08,0,0,0.48,0.04,0.04,0,53.33,43.36,0.4,0.28,25
Naci Ünüvar,0.13,0,62.5,1.38,0,0,0.63,0.25,0,0,0,1.13,0.13,0.13,17,88.97,6,60,0,0,0,0,1,0,0,0.13,66.67,35.9,0.25,0.75,8
Kenan Karaman,0,0,0,1,0,0,0,0,0,0,0,0.5,0,0,6,66.67,0,0,0,0,0,0,0.5,0.5,0,0,100,75,1,0,2
Sergen Piçinciol,0,0,100,0,0,0,1.8,0.2,0,1.8,0,0,0,0,21.6,79.63,2,28.57,0,0.2,0,0,1.2,0.2,0.2,0,50,57.58,0.4,1,5
Muhammed Alperen Uysal,0,0,0,0,0,0,0.1,0,0,1.1,0.3,0,0,0,35,71.43,0.5,40.85,2.9,0.2,0.1,0,1.3,0.2,0.1,0,0,100,0.1,0,10
Samba Camara,0,0,100,0,0,0,2.18,0.91,0,1.91,0.09,0.18,0,0,25.27,79.14,1.55,48.15,0,0,0,0,0.91,0,0.09,0,66.67,68.57,0.64,0.82,11
Serdar Gürler,0.19,0.1,40,1.35,0.1,0,0.61,0.39,0,0.61,0,0.39,0.1,0.1,21.39,84.31,8.03,50,0,0,0,0,0.55,0.06,0.1,0,32.26,41.92,1.26,0.81,31
Uğur Çiftçi,0,0,45.45,0.3,0,0,1.83,1,0,1.65,0,0.61,0.22,0.17,32.17,75.81,6.52,28.04,0,0.22,0,0,1.09,0.09,0.13,0.04,50,51.02,0.61,1.26,23
Simon Deli,0,0.1,0,0.5,0,0,0.7,1,0,3.2,0,0.1,0.1,0,35.5,80.85,1.1,41.51,0,0.2,0,0,0.7,0.5,0.1,0.1,42.31,47.37,0,0.2,10
Ertuğrul Taşkıran,0,0,0,0,0,0,0.06,0,0,1,0,0.06,0,0,30.11,65.31,0.89,36.49,2.78,0.22,0.06,0,1.72,0.06,0.06,0,100,91.67,0.28,0.06,18
Miha Zajc,0.13,0.09,60.47,1.09,0,0,0.43,0.48,0,0.17,0,0.74,0.09,0.17,35.43,88.96,9.04,71.93,0,0.09,0,0,0.65,0.13,0.17,0,77.78,46.1,0.65,0.87,23
Philippe Keny,0.15,0.19,38.46,0.92,0.04,0,0.46,0.15,0.04,0.42,0,0.15,0.04,0.04,9.88,65.37,2.42,75,0,0.04,0,0,0.65,0.04,0.04,0,59.78,52.54,0.65,0.65,26
Efthymios Koulouris,0.3,0.2,61.54,1.1,0,0,0.4,0.2,0,0.7,0,0.2,0,0,12.8,76.56,2.6,100,0,0,0,0,0.8,0.3,0.1,0,36,40,0.3,0.9,10
Fredrik Midtsjø,0.05,0,53.85,0.29,0,0,0.71,0.33,0,0.19,0,0.24,0.14,0.1,17.67,81.94,4.67,72.22,0,0,0,0,0.29,0.05,0.14,0,58.33,51.32,0.48,0.62,21
Oğuz Aydın,0.04,0.07,40.48,1.07,0,0,0.57,0.18,0,0.21,0,0.46,0.21,0.04,17.14,78.33,6.64,60.61,0,0,0,0,0.93,0.18,0.07,0,33.33,35.9,0.25,0.54,28
Taylan Antalyalı,0.1,0.03,56.52,0.84,0,0,0.81,0.68,0,0.65,0,1,0.13,0.13,29.1,77.38,7.35,60,0,0,0,0,0.87,0.19,0.1,0,37.14,45.69,1.26,0.71,31
Ezgjan Alioski,0.06,0,33.33,0.41,0,0,1.06,0.47,0,0.29,0,0.41,0.06,0,27.76,84.75,7.06,50,0,0.06,0,0,0.59,0,0.06,0,37.04,51.92,1.41,0.71,17
Pedrinho,0,0.04,42.11,0.79,0,0,0.75,0.14,0,0.57,0,0.39,0.11,0.04,23.11,83.31,4.89,73.27,0,0,0,0,0.61,0.07,0.04,0,50,45.16,0.64,0.89,28
Onur Ayık,0.07,0.13,50,0.77,0,0,0.57,0.47,0,0.6,0,0.13,0.03,0,13.97,78.04,4.13,47.06,0,0,0,0,0.9,0.03,0.07,0,54.17,57.59,1.2,0.5,30
Bahadır Han Güngördü,0,0,0,0,0,0,0,0,0,0.86,0,0,0,0,24.71,71.39,0.86,41.46,2.64,0.14,0.21,0,1.29,0.14,0.14,0,100,100,0.07,0,14
Kévin Soni,0,0.33,100,1,0,0,0,0,0,0,0,0,0.33,0.33,9.67,82.76,3,100,0,0,0,0,1,0,0,0,0,31.25,0.33,1.33,3
Arif Boşluk,0,0,87.5,0.33,0,0,2.17,1,0,0.67,0,1.5,0,0,21,72.22,4,50,0,0,0,0,0.5,0.33,0,0,40,54.35,0.17,0.33,6
Bruno Paz,0.04,0,55.56,0.39,0,0,1.18,0.32,0,0.5,0,0.57,0.04,0.07,23.89,86.85,4.75,64,0,0.04,0,0,0.57,0.04,0.18,0,41.94,48.77,0.82,0.89,28
Necip Uysal,0,0,50,0.14,0,0,1,0.62,0,1.43,0,0.43,0,0,19.62,88.59,1.95,63.46,0,0.05,0,0,0.38,0.14,0.1,0,53.85,51.81,0.33,0.81,21
Uğurcan Yazğılı,0.07,0,100,0.29,0.07,0,0.43,1.21,0,3,0,0.36,0.07,0,29.93,85.68,1.43,47.17,0,0.07,0,0,0.86,0,0.07,0,54.17,45.45,0.43,0.93,14
Welinton,0,0,0,0.86,0,0,1.64,1.07,0.07,2.79,0,0.93,0.07,0,52,81.87,4.14,44.74,0,0.14,0,0,0.64,0.29,0.36,0.07,66.67,57.48,0.71,1.5,14
Stelios Kitsiou,0.06,0.09,48.98,1.09,0,0,2.38,1.03,0,1.97,0,1.09,0.13,0.09,27.59,79.05,6.19,37.65,0,0.19,0,0,1.06,0.03,0.31,0.03,47.06,50.51,1.06,1.06,32
Yusuf Ozdemir,0.08,0.08,50,0.56,0,0,1.56,0.4,0,1.36,0,0.6,0.08,0.04,25.56,78.09,5.84,34.43,0,0.12,0,0,1.08,0.28,0.2,0,58.62,56,1.12,1,25
Berkay Özcan,0.09,0.03,51.92,0.82,0,0,0.62,0.35,0,0.29,0,0.56,0.09,0.09,23.56,89.39,7.85,59.46,0,0.03,0,0,0.68,0.06,0.03,0,54.55,49.76,1.12,0.41,34
Andreas Bouchalakis,0,0,60,0.25,0,0,0.83,0.75,0,0.58,0,0.33,0.08,0,39.33,84.11,6,68.52,0,0.17,0,0,1.08,0,0.17,0,26.67,42.59,0.5,0.92,12
Bertuğ Özgür Yıldırım,0.21,0.21,30.43,1,0,0,0.41,0.1,0,0.34,0,0.38,0.03,0.03,6.17,60.34,1.24,50,0,0,0,0,0.76,0.1,0.07,0,47.52,39.63,0.69,1.28,29
João Pedro Galvão,0.2,0.1,20,1.1,0,0,0.3,0.05,0,0.15,0,0.1,0.15,0.05,7.8,71.15,2.55,66.67,0,0.05,0,0,0.55,0.15,0,0.05,41.18,38.93,1,1.6,20
Dele Alli,0.15,0.08,38.89,0.54,0,0,1,0.31,0,0.23,0,0.54,0,0,22.69,77.97,5.38,61.9,0,0,0,0,0.54,0,0,0,35.29,44.12,1.46,1,13
Hakan Özmert,0,0,44.44,0.22,0,0,0.44,0.44,0,0.11,0,0.11,0.11,0.11,15.67,82.27,2.67,54.17,0,0,0,0,0.56,0.11,0.33,0,50,57.14,1,0.56,9
Georges-Kévin N'Koudou,0.2,0.2,48,1.1,0,5,0.65,0.25,0,0,0,0.25,0.2,0,20.4,79.9,7.7,68.57,0,0,0,0,0.55,0.15,0.1,0,27.27,45.39,1.45,0.7,20
Durel Avounou,0.19,0.22,48.65,1.37,0,0,0.48,0.52,0.04,0.59,0,0.44,0.07,0.07,20,77.04,4.85,51.06,0,0,0,0,1.26,0.11,0.04,0.04,43.75,45.03,1.19,0.93,27
Robert Murić,0,0.04,55.56,0.61,0,0,0.5,0.21,0,0.07,0,0.32,0.18,0.04,9.46,74.72,3.46,72.22,0,0,0,0,0.25,0.04,0.07,0,20,48.48,0.25,0.11,28
Musa Çağıran,0,0,100,0.5,0,0,1.25,0.5,0,0.75,0,0.17,0,0,18.25,82.19,2.83,54.29,0,0,0,0,0.75,0,0.17,0,81.82,69.64,0.42,0.58,12
Talha Ülvan,0,0,100,0.14,0,0,0.71,0.43,0,0.14,0,0.14,0,0,6.71,68.09,1.57,25,0,0,0,0,0.14,0,0,0,100,90.91,0.14,0,7
Borja Sainz,0.28,0.25,47.86,2.13,0,0,1.84,0.84,0,0.19,0,1.41,0.22,0.09,19.44,78.3,5.72,48.84,0,0.03,0,0,1.22,0.25,0.28,0.03,20.69,45.76,2.28,1.63,32
Efkan Bekiroğlu,0.16,0.24,56.67,1.48,0,2,0.72,0.24,0,0.04,0.04,0.2,0.12,0.04,26.2,85.19,6.8,66.04,0,0,0,0,1.08,0.08,0.08,0,54.55,49.55,0.56,0.68,25
Batuhan Ahmet Şen,0,0,0,0,0,0,0.06,0.06,0.06,0.89,0.06,0.11,0,0,36.61,81.49,0.17,40.74,3.22,0.11,0.33,0.06,1.56,0.28,0.06,0,100,75,0.28,0.06,18
Münir Levent Mercan,0.07,0,40.63,0.34,0,0.86,1.69,0.79,0,1.79,0,0.62,0.03,0.03,34,76.47,5.52,42.98,0,0.14,0,0,1.31,0.21,0.03,0,44.74,53.72,0.76,0.45,29
Isaac Sackey,0,0,68.75,0.43,0,0,1.3,1.13,0,2.3,0.03,1.03,0,0.07,37,87.12,3.93,59.46,0,0.03,0,0,1.33,0.13,0.27,0.03,72,56.46,0.7,0.83,30
Hüseyin Türkmen,0,0,100,0.14,0,0,1.07,1.29,0,3.21,0,0.43,0,0,43.86,87.46,3.29,56.41,0,0.14,0,0,1.14,0.43,0.14,0,55.26,55.56,0.57,0.86,14
Luiz Adriano,0.11,0.26,40,1.11,0.05,0,0.79,0.11,0,1.47,0,0.11,0.11,0.05,15.11,73.87,4.16,45,0,0.11,0,0,1.05,0.11,0.11,0.05,60,55.22,1.26,1,19
Ryan Donk,0.05,0,70,0.4,0,0,0.7,1.45,0,2.9,0,0.35,0,0.05,39.75,79.62,3.25,42.14,0,0.15,0,0,1.5,0.1,0.1,0,61.9,60.94,0.9,0.65,20
Mario Gavranović,0.18,0.32,47.06,1,0,0,0.5,0.05,0,0.32,0,0.14,0.05,0.05,11.45,76.19,2.86,72.73,0,0,0,0,0.77,0.27,0.09,0,22.58,41.96,0.95,1,22
Anastasios Chatzigiovanis,0.04,0.2,68.42,1.4,0,0,0.24,0.12,0,0.08,0,0.24,0.16,0.08,12.28,81.43,4.44,82.61,0,0,0,0,0.64,0,0.08,0,19.05,47.92,0.4,0.36,25
Alexis Pérez,0,0.08,50,1.24,0,0,1.56,1.88,0.08,4.56,0,0.32,0.04,0,45.72,78.57,5.08,46.04,0,0.12,0,0,1.28,0.36,0.24,0.04,54.55,54.44,0.64,1.2,25
Erencan Yardımcı,0.21,0.21,33.33,0.79,0,0,0.07,0.14,0,0.07,0,0.07,0,0.07,3.64,56.86,0.57,66.67,0,0,0,0,0.5,0.07,0,0,43.75,38.46,0.36,0.36,14
Zinedine Ferhat,0.04,0.17,38.89,0.65,0,0,0.87,0.35,0,0.52,0,0.43,0.13,0.09,23.78,79.52,6.78,50,0,0.04,0,0,1.09,0.09,0.09,0,50,50.39,0.83,0.48,23
İsmail Yüksek,0,0,66.67,0.42,0,0,1.05,1.21,0,0.63,0,0.68,0,0.05,27.53,86.23,5,70.18,0,0,0,0,0.68,0.11,0.16,0,68.97,53.04,0.68,1,19
Niko Rak,0,0,0,0,0,0,1,0,0,0,0,1,0,0,3,100,1,0,0,0,0,0,0,0,0,0,100,66.67,0,0,1
Umit Akdag,0,0,0,0,0,0,0,3,0,0,0,0,0,0,20,80,0,0,0,0,0,0,1,0,0,0,0,0,0,1,1
Emirhan Zaman,0,0,0,3,0,0,2,1,0,0,0,3,0,0,22,81.82,4,0,0,0,0,0,1,1,0,0,100,40,1,3,1
Salih Malkoçoglu,0,0,0,0,0,0,1,0,0,0,0,0,0,0,3,100,1,0,0,0,0,0,0,0,0,0,0,100,0,0,1
Osman Bugra Erdogan,0,0,0,0,0,0,1,0,0,1,0,0,0,0,1,100,1,0,0,0,0,0,2,0,0,0,0,100,1,0,1
Francis Nzaba,0,0,0,0,0,0,0.5,0,0,1,0,0,0,0,3.5,85.71,0,0,0,0,0,0,0.5,0,0,0,33.33,50,0,0,2
Kaan Ayhan,0,0.2,0,0.6,0,0,0.6,0.8,0,0,0,0,0,0,15.4,89.61,1.8,69.23,0,0,0,0,0.2,0.2,0,0,25,44.44,0,0.2,5
Bruno Rodrigues,0,0,0,0,0,0,0.8,0.6,0,1.8,0,0,0,0,36.6,91.8,0.6,80,0,0.2,0,0,1,0.2,0.2,0,27.27,42.86,0.4,0.8,5
Joseph Attamah,0,0,100,0.33,0,0,1.11,0.67,0,2.67,0,0.78,0.11,0,44.67,90.8,4,61.36,0,0,0,0,1.22,0.67,0.11,0,42.86,66.67,1.56,0.22,9
Abdulkadir Parmak,0,0,50,0.11,0,0,0.89,0.22,0,0.89,0,0.44,0,0,21.11,89.47,3,71.43,0,0,0,0,0.44,0,0,0,50,55,0.67,0.44,9
Şener Özbayraklı,0,0,72.73,0,0,0,1.7,1,0,1.5,0,1.3,0,0,28.3,79.86,3.3,67.65,0,0.1,0,0,0.9,0,0,0,78.57,61.11,0.8,0.7,10
Alper Uludağ,0.03,0.03,44.44,0.65,0,0,1.26,0.97,0,1.74,0.03,0.52,0.1,0.06,29.97,75.35,6.29,51.47,0,0.06,0,0,1.29,0.29,0.29,0,57.45,52.33,0.55,0.97,31
Stefano Okaka,0.05,0.1,46.15,0.67,0,0,0.48,0.1,0,0.76,0,0.19,0.14,0,10.62,79.82,2.81,77.78,0,0,0,0,0.43,0.1,0.14,0.05,61.54,48.08,1.29,1.57,21
Bünyamin Balcı,0,0.03,48.28,0.47,0,0,2.62,0.82,0,1.15,0,1.06,0.15,0.09,36.62,78.23,5.88,42.41,0,0.24,0,0,1.21,0.21,0.09,0.03,28.81,52.61,1.24,0.82,34
İbrahim Yilmaz,0,0.18,35.71,1.82,0,0,0.41,0,0,0.88,0,0.29,0.06,0,20.29,68.7,5.06,30,0,0,0,0,1.53,0.18,0.24,0,44.21,42.54,1.35,1.12,17
Robert Mejía,0.03,0,59.26,0.55,0,0,1.38,1.14,0,0.79,0,1.03,0,0,30.31,83.96,5.38,55.95,0,0.1,0,0,1.24,0.24,0.21,0,60.32,51.35,1.34,1.34,29
Umut Güneş,0.07,0.04,68.42,0.59,0,0,1.33,0.52,0,0.59,0.07,0.67,0.07,0.04,36.19,87.51,6.56,63.77,0,0.11,0,0,1.15,0.26,0.15,0.04,45,52.53,0.93,1.33,27
Serdar Aziz,0,0.07,0,0.36,0,0,1.07,0.43,0,2.29,0.07,0.14,0,0.07,41.29,82.7,2.29,42.03,0,0.29,0,0,0.93,0.07,0.21,0,65,63.16,0.5,0.71,14
Mahmut Tekdemir,0,0.08,20,0.46,0,0,1.25,1.08,0,1.29,0,0.42,0.13,0,44.5,83.9,9.08,54.92,0,0.25,0,0,0.63,0.13,0.33,0.08,46.67,54.41,1.46,1.13,24
Ali Yaşar,0.04,0.04,62.5,0.32,0,2,1.56,0.96,0.04,1.76,0,0.64,0,0,26.2,79.54,4.12,46.67,0,0.08,0,0,1,0.32,0.08,0,61.29,60,0.72,0.64,25
Dimitris Kolovetsios,0,0.03,100,0.53,0,0,0.53,0.93,0,3.83,0.03,0.33,0,0,50.9,89.78,2.17,43.23,0,0.2,0,0,1.27,0.47,0.1,0,45.31,50.89,0.3,0.23,30
İlhan Parlak,0.09,0.09,25,0.82,0.05,0,0.36,0.14,0,0.41,0,0.05,0.09,0.05,5.91,63.85,1.32,0,0,0,0,0,0.27,0.05,0.09,0,45.1,45.74,0.5,0.64,22
Andrej Đokanović,0,0,62.5,0.21,0,0,2,0.79,0,0.57,0,1.5,0.07,0,23.21,80.31,4.07,63.33,0,0.07,0,0,0.86,0.07,0.07,0,60,54.29,1.36,0.64,14
Emir Kaan Gültekin,0.07,0.19,58.33,1.07,0,0,0.56,0.22,0,0.19,0,0.26,0.07,0.07,11.59,73.8,3.63,50,0,0,0,0,0.59,0.15,0.07,0,27.27,34.62,0.41,1.04,27
Gökdeniz Bayrakdar,0.15,0,35.29,0.69,0,0,0.77,0.15,0,0.08,0,0.38,0,0,9.54,79.84,3.15,20,0,0,0,0,0.77,0.15,0.08,0,15.38,37.7,0.38,0.62,13
Nihad Mujakić,0,0,63.64,0.16,0,0,1.75,1.06,0.06,3.06,0,0.53,0,0,52.34,83.7,3.13,42.13,0,0.16,0,0,1.31,0.22,0.19,0,45.24,55.3,0.59,0.59,32
Burak Bekaroğlu,0,0,100,0.8,0,0,2,0.8,0,4,0,0,0,0,44.8,79.02,3.4,43.18,0,0.2,0,0,2.6,0,0,0,50,65.79,0.8,0.8,5
Ognjen Vranješ,0,0,60,0.07,0,0,0.93,1.87,0.07,4.27,0.07,0.53,0,0,44.07,84.11,1.93,37.5,0,0.13,0,0,1.73,0.13,0.4,0,63.64,59.78,0.67,0.6,15
Ziya Erdal,0,0,57.14,0,0,0,1.47,1.41,0.06,1.24,0,0.59,0,0,35.71,85.34,5.59,47.95,0,0.06,0,0,1.06,0.18,0.24,0,45.83,58.43,0.71,0.47,17
Gökhan Sazdağı,0.03,0.03,55.56,0.77,0,0,1.35,0.71,0.03,1.16,0,0.84,0.16,0.16,27.06,77.23,4.9,52.81,0,0.03,0,0,1,0.42,0.13,0,53,49.67,0.77,1.06,31
Brandley Kuwas,0.04,0,56.14,0.89,0,0,0.59,0.11,0,0.07,0,0.48,0.19,0.15,13.67,79.13,5.04,68,0,0,0,0,0.85,0.26,0.07,0,26.92,41.05,0.85,0.78,27
Clinton N'Jie,0.07,0.17,37.14,1.17,0,0,0.79,0.24,0,0.14,0,0.59,0.17,0,16.83,75.61,4.93,58.62,0,0,0,0,0.62,0.1,0,0,31.82,32.66,0.31,1.14,29
Salih Dursun,0.05,0,25,0.36,0,0,1.23,0.73,0,1.05,0,0.5,0.05,0.05,14.73,79.32,1.77,50,0,0.05,0,0,0.68,0.09,0.18,0,65,54.65,0.23,0.55,22
Ruud Boffin,0,0,0,0,0,0,0.14,0,0.14,0.57,0.14,0,0,0,29.57,72.95,1.86,43.3,3.43,0.14,0.14,0,1.71,0.29,0,0,0,50,0,0.14,7
Onurcan Piri,0,0,0,0,0,0,0.09,0,0.04,1.04,0.09,0,0,0,25.7,57.19,0.35,28.16,2.74,0.09,0.3,0.09,1.48,0.39,0.09,0,100,93.75,0.3,0.04,23
Mehdi Boudjemaa,0,0,70.59,0.47,0,0,1.11,0.26,0,0.32,0,0.21,0.05,0,22.05,82.34,5.58,58.33,0,0.05,0,0,0.84,0.05,0.26,0,30,52.17,1.11,1.05,19
Lazar Marković,0.19,0.22,58,0.96,0.04,0,0.7,0.33,0.04,0.26,0,0.41,0.04,0.07,18.44,75.1,5.48,60,0,0.04,0,0,0.85,0.11,0.19,0.04,50,47.55,0.52,0.74,27
Hakan Arslan,0.03,0.03,33.33,0.59,0,0,1.17,0.41,0,0.41,0,0.72,0,0,18.66,80.59,3,62.07,0,0.07,0,0,0.69,0.07,0.1,0,47.14,46.74,0.62,0.93,29
Jesé Rodríguez,0.14,0.07,50,0.86,0,0,0.64,0.14,0,0,0,0.14,0.07,0.07,11.14,70.51,3.79,44.44,0,0,0,0,0.5,0.14,0.07,0,0,45.76,0.71,0.64,14
Fedor Kudryashov,0,0,0,0,0,0,0.46,1.38,0,1.85,0.15,0.23,0,0,43.08,88.21,2.85,54.41,0,0.15,0,0,1.08,0.23,0.31,0,50,52.17,0.69,0.69,13
Kadir Seven,0,0,0,0.2,0,0,0.6,0.47,0.07,2.4,0,0.33,0,0,18.13,77.21,1.27,28.57,0,0.13,0,0,0.67,0.07,0.13,0,59.57,57.75,0.27,0.33,15
Giorgi Beridze,0.14,0.21,30.61,1.45,0.03,0,0.79,0.31,0,0.14,0,0.41,0.1,0.07,14.38,74.1,4.66,52.94,0,0,0,0,0.86,0.17,0,0,41.94,45.09,0.93,0.34,29
Demeaco Duhaney,0.06,0.17,51.43,0.44,0,0,1.22,0.83,0.06,1.72,0,0.33,0.11,0,36.78,82.02,6.78,44.23,0,0.33,0,0,1.22,0.22,0.28,0,39.39,48.57,0.83,0.72,18
Idrissa Doumbia,0.08,0.04,64.86,0.64,0,0,1.04,0.44,0,0.12,0.04,0.32,0.04,0.04,34.88,91.17,8.08,59.46,0,0.08,0,0,1.12,0.24,0.36,0,42.86,49.59,0.2,0.76,25
Domagoj Pavičić,0,0.14,50,0.43,0,0,0.57,0,0,0,0,0.29,0,0,11.29,87.34,3.43,25,0,0,0,0,0.29,0,0,0,33.33,55,0.43,0.43,7
Mustafa Eskihellaç,0.05,0,63.41,0.84,0,0,1.21,0.63,0.05,0.26,0,0.53,0,0,18.89,78.83,5.53,31.58,0,0,0,0,0.84,0,0.11,0,34.48,52.32,1.05,0.68,19
Mamadou Fall,0.24,0.35,36.21,1.32,0,0,0.88,0.56,0,0.94,0,0.59,0.12,0.09,13.97,65.89,4.12,20,0,0.09,0,0,1.44,0.09,0.18,0,30.1,39.01,1.29,1.21,34
Junior Caiçara,0,0,25,0.17,0,0,1,0.67,0,1.08,0,0.42,0.08,0.08,30.75,85.91,8.25,59.26,0,0.25,0,0,0.75,0.08,0.17,0,28.57,37.74,0.33,1,12
Strahil Popov,0,0,42.11,0.27,0,0,1.82,1.05,0.05,2.23,0,0.55,0.09,0.05,41.09,76.66,8.23,37.5,0,0.05,0,0,1.82,0.09,0.05,0,53.57,54.33,0.27,0.64,22
Famara Diédhiou,0,0,0,0.5,0,0,0,0,0,0,0,0,0,0,5,80,2.5,0,0,0,0,0,0,0,0,0,100,40,0,0.5,2
Muhammet Arslantaş,0,0,0,1,0,0,0.5,0,0,0,0,0,0,0,3.5,100,1,0,0,0,0,0,0.5,0,0,0,25,37.5,0.5,0.5,2
Taha Altıkardeş,0,0,0,0,0,0,0.67,0.67,0,2,0,0.33,0,0,33.33,88,2,50,0,0,0,0,0.67,0.67,0,0,25,33.33,0,0.33,3
Admir Mehmedi,0,0,100,0.3,0,0,0.9,0.1,0,0.1,0,0.4,0,0,10.3,73.79,3.1,0,0,0,0,0,0.2,0.3,0.1,0,41.67,54.17,1,0.5,10
Jeffrey Bruma,0,0,100,0.1,0,0,0.8,0.9,0,2.2,0,0.1,0,0,42.1,84.09,3.1,50.85,0,0.2,0,0,1.4,0,0.1,0,58.06,55.36,0.4,1.2,10
Murat Cem Akpinar,0,0.03,47.06,0.27,0,0,0.93,0.37,0.03,0.37,0,0.43,0.07,0,13.3,81.7,3.1,52.78,0,0,0,0,0.4,0.07,0.13,0,30.77,47.9,0.57,0.77,30
Endri Çekiçi,0.1,0.2,48.28,2,0,0,0.8,0.05,0.05,0.45,0,0.75,0.05,0,19.85,80.1,6.65,53.33,0,0,0,0,0.8,0.1,0.15,0,50,45.71,0.95,0.95,20
Raoul Petretta,0.11,0,40,0.22,0,0,1.78,1.22,0.11,1.33,0,0.56,0,0,26,81.2,3.89,27.27,0,0,0,0,1.67,0,0.44,0,50,47.83,0.67,1.56,9
Yasin Güreler,0.07,0,30,0.43,0,0,2.57,0.93,0,1.57,0,0.64,0,0,23.71,74.4,2.79,29.41,0,0.07,0,0,0.64,0.29,0.29,0,51.61,49.59,0.36,1.43,14
Serkan Göksu,0,0,61.9,0.28,0,0,1.66,1.24,0.03,1.24,0,1.41,0.07,0,35.07,81.61,7.9,56.78,0,0,0,0,1.14,0.1,0.28,0,47.92,47.01,0.9,1,29
Ramazan Civelek,0.07,0.03,51.85,0.52,0,0,0.86,0.24,0,0.34,0,0.72,0.07,0.07,19.52,83.39,5.14,56.25,0,0,0,0,0.41,0.14,0.07,0,5.88,38.1,0.28,0.38,29
Mert Çetin,0,0.1,100,0.1,0,0,0.7,0.3,0,3.3,0,0.4,0,0,34.5,87.54,1.2,34.15,0,0.1,0,0,0.7,0.3,0.2,0,52.94,52.63,0.4,0.7,10
Henry Onyekuru,0.29,0.39,29.41,1.64,0.04,0,0.54,0.54,0,0,0,0.14,0.11,0.07,10.68,73.24,4.21,43.75,0,0.07,0,0,0.79,0.14,0.18,0,23.53,38.46,0.93,0.61,28
Emrecan Uzunhan,0,0.07,80,0.27,0,0,1.27,0.6,0,2.4,0,0.6,0.07,0.13,33.4,85.83,2.47,41.3,0,0.07,0,0,0.87,0.07,0.07,0.07,66.67,60.82,0.67,0.87,15
Adel Bettaieb,0,0,31.58,0.9,0,0,0.14,0.05,0,0.29,0,0.19,0,0,9.24,77.32,2.95,56.25,0,0,0,0,0.52,0.05,0.05,0,44.44,45.28,0.9,0.48,21
Davide Biraschi,0.07,0,48.15,0.38,0.07,0,1.59,1.24,0.07,2.38,0,0.48,0.03,0,34.97,74.65,4.07,35.12,0,0.07,0,0,1.62,0.28,0.14,0.03,62.5,54.22,0.79,1.45,29
Britt Assombalonga,0.17,0.17,38.46,1.25,0.08,0,0.08,0,0,0.5,0,0.08,0,0.08,3.67,79.55,1.08,50,0,0,0,0,0.33,0,0.08,0,45.45,40,0.75,0.67,12
Valmir Veliu,0.06,0,40,0.38,0,0,1.25,0.19,0,0.13,0,0.75,0.06,0.06,7.44,78.99,2.63,55.56,0,0,0,0,0.31,0,0.06,0,31.25,41.11,0.25,0.69,16
Cebrail Karayel,0,0,66.67,0.06,0,0,0.5,0.31,0,0.25,0,0.19,0.13,0.06,14.56,81.97,3,57.14,0,0.06,0,0,0.25,0.06,0.06,0,25,51.22,0.44,0.56,16
Sadik Bas,0,0,100,0,0,0,0.6,0,0,0.2,0,0.2,0,0,11.8,81.36,3,42.86,0,0,0,0,0.6,0,0,0,100,66.67,0.6,0.6,5
Arnaud Lusamba,0.04,0.07,51.43,0.25,0,0,1.36,0.57,0.04,0.54,0,0.68,0.11,0.04,26.64,86.73,6.25,67.31,0,0.07,0,0,0.93,0.14,0.04,0,56.25,48.84,0.68,0.86,28
Yasin Özcan,0.11,0,53.85,0.42,0,0,1.53,1.95,0,1.63,0,0.68,0.05,0.05,25.84,80.45,2.53,44.23,0,0.05,0,0,1.42,0.11,0.21,0,52.63,50.41,0.32,0.95,19
Berke Özer,0,0,0,0,0,0,0,0,0,0.6,0,0,0,0,33,75.76,0.4,56.82,4.4,0,0.6,0,2.8,0,0,0,0,0,0,0,5
Umut Meraş,0,0,22.22,0.2,0,0,0.6,1.07,0,0.87,0,0.33,0,0,15.8,82.7,2.73,56.25,0,0,0,0,0.33,0.2,0,0,63.64,43.75,0.2,0.67,15
Rayane Aabid,0,0,60,0.52,0,0,0.95,0.29,0,0.19,0.05,0.29,0,0,36.29,85.56,7.38,58.33,0,0.05,0,0,1.29,0.1,0.05,0,0,53.41,0.71,0.57,21
Kevin Varga,0,0.09,0,0.55,0,0,0.91,0.36,0,0.18,0,0.73,0.09,0.09,10.45,73.04,2.82,55.56,0,0,0,0,0.64,0,0,0,0,31.43,0.09,0.45,11
Tuncer Duhan Aksu,0,0,40,0.11,0,0,1.54,1.71,0.04,1.64,0,0.64,0,0,34.96,79.98,5.07,37.6,0,0.07,0,0,1.18,0.32,0.21,0,56.82,54.04,0.39,0.68,28
Doğucan Haspolat,0.05,0.05,50,0.21,0,0,0.74,0.32,0,0.89,0,0.79,0.05,0.05,22.42,87.09,4.42,61.54,0,0.05,0,0,0.47,0.26,0.11,0,38.89,38.27,0.32,0.79,19
Joher Khadim Rassoul,0,0,50,0.08,0,0,1.31,1.38,0.08,2.46,0,0.46,0,0,36.38,87.1,1.69,48.94,0,0.08,0,0,1.38,0.31,0.08,0,57.14,56.41,0.38,0.54,13
Kerem Atakan Kesgin,0,0.13,60,0.75,0,0,0.88,0.38,0,0,0,1.13,0.13,0,14.88,84.87,4.75,62.5,0,0,0,0,0.25,0.38,0,0,0,46.67,0.5,0.38,8
Sinan Gümüş,0,0.14,50,0.5,0,0,0.79,0.21,0,0.14,0,0.36,0.07,0,9.57,73.88,3.21,50,0,0,0,0,0.36,0,0.07,0,7.69,45.45,0.71,0.5,14
Dylan Saint-Louis,0,0,22.22,0.5,0,0,0.38,0,0,0.25,0,0.25,0.13,0,7.63,80.33,1.75,100,0,0,0,0,0.75,0.13,0,0,0,33.33,0.63,0.63,8
Ufuk Akyol,0,0,55,0.42,0,0,1.38,0.46,0,0.85,0,1.27,0,0,28.38,83.6,4.08,56.63,0,0.08,0,0,1.04,0.08,0.04,0,40,44.05,0.42,0.69,26
Anthony Uzodimma,0.06,0.06,30.77,0.19,0,0,1.13,0.31,0,1.5,0,0.31,0,0,24.56,88.04,5,51.52,0,0.06,0,0,1.06,0.38,0.06,0,27.27,51.28,0.75,0.5,16
Alassane Ndao,0.04,0.04,20,0.52,0,0,0.7,0.35,0,0.09,0,0.43,0.09,0.09,16.43,81.48,4.09,54.17,0,0,0,0,0.74,0,0,0,16.67,37.5,0.48,0.52,23
Ahmet Engin,0.04,0.07,38.89,0.59,0.04,0,0.15,0.11,0,0.3,0,0.04,0.11,0.11,5.74,70.97,1.48,44.44,0,0,0,0,0.59,0.07,0.07,0,30,41.54,0.37,0.37,27
Yusuf Yazıcı,0.23,0,40,1.15,0,0,0.23,0,0,0.23,0,0.54,0,0.08,14.69,76.44,4.08,60,0,0,0,0,0.77,0.08,0.15,0.08,40,30.3,0.38,0.85,13
Berat Ayberk Özdemir,0,0,0,0,0,0,0,0,0,0,0,0,0,0,9,100,0,100,0,0,0,0,0,0,0,0,0,0,0,0,1
Ahmet Gülay,0,0,0,0,0,0,0,0,0,0,0,0,0,0,14,100,2,0,0,0,0,0,0,0,0,0,0,0,0,0,1
Erkan Eyibil,0,0,33.33,0,0,0,0,0,0,0,0,0,0,0,11,81.82,3,100,0,0,0,0,0,0,0,0,0,40,1,1,1
Hamza Jaganjac,0,0,0,0,0,0,1,0,0,0,0,0,0,0,2,50,0,0,0,0,0,0,0,0,0,0,0,100,0,0,1
Arda Unyay,0,0,0,0,0,0,0,0,0,0,0,0,0,0,10,90,0,100,0,0,0,0,0,0,0,0,0,0,0,0,1
Efecan Mizrakci,0,0,0,0,0,0,0,1,0,0,0,0,0,0,1,100,0,0,0,0,0,0,0,0,0,0,0,0,0,0,1
Samuel Nongoh,0,0,0,0.5,0,0,0.5,0.5,0,0.5,0,0.5,0,0,7.5,100,2.5,0,0,0,0,0,0,0,0,0,0,42.86,1,0.5,2
Ayberk Kaygisiz,0,0,0,0,0,0,2,0,0,0,0,0,0,0,5.5,72.73,0.5,100,0,0,0,0,0,0,0.5,0,100,62.5,0,0.5,2
Edgar Ié,0,0,100,0,0,0,0.67,0.67,0,4.67,0.33,0.67,0,0,25.33,86.84,0.33,25,0,0,0,0,1,0,0.33,0,28.57,43.75,0.67,0.67,3
Ali Kaan Güneren,0,0,0,0,0,0,0.33,0.33,0,0,0,0.33,0,0,10,83.33,4,66.67,0,0,0,0,0.33,0,0,0,0,50,0,0,3
Serkan Asan,0,0,100,0.25,0,0,0.25,1,0,0.5,0,0,0,0,10.25,85.37,1.25,50,0,0,0,0,0.25,0.5,0.25,0,83.33,70,0,0.5,4
Luka Stankovski,0,0,0,0,0,0,0.2,0.2,0,0.6,0,0,0,0,3.2,62.5,0.4,50,0,0,0,0,0.4,0,0.2,0,66.67,57.14,0.2,0.2,5
Talha Sariarslan,0,0.17,0,0.33,0,0,0.33,0,0,0,0,0,0,0,2.67,68.75,0.5,0,0,0,0,0,0.17,0,0,0,40,40,0,0.17,6
Patrick Ebert,0,0,0,0.43,0,0,0.71,0.57,0,0,0,0.43,0,0,14.29,81,2.29,50,0,0,0,0,0.71,0,0.29,0,100,70.59,0.14,0.29,7
Simon Falette,0,0,100,0.5,0,0,0.88,1,0.25,2.38,0.13,0,0,0,52.63,88.84,3.88,46.34,0,0,0,0,1.25,0.13,0.25,0.13,60,61.9,0.63,0.63,8
Halil Ibrahim Pehlivan,0,0,60,0.3,0,0,1.3,0.7,0,1.3,0,0.4,0,0,18.1,79.56,3.2,41.67,0,0,0,0,0.7,0,0.2,0,46.15,52.94,0.2,0.7,10
Sherel Floranus,0,0,33.33,0.08,0,0,0.83,0.83,0,1.25,0,0.08,0,0,14.75,81.92,1.83,57.69,0,0.08,0,0,0.67,0,0.08,0,16.67,43.75,0.17,0.75,12
Ramón Arias,0,0.1,40,0.42,0,0,1.23,1.13,0.13,3.87,0,0.68,0,0,34.9,79.48,2.68,47.03,0,0.16,0,0,1.29,0.32,0.35,0,50,49.38,0.52,1.1,31
Djaniny,0,0.24,43.48,0.94,0,0,0.29,0.18,0,0.12,0,0.06,0.06,0.12,21.18,84.44,7.53,63.64,0,0.06,0,0,0.76,0.06,0,0,56.52,42.11,0.41,0.35,17
Kader Keïta,0,0,50,0.73,0,0,1.07,0.93,0,0.47,0,0.67,0,0,33.07,86.49,5.6,68.66,0,0.07,0,0,1.4,0.13,0.13,0,39.13,40.22,0.67,1.27,15
Hasan Ali Kaldırım,0,0,22.22,0.5,0,0,1.07,0.93,0,1.5,0,0.57,0.14,0,35.71,82.2,7.29,44.68,0,0.07,0,0,1.5,0.14,0,0,46.15,46.75,0.5,0.79,14
Daniel Graovac,0,0.07,100,0.36,0,0,1.29,1.07,0.07,2.93,0,0.57,0.07,0,29.07,79.36,1.14,28.33,0,0.14,0,0,1.5,0.07,0.07,0,57.14,57.5,0.21,0.43,14
Tomáš Pekhart,0.08,0.25,33.33,0.42,0,0,0.33,0.08,0,0.42,0,0.25,0.08,0.08,8.33,76,1.5,100,0,0,0,0,0.5,0,0,0,42.86,36.92,0.58,1.42,12
Fabiano Silva,0,0,60,0.33,0,0,1.89,1.67,0,1.78,0,1.11,0,0,31.89,77.35,5.56,31.58,0,0.22,0,0,1.44,0.11,0.22,0,55.56,48.1,0.89,1.67,9
Firatcan Üzüm,0,0,50,0.5,0,0,2.7,0.6,0,0.5,0.1,1.1,0,0,18.4,79.89,4.1,50,0,0,0,0,1,0.1,0.1,0,44.44,57.14,1.1,0.5,10
Kerem Şen,0.14,0.14,40,0.71,0,0,1.14,0.57,0,0,0,1.57,0.14,0,12,85.71,4.14,66.67,0,0,0,0,0.57,0.29,0,0,100,39.13,0.71,0.29,7
Samed Onur,0,0,0,0.33,0,0,0.33,0,0,0.17,0,0.17,0,0,6.83,80.49,1.5,33.33,0,0,0,0,0.67,0,0,0,25,57.14,0.83,0,6
Tunay Torun,0,0,0,0.11,0,0,0.33,0,0,0,0,0,0,0,3.11,71.43,0.89,100,0,0,0,0,0.44,0.11,0,0,50,50,0.11,0.11,9
Mustafa Pektemek,0,0,16.67,0.5,0,0,0.58,0.08,0,0,0,0.42,0.08,0,5.83,77.14,1.67,0,0,0,0,0,0.42,0.17,0.08,0,76.47,48.98,0.25,0.5,12
Ömürcan Artan,0,0,25,0.4,0,0,1.8,0.6,0,1.4,0,0.2,0.2,0.2,22,77.27,3,41.67,0,0,0,0,1.2,0,0.4,0,30,42.42,0.2,1.2,5
Yusuf Demir,0,0,36.36,1.2,0,0,0.2,0.2,0,0,0,0.6,0,0,10.8,88.89,5.8,100,0,0,0,0,0.4,0,0,0,20,27.27,0,0,5
Otabek Shukurov,0.04,0,61.11,0.64,0,0,1.14,0.64,0.07,1.18,0,0.61,0.04,0.04,35.64,85.67,6.04,74.67,0,0.07,0,0,1.14,0.32,0.32,0.04,44,42.64,0.75,1.71,28
Ersin Destanoğlu,0,0,0,0,0,0,0,0,0,0.89,0,0,0,0,20.78,73.8,0.44,35.53,1.44,0.33,0.11,0,0.78,0.44,0,0,100,100,0.22,0,9
Jordy Caicedo,0.21,0.29,42.86,1.14,0.07,0,0.21,0.14,0,0.21,0,0.21,0,0.07,6.07,62.35,2.07,66.67,0,0,0,0,0.79,0,0,0,45.65,36.89,0.57,1.07,14
Anwan Lawrence,0,0,66.67,0.37,0,0,0.74,0.47,0.11,1.21,0,0.21,0,0,13.11,79.52,1.63,57.14,0,0,0,0,0.89,0,0.21,0,62.5,55.84,0.58,1.05,19
Mesut Özil,0,0,33.33,0,0,0,0.5,0,0,0,0,0.25,0,0,11.5,91.3,4,0,0,0,0,0,0,0,0,0,0,44.44,0.25,0.25,4
Bevic Moussiti Oko,0,0,50,0.63,0,0,0,0,0,0,0,0,0,0,3.38,77.78,1.38,0,0,0,0,0,0,0,0,0,33.33,44.44,0.38,0,8
Adi Mehremić,0.07,0,25,0.27,0,0,1,1.07,0,1.93,0,0.4,0,0,18.4,73.91,1,30.91,0,0,0,0,0.67,0.33,0,0.07,61.76,55.56,0.53,0.67,15
Oğulcan Ülgün,0.11,0,50,0.61,0,0,0.44,0.56,0,0.33,0,0.44,0,0,12.72,86.46,2.56,69.23,0,0,0,0,0.61,0.11,0.39,0.06,41.18,41.46,1,1.22,18
Rahmetullah Berisbek,0.06,0,40,0.11,0,0,0.61,0.33,0,0.11,0,0.17,0.06,0,8.56,77.27,2.78,43.75,0,0,0,0,0.5,0.17,0.06,0,36.36,46.34,0.11,0.22,18
Bright Osayi-Samuel,0,0.04,47.73,0.22,0,0,0.78,0.57,0,0.74,0,0.43,0.04,0,23.74,85.16,6.48,56.25,0,0.09,0,0,0.83,0.09,0.26,0,62.5,51.02,1.13,0.78,23
Oğulcan Çağlayan,0,0,33.33,0.75,0,0,0.13,0,0,0.38,0,0,0,0,8.5,73.53,2.88,33.33,0,0,0,0,0.5,0.13,0,0,50,44.44,0.38,0.25,8
Konrad Michalak,0,0.04,42.55,0.85,0,0,0.65,0.15,0.04,0.08,0,0.54,0.08,0,13.08,81.18,4.15,44.44,0,0,0,0,0.73,0.08,0.08,0,27.27,47.71,1.31,0.62,26
Oğuzhan Berber,0,0,66.67,0.06,0,0,1.5,1.11,0,1.28,0,0.39,0,0,27.28,75.97,3.78,32.84,0,0.06,0,0,1.28,0.33,0.06,0,41.94,52.53,0.44,0.17,18
Serginho,0.07,0.28,41.11,1.55,0,0,1.52,0.69,0,0.21,0,0.72,0.21,0.21,23.41,70.25,8.48,42.86,0,0.07,0,0,1.28,0.24,0.17,0.03,15,43.42,1.31,1.21,29
Matěj Hanousek,0,0,66.67,0.13,0,0,0.71,0.55,0.1,1.29,0,0.65,0.1,0,23.06,72.59,4.87,31.34,0,0.06,0,0,0.9,0.1,0.1,0,56.67,51.18,0.35,0.52,31
Valentin Gheorghe,0.04,0,45.83,1.08,0,0,0.71,0.25,0.04,0.75,0,0.5,0,0,10.08,75.62,2.54,38.46,0,0,0,0,0.88,0.04,0.17,0,46.15,51,0.71,0.58,24
Amilton da Silva,0,0.14,41.67,0.43,0,0,0.86,0.29,0,0,0,0.29,0,0,10.14,77.46,3.86,50,0,0,0,0,0.43,0.14,0.14,0,100,52.94,0.43,0.29,7
Yusuf Erdoğan,0,0.11,40,0.78,0,0,0.11,0.22,0,0.11,0,0.78,0.11,0,13.22,78.99,5,80,0,0,0,0,0.33,0,0.11,0,50,34.21,0.56,0.89,9
Oğuz Ceylan,0,0,66.67,0.08,0,0,1.75,0.33,0,1.58,0.08,1.58,0,0.08,30,81.67,5.58,50,0,0.08,0,0,1,0.17,0.25,0,54.55,47.47,0.5,1.17,12
Mert Kurt,0,0,0,0.29,0,0,0.14,0,0,0,0,0,0,0.14,2,71.43,0.71,0,0,0,0,0,0.14,0,0,0,0,9.09,0,0.57,7
Houssameddine Ghacha,0,0.04,41.03,0.68,0,0,1.12,0.2,0,0.08,0,0.84,0.04,0.04,14.52,71.35,3.72,46.15,0,0.04,0,0,0.52,0.16,0.16,0,25,39.13,0.92,0.72,25
Erhan Erentürk,0,0,0,0,0,0,0,0,0,1,0,0,0,0,20,58,0.4,26.32,2.4,0.2,0.4,0,2,0.2,0,0,0,100,0.2,0,5
Abdurrahim Dursun,0,0,40,0.13,0,0,0.88,1,0,0.38,0,0.38,0,0,19.63,80.89,3.63,40,0,0,0,0,0.38,0.13,0,0,44.44,43.59,0.25,0.88,8
Uche Ikpeazu,0,0,41.67,0.67,0,0,0.2,0,0,0.4,0,0.07,0.07,0.07,3.87,72.41,1.67,0,0,0,0,0,0.07,0,0.2,0.07,36.84,31.94,0.53,1.13,15
Shaocong Wu,0,0,100,0.33,0,0,0.33,1.33,0,1.67,0,1,0,0,12.67,73.68,0.67,50,0,0,0,0,0.67,0,0,0,40,35.71,0,1,3
Muhammed Mert,0,0,0,0.33,0,0,0.67,0.33,0,0.67,0,0,0,0,11,84.85,3,33.33,0,0,0,0,0.67,0,0,0,0,45.45,1,1,3
Kahraman Demirtaş,0,0,100,0,0,0,0.43,0.14,0,1,0.14,0.29,0,0,25.86,89.5,2,68.42,0,0,0,0,0.43,0,0.14,0,33.33,52,0.86,0.71,7
Jens Stryger Larsen,0.03,0.03,37.5,0.38,0.03,0,0.97,0.75,0.06,1.34,0,0.69,0.06,0,41.34,84.73,7.06,47.42,0,0.22,0,0,1,0.16,0.03,0.03,55.36,47.34,0.38,0.72,32
Burak Kapacak,0.08,0,40,0.23,0.08,0,0.62,0.15,0,0.08,0,0.54,0,0.08,5.54,76.39,1.08,40,0,0,0,0,0.38,0.08,0.15,0,20,32.08,0.15,0.77,13
Karol Angielski,0,0.13,33.33,0.33,0,0,0.4,0.13,0,0.13,0,0.27,0,0,6.47,70.1,1.2,0,0,0,0,0,0.27,0.07,0,0,31.03,48.33,0.93,0.13,15
Aldin Čajić,0,0,50,0.25,0,0,0.13,0.13,0,0,0,0,0,0,5.88,85.11,1.63,0,0,0,0,0,0.38,0,0,0,50,50,0,0.25,8
Sindrit Guri,0,0.25,50,0.5,0,0,0.33,0.08,0,0.08,0,0.25,0,0,6.92,71.08,2,66.67,0,0,0,0,0.5,0,0,0,44.83,47.17,0.5,0.08,12
Serdar Dursun,0.06,0.11,50,0.67,0,0,0.06,0.06,0,0.17,0.06,0.06,0.11,0.17,6,68.52,1.22,100,0,0,0,0,0.44,0,0.06,0,33.33,37.93,0.61,0.56,18
Gboly Ariyibi,0,0.2,60,0.5,0,0,0.7,0.4,0,0.1,0,0.2,0,0,5.1,74.51,1.8,0,0,0,0,0,0.7,0.1,0,0,28.57,47.06,0.6,0.8,10
Onur Atasayar,0,0.05,42.86,0.37,0,0,1.26,1.32,0,2.11,0,0.95,0.05,0.05,25.89,75.2,4.42,44.12,0,0.05,0,0,1.63,0.05,0.11,0.05,54.55,49.6,0.42,0.53,19
Amar Rahmanović,0,0.2,0,0.6,0,0,1,0,0,0.6,0,0.6,0,0,11.2,76.79,2,20,0,0,0,0,0,0,0,0,50,55.56,0.8,0.2,5
Metehan Mimaroğlu,0,0.3,36.36,0.9,0,0,0.1,0.1,0,0.1,0,0,0,0,5.9,83.05,2.9,66.67,0,0,0,0,0.4,0.2,0,0,50,34.78,0.2,0.2,10
Cemali Sertel,0,0,30.77,0.22,0,0,1.78,0.33,0,0.94,0,0.67,0.06,0.06,15.33,79.35,1.78,37.93,0,0.06,0,0,0.72,0.17,0.11,0,50,52.04,0.44,0.72,18
Fatih Yiğit Şanlitürk,0,0,100,0.5,0,0,1.17,0.33,0,0.17,0,0.83,0,0,13.17,77.22,2,72.73,0,0,0,0,1,0,0.17,0,0,37.5,0,1.17,6
Colin Kazim-Richards,0,0.18,20,0.29,0,0,0.35,0.06,0,0.12,0,0.06,0.06,0.06,5.88,80,1.59,66.67,0,0,0,0,0.47,0.06,0.06,0,62.5,43.1,0.18,0.59,17
Alexandru Cicâldău,0,0,0,0,0,0,0,0,0,0,0,0,0,0,1,100,0,0,0,0,0,0,0,0,0,0,0,50,1,0,1
Enzo Crivelli,0,0,0,0,0,0,0,0,0,0,0,0,0,0,4,50,1,0,0,0,0,0,0,0,1,0,100,33.33,0,1,1
Torgeir Børven,0,0,0,0,0,0,0,0,0,0,0,0,0,0,4,100,2,0,0,0,0,0,0,0,0,0,0,0,0,0,1
Raymond Owusu,0,0,50,0,0,0,0,0,0,0,0,0,0,0,4,75,3,0,0,0,0,0,0,0,0,0,20,30,1,2,1
Mohammed Kamara,0,0,0,0,0,0,0,0,0,1,0,0,0,0,8,87.5,4,0,0,0,0,0,0,0,1,0,0,0,0,2,1
Salih Kavrazlı,0,0,33.33,0,0,0,0,0,0,1,0,0,0,0,10,80,1,0,0,0,0,0,1,0,0,0,100,40,0,1,1
Poyraz Efe Yildirim,0,0,0,0,0,0,0,0,0,0,0,0,0,0,2,100,0,0,0,0,0,0,0,0,0,0,0,0,0,0,1
Yasir Subaşı,0,0,0,0,0,0,0,0,0,0,0,0,0,0,2,100,2,0,0,0,0,0,0,0,0,0,0,25,1,0,1
Selim Dilli,0,0,0,0,0,0,0,0,0,0,0,0,0,0,0,0,0,0,0,0,0,0,0,0,0,0,0,0,0,0,1
Recep Yemişçi,0,0,0,0,0,0,1,1,0,0,0,0,0,0,24,66.67,1,50,0,0,0,0,2,0,0,0,0,100,0,0,1
Yusuf Saitoğlu,0,0,0,0,0,0,1,1,0,7,0,2,0,0,37,78.38,0,42.86,0,0,0,0,2,0,0,0,100,66.67,2,0,1
Ibrahim Yilmaz Cicek,0,0,0,0,0,0,0,0,0,0,0,0,0,0,2,50,1,0,0,0,0,0,0,0,0,0,0,0,0,0,1
Okan Kocuk,0,0,0,0,0,0,0,0,0,0,0,0,0,0,21.5,51.16,0,25.93,0.5,0,0,0,0.5,0,0,0,0,0,0,0,2
Nika Gagnidze,0,0,100,0,0,0,0,0,0,0,0,0,0,0,6.5,61.54,2,100,0,0,0,0,0,0.5,0.5,0,0,25,0,1.5,2
Vefa Temel,0,0,0,0,0,0,1,0,0,0,0,0.5,0,0,4,87.5,2,100,0,0,0,0,0,0,0,0,0,40,0,0.5,2
Batuhan Arici,0,0,50,0.5,0,0,3,0.5,0,1.5,0,0.5,0,0,20,82.5,1,66.67,0,0,0,0,2,0,0,0,0,63.64,0,0,2
Jeremy Dudziak,0,0,0,0,0,0,0.67,0.67,0,0.33,0,0,0,0,10.67,65.63,1.67,16.67,0,0,0,0,0.67,0,0,0,0,55.56,1,1,3
Berkay Aydogmus,0,0,50,0.67,0,0,1.33,0.33,0,0,0,0.67,0,0,9.33,89.29,1.33,66.67,0,0,0,0,0.67,0,0,0,100,43.75,0.33,1.33,3
Semih Kilicsoy,0,0,0,0.75,0,0,0,0,0,0.25,0,0.25,0,0,4,75,1.25,0,0,0,0,0,0,0,0.25,0,50,8.33,0,1,4
Pêpê,0,0,100,0,0,0,0.33,0.33,0,0,0,0,0,0,12.83,85.71,2,77.78,0,0,0,0,0.67,0,0.33,0,0,27.27,0,0.83,6
Ahmed Musa,0,0.05,54.55,0.1,0,0,0.2,0.15,0,0.05,0,0.2,0.05,0,7.15,72.03,2.1,58.33,0,0,0,0,0.5,0.1,0.05,0,16.67,39.58,0.35,0.3,20
Berat Kalkan,0,0,42.86,0.2,0,0,0.6,0,0,0.2,0,0.1,0,0,3.5,65.71,0.8,0,0,0,0,0,1.1,0,0.1,0,66.67,62.16,1.2,0.7,10
Mahamadou Ba,0.07,0,47.83,0.4,0.07,0,1.87,0.93,0,1.6,0.07,2.93,0.07,0,32.13,83.82,3.47,63.04,0,0.13,0,0,1,0.4,0.27,0,68.18,42.17,1.13,1.47,15
Mehmet Ali Buyuksayar,0,0,57.14,0.43,0,0,0.57,0.43,0,0,0,0.57,0,0,7.57,83.02,2.29,100,0,0,0,0,0.43,0,0,0,0,33.33,0.43,0.29,7
Haris Seferović,0,0.4,0,1.3,0,0,0,0,0,0.3,0,0,0,0,6.6,71.21,1.9,0,0,0.1,0,0,0.3,0,0,0,26.32,29.27,0.7,0.7,10
Fatih Aksoy,0,0.04,57.14,0.33,0,0,1.96,0.74,0.15,2.04,0.04,0.93,0,0,50.07,83.8,5.63,53.23,0,0.15,0,0,1.44,0.11,0.11,0.04,57.14,54.27,0.59,1.3,27
Soner Aydoğdu,0,0,66.67,0.46,0,0,0.54,0.54,0,0.69,0,0.23,0,0.08,22.15,87.5,4.54,64.29,0,0,0,0,0.69,0.08,0.23,0.08,44.44,52.38,0.54,0.54,13
Yunus Malli,0,0.11,0,0.22,0,0,0.56,0.22,0,0,0,0.11,0,0,10,78.89,3.44,25,0,0,0,0,0.78,0,0,0,50,38.46,0.22,0.67,9
Adnan Ugur,0,0,75,0.27,0,0,0.27,0.27,0,0.18,0,0.18,0,0,8,82.95,1.45,66.67,0,0,0,0,0.27,0,0.09,0.09,33.33,43.33,0.18,0.73,11
Yaroslav Rakitskyi,0,0,33.33,0.25,0,0,0.63,0.88,0.13,2.38,0,0.5,0,0,49.38,83.04,4.25,50.75,0,0.13,0,0,0.88,0.25,0.5,0.25,44.44,40.91,0.5,1,8
Nicolò Zaniolo,0.5,0.3,41.18,2.2,0,0,0.5,0.1,0,0.2,0,1.2,0,0,9.9,73.74,3.3,58.33,0,0,0,0,0.5,0.1,0.1,0.1,25,30.86,1.2,2,10
Oussama Targhalline,0,0,100,0,0,0,0,0.67,0.17,0.5,0,0.33,0,0.17,20.83,83.2,5.17,40,0,0,0,0,1.17,0,0.17,0,20,36.36,0.67,1,6
Baran Ali Gezek,0,0,100,0,0,0,0.4,0.4,0,0,0,0.8,0,0,15.4,90.91,2.8,66.67,0,0,0,0,0.2,0.2,0,0,33.33,25,0,0.6,5
Senghor Faustin,0,0,0,0,0,0,0.2,0.8,0,0.6,0,0.2,0,0,11.2,82.14,0.4,20,0,0,0,0,0.4,0.2,0.2,0,25,25,0,0.4,5
Berk Yıldız,0,0,0,0,0,0,0,0.17,0,0.17,0,0.17,0,0,4.5,81.48,1.83,0,0,0,0,0,0,0.17,0,0,25,33.33,0.67,0.67,6
Mahir Emreli,0.17,0.5,38.46,1.5,0.08,0,1.08,0.17,0,0.42,0,0.5,0,0,14.33,79.07,2.58,66.67,0,0,0,0,0.67,0,0.25,0,39.13,34.48,0.25,1.58,12
Adem Ljajić,0,0,14.29,0.33,0,0,0,0.11,0,0,0,0.22,0.11,0.11,7.78,90,3.67,33.33,0,0,0,0,0.44,0,0,0,0,16.67,0.11,0.11,9
Erdem Çetinkaya,0,0.5,100,0.5,0,0,0.5,0,0,0,0,0,0,0,4,37.5,0.5,0,0,0,0,0,1,0,0,0,50,57.14,0.5,1,2
Ali Sühan Demirel,0,0,0,0.13,0,0,0.63,0,0,0.13,0,0,0,0,2.5,80,0.88,0,0,0,0,0,0.25,0,0,0,12.5,37.5,0.38,0.75,8
Pedro Pereira,0,0,42.31,0,0,0,1.42,0.5,0,0.88,0,0.38,0,0.04,27.35,83.4,5.58,42.31,0,0.04,0,0,1.12,0.27,0.12,0,42.86,43.79,0.38,1.15,26
Erol Can Akdag,0,0,0,0.5,0,0,0.25,0.25,0,0.5,0,0.25,0,0,6.75,88.89,1,66.67,0,0,0,0,0.5,0,0,0,33.33,40,0.5,0.5,4
Doğan Can Davas,0.04,0.08,45.45,0.42,0.04,0,0.33,0.25,0,0.21,0.04,0.33,0.08,0.08,6.46,77.42,1.92,36.36,0,0,0,0,0.33,0.13,0.04,0,26.92,34.18,0.29,0.42,24
Doğukan Sinik,0.25,0.42,40.54,1.25,0,0,0.67,0.17,0,0.33,0,1.25,0.08,0.08,13.08,67.52,3.25,41.18,0,0,0,0,0.92,0,0.25,0,50,34.95,0.92,1.67,12
Atiba Hutchinson,0.2,0,50,0.2,0,0,0.2,0.2,0,0.4,0.2,0,0,0,15.6,89.74,2.6,50,0,0,0,0,0.2,0,0,0,66.67,41.67,0.2,0.8,5
Mountassir Lahtimi,0,0,33.33,0.13,0,0,0.5,0,0,0,0,0.13,0,0,10.25,74.39,3.38,50,0,0,0,0,0.5,0,0,0,0,38.89,0.25,0.38,8
Alin Toșca,0,0,0,0,0,0,0.75,0.75,0,2.25,0,0.38,0,0,39.75,87.11,1.38,41.46,0,0.13,0,0,1.38,0,0.13,0,41.67,43.33,0.25,0.63,8
İsmail Çokçalış,0,0,50,0.33,0,0,1.17,0.5,0,1,0,1.33,0,0.33,25.17,90.07,5.17,71.43,0,0.17,0,0,1.67,0,0.17,0,53.85,45.45,0.17,0.5,6
Turgay Gemicibaşi,0,0,66.67,0,0,0,0.83,1,0,1.33,0,2,0,0,17.67,82.08,2.17,40,0,0,0,0,0.83,0,0.33,0,25,28.57,0.5,1.5,6
Federico Macheda,0,0.18,50,0.27,0,0,0.09,0,0,0.09,0,0.18,0,0,6.27,79.71,1.82,0,0,0,0,0,0.73,0,0.09,0,50,38.24,0.55,0.91,11
Okechukwu Azubuike,0,0,0,0,0,0,0,0,0,0,0,0,0,0,1,100,0,100,0,0,0,0,0,0,0,0,0,0,0,1,1
Mehmet Albayrak,0,0,0,0,0,0,0,0,0,0,0,0,0,0,8,75,0,0,0,0,0,0,0,0,0,0,0,0,0,1,1
Beren Kucukbasarik,0,0,0,0,0,0,0,0,0,0,0,0,0,0,1,100,1,0,0,0,0,0,2,0,0,0,0,0,0,0,1
Mauricio Lemos,0,0,0,0,0,0,0.5,0.5,0,1,0,1,0,0,27.5,83.64,0.5,50,0,0,0,0,1,0,0,0,40,33.33,0,0.5,2
Onurhan Babuscu,0,0,0,0,0,0,0,0,0,0,0,0,0,0,7.5,73.33,1.5,0,0,0,0,0,0.5,0,0,0,0,33.33,0.5,0,2
Sinan Osmanoğlu,0,0,0,1,0,0,0.5,0,0.5,2.5,0,0,0,0,30.5,86.89,2.5,100,0,0,0,0,2,0,0.5,0,25,42.86,0.5,1,2
Yunus Emre Mertoğlu,0,0,0,0,0,0,0,0.5,0,1,0,1,0,0,17,76.47,2,100,0,0,0,0,0.5,0,0,0,0,12.5,0.5,2,2
Mert Yilmaz,0,0,50,0,0,0,0.33,0,0,0,0,0.33,0,0,11.67,94.29,1,0,0,0,0,0,1.33,0,0,0,0,55.56,1,0,3
Mirza Cihan,0,0,50,0.2,0,0,0.5,0,0,0,0,0.2,0,0,4.1,65.85,1.4,25,0,0,0,0,0.2,0.1,0,0,30,38.24,0.1,0.1,10
Shoya Nakajima,0,0.07,65,1.27,0,0,0.47,0.07,0,0.07,0,0.4,0.2,0,11.8,77.97,5.33,50,0,0,0,0,0.73,0,0,0.07,0,43.24,0.8,0.2,15
Michael Ologo,0,0,0,0.29,0,0,0.71,0.86,0.29,2.14,0,0.57,0,0,34.14,85.77,1.14,46.88,0,0,0,0,1.29,0.29,0.29,0,40,38.46,0.14,0.71,7
Amar Gerxhaliu,0,0,0,0,0,0,1,0.75,0.25,2.25,0,0.25,0,0,29.25,79.49,0.5,26.32,0,0,0,0,0.75,0.25,0,0,9.09,27.78,0,0.5,4
Kagan Bağış,0,0,25,0,0,0,0.44,0.11,0,0.11,0,0.33,0,0,6.78,83.61,0.89,33.33,0,0,0,0,0.44,0,0,0,42.86,36.36,0,0.11,9
Eden Karzev,0,0.33,0,0.33,0,0,0.33,0.33,0,0,0,0.67,0,0,13,74.36,1.67,20,0,0,0,0,0.33,0,0.33,0,100,42.86,0.33,0.67,3
Tyler Boyd,0,0,0,0,0,0,1,0,0,0,0,1,0,0,5,80,0,0,0,0,0,0,2,0,0,0,0,28.57,1,1,1
Emir Tintis,0,0,0,0,0,0,0,2,0,3,0,1,0,0,46,91.3,2,66.67,0,0,0,0,3,0,0,0,100,66.67,1,0,1
Emre Nefiz,0,0,0,0,0,0,0,0,0,0,0,1,0,0,6,83.33,0,0,0,0,0,0,1,0,1,0,0,33.33,1,0,1
Ferhat Yazgan,0,0,0,0,0,0,0.5,1.5,0,0,0,0,0,0,32,79.69,4,50,0,0,0,0,1,0,0.5,0,50,21.43,0.5,3,2
Berat Eskin,0,0,50,0,0,0,0.5,0,0,0,0,0.5,0,0,4,62.5,0,0,0,0,0,0,0,0,0,0,0,40,0,0,2
Yaw Ackah,0,0,100,0,0,0,0.6,0.47,0,0.53,0,0.47,0,0,16.6,89.56,1.4,75,0,0,0,0,0.6,0.27,0.13,0.07,37.5,44.44,0.13,0.47,15
Jayden Oosterwolde,0,0,0,0,0,0,0.33,0.33,0,0,0,0.67,0,0,17.67,83.02,3,25,0,0,0,0,0.67,0,0,0,33.33,22.22,0,0.33,3
Emre Bilgin,0,0,0,0,0,0,0,0,0,1,0,0,0,0,21,85.71,0.5,64.71,0,0,0,0,1.5,0,0,0,100,100,0,0,2
Batuhan Celik,0,0.33,33.33,0.33,0,0,0.67,0,0,0,0,0,0,0,1.67,40,0,0,0,0,0,0,0.33,0,0,0,0,33.33,0,0.67,3
Yusuf Karagöz,0,0,0,0,0,0,0,0,0,0.6,0,0.2,0,0,31,63.87,0.2,27.4,3,0,0.4,0,2.8,0.4,0.4,0,100,50,0,0,5
Hamza Akman,0,0,50,0,0,0,0,0,0,0,0,0,0,0,12,100,4,0,0,0,0,0,0,0,0,0,0,33.33,0,0,1
Anil Demir,0,0,0,0,0,0,0,0,0,3,0,1,0,0,22,90.91,0,60,5,0,1,0,5,0,0,1,100,50,0,0,1
Doğukan Kaya,0,0,0,0,0,0,0,0,0,0,0,0,0,0,32,56.25,0,33.33,2,0,0,0,2,0,0,0,0,0,0,0,1
Dogukan Saral,0,0,0,0,0,0,0,0,0,0,0,1,0,0,7,71.43,1,0,0,0,0,0,1,0,0,0,0,0,0,0,1
Gunes Guventurk,0,0,0,0,0,0,0,0,0,0,0,2,0,0,1,0,0,0,0,0,0,0,2,0,0,0,0,0,0,0,1
Cenk Gönen,0,0,0,0,0,0,0,0,0,0.2,0.4,0,0,0,22.6,75.22,0,46.94,1.8,0,0,0,1,0.8,0,0,0,100,0.2,0,5
Engin Aksoy,0,0,0,0,0,0,1,0,0,0.5,0,0.5,0,0,16,56.25,1,16.67,0,0,0,0,1,0,0,0,0,20,0,1,2
Alp Arda,0,0,0,0,0,0,0,0.5,0,1,0.5,0,0,0,24.5,63.27,2,50,2.5,0,0,0,2.5,0.5,0,0,100,100,1,0,2
Kristal Abazaj,0,0,50,0.4,0,0,0,0.4,0.2,0,0,0,0,0,6,76.67,1,0,0,0,0,0,0.6,0,0,0.2,0,33.33,0.8,0.8,5
Bálint Szabó,0,0,0,0,0,0,0,0,0,0,0,2,0,0,9,66.67,5,50,0,0,0,0,1,0,0,0,0,16.67,1,1,1
Cagan Kayra Erciyas,0,0,0,0,0,0,0,0,0,3,0,1,0,0,15,53.33,0,33.33,0,0,0,0,4,1,0,0,0,0,0,0,1
Eren Derdiyok,0,0,0,0,0,0,0,0,1,1,0,0,0,0,2,100,1,0,0,0,0,0,1,0,0,0,50,50,0,1,1
Abdullah Dijlan Aydin,0,0,0,0,0,0,0,0,0,0,0,1,0,0,3,0,0,0,0,0,0,0,0,0,0,0,0,0,0,1,1
Hasan Yesilyurt,0,0,0,0,0,0,2,0,0,0,0,0,0,0,3,100,0,100,0,0,0,0,1,0,0,1,0,66.67,0,1,1
Baran Aksaka,0,0,0,0,0,0,0,0,0,0,0,0,0,0,0,0,0,0,0,0,0,0,0,0,0,0,0,0,0,0,1
Şahverdi Çetin,0,0,0,0,0,0,0,0,0,0,0,0,0,0,0,0,0,0,0,0,0,0,0,0,0,0,0,0,0,0,1
Muzaffer Cem Kablan,0,0,0,0,0,0,0,0,0,0,0,0,0,0,4,100,0,100,0,0,0,0,0,0,0,0,0,0,0,0,1
Eslem Öztürk,0,0,0,0,0,0,0,0,0,0,0,0,0,0,1,100,0,0,0,0,0,0,0,0,0,0,0,0,0,0,1
Oguzhan Yilmaz,0,0,0,0,0,0,0,0,0,0,0,0,0,0,3,66.67,0,0,0,0,0,0,0,0,0,0,0,0,0,0,1
Taylan Utku Aydin,0,0,0,0,0,0,0,0,0,1,0,0,0,0,2,100,0,0,0,0,0,0,0,0,0,0,0,0,0,0,1
Ahmet Kağan Malatyalı,0,0,0,0,0,0,0,0,0,0,0,0,0,0,1,100,1,0,0,0,0,0,0,0,0,0,0,0,0,0,1
Mert Can,0,0,0,0,0,0,0,0,0,0,0,0,0,0,5,80,0,100,0,0,0,0,0,0,0,0,0,0,0,0,1
